33.08,33.08,66.86,17.13,30.58
26.23,26.23,58.93,4.65,22.49
20.60,20.60,56.22,0.55,20.76
18.05,18.05,53.36,0.09,19.60
18.98,18.98,52.94,0.53,21.25
18.96,18.96,52.72,0.55,23.48
17.53,17.53,51.36,0.61,23.47
16.53,16.53,49.86,1.34,23.37
16.52,16.52,49.68,1.25,23.70
14.55,14.55,48.62,1.95,21.41
16.44,16.44,53.43,4.06,22.20
17.24,17.24,57.28,1.61,24.86
16.44,16.44,56.55,0.21,23.85
14.89,14.89,54.50,1.06,23.45
16.55,16.55,53.99,0.01,24.64
17.27,17.27,52.32,0.21,24.50
17.11,17.11,52.59,0.17,25.30
16.53,16.53,50.95,1.25,24.98
16.68,16.68,49.29,1.08,24.03
16.27,16.27,48.13,0.62,23.13
14.42,14.42,47.73,1.62,19.38
17.20,17.20,59.17,1.88,26.29
16.26,16.26,56.52,0.39,23.97
14.72,14.72,55.36,0.10,25.08
16.24,16.24,53.68,0.41,24.92
18.22,18.22,53.00,0.02,25.43
19.32,19.32,53.00,0.03,26.64
19.12,19.12,51.37,0.27,25.44
18.74,18.74,49.33,1.34,23.87
17.76,17.76,49.78,3.09,22.32
10.73,10.73,48.47,10.83,17.68
8.66,8.66,59.23,16.52,20.52
4.96,4.96,62.67,9.46,20.60
7.59,7.59,56.84,3.53,20.37
10.83,10.83,53.82,0.42,20.58
15.85,15.85,53.49,0.15,22.30
17.89,17.89,52.34,0.03,22.48
18.94,18.94,52.10,0.07,23.46
18.98,18.98,50.41,0.20,23.71
19.26,19.26,49.76,0.06,24.00
18.15,18.15,47.96,1.67,23.20
15.37,15.37,49.24,2.30,20.46
17.82,17.82,58.09,1.72,26.53
16.69,16.69,56.19,0.35,23.34
15.43,15.43,55.31,0.22,23.59
17.12,17.12,53.73,0.00,22.99
19.01,19.01,53.15,-0.00,23.30
19.52,19.52,52.88,0.00,25.13
19.22,19.22,51.30,0.04,24.33
18.85,18.85,49.29,0.49,23.57
18.96,18.96,49.32,0.31,23.90
16.54,16.54,48.01,0.87,20.74
17.37,17.37,54.80,2.94,24.05
18.02,18.02,57.07,0.84,24.98
17.41,17.41,56.42,0.02,24.38
16.23,16.23,54.23,0.17,23.53
19.63,19.63,53.49,-0.00,24.25
21.30,21.30,52.72,-0.00,24.97
21.49,21.49,51.86,0.00,24.57
20.54,20.54,50.04,0.40,23.59
17.87,17.87,49.92,2.38,21.71
11.08,11.08,48.68,10.42,17.67
7.83,7.83,54.61,13.98,18.05
5.28,5.28,65.87,10.80,20.83
8.90,8.90,58.11,3.76,19.24
13.30,13.30,55.25,0.97,21.08
17.09,17.09,53.21,0.15,21.67
20.76,20.76,51.95,0.39,21.79
21.33,21.33,52.43,1.11,22.90
21.82,21.82,51.34,1.71,22.52
20.99,20.99,49.27,1.79,21.59
20.56,20.56,49.45,1.42,22.26
17.19,17.19,48.18,2.05,19.15
19.62,19.62,55.75,1.12,23.81
19.43,19.43,56.78,0.20,23.61
19.04,19.04,56.46,-0.00,23.74
18.20,18.20,54.22,0.18,22.15
20.80,20.80,53.30,-0.00,22.70
22.15,22.15,52.93,-0.00,23.36
21.57,21.57,51.75,0.05,22.36
21.49,21.49,49.87,0.56,21.98
21.98,21.98,49.67,0.38,22.26
20.39,20.39,47.85,0.69,21.01
18.70,18.70,51.30,2.39,20.19
20.95,20.95,58.29,0.87,25.35
19.85,19.85,56.47,0.21,23.27
18.46,18.46,54.99,0.18,22.43
20.24,20.24,53.32,-0.00,22.10
21.67,21.67,52.59,-0.00,22.49
22.37,22.37,52.55,-0.00,22.63
22.72,22.72,51.29,0.11,22.30
21.95,21.95,48.94,0.38,20.88
21.66,21.66,49.58,0.22,21.22
18.71,18.71,48.06,0.78,18.76
21.02,21.02,56.68,1.39,23.88
19.92,19.92,56.69,0.36,23.09
20.05,20.05,56.22,-0.00,23.53
19.53,19.53,54.13,0.13,22.37
22.85,22.85,53.35,-0.00,23.08
23.93,23.93,52.60,-0.00,23.00
24.05,24.05,51.74,-0.00,22.12
23.02,23.02,49.91,0.44,21.10
20.77,20.77,49.88,1.27,19.87
15.23,15.23,48.27,8.12,16.81
13.18,13.18,55.41,15.63,17.51
7.70,7.70,64.91,11.74,19.52
12.29,12.29,57.53,6.88,18.43
14.64,14.64,54.80,1.61,20.40
19.08,19.08,53.01,0.49,20.30
22.32,22.32,52.67,0.79,21.59
23.62,23.62,52.41,2.50,22.04
24.13,24.13,50.74,2.24,21.56
24.03,24.03,49.34,1.09,20.41
23.34,23.34,48.72,0.73,20.95
20.19,20.19,48.06,0.69,18.09
22.99,22.99,57.21,0.88,23.58
21.94,21.94,56.45,0.07,22.21
21.19,21.19,55.71,-0.00,21.83
21.46,21.46,54.04,0.08,21.19
23.88,23.88,53.34,-0.00,21.43
24.69,24.69,52.55,-0.00,21.99
24.46,24.46,51.12,-0.00,20.80
24.12,24.12,49.80,0.20,19.75
25.37,25.37,49.49,0.04,19.97
23.59,23.59,48.25,0.39,18.94
22.57,22.57,52.22,0.81,18.92
24.44,24.44,57.81,0.25,23.14
23.00,23.00,56.46,0.00,21.28
21.95,21.95,54.33,0.06,19.38
24.19,24.19,53.70,-0.00,19.59
26.97,26.97,52.33,-0.00,20.22
28.80,28.80,52.27,0.70,20.81
29.53,29.53,50.32,4.59,21.93
27.49,27.49,48.75,16.19,23.91
23.34,23.34,49.34,19.94,32.93
14.83,14.83,51.28,30.56,47.39
14.24,14.24,66.67,35.41,77.81
12.57,12.57,59.63,18.13,75.84
15.52,15.52,56.47,20.02,74.55
20.60,20.60,53.82,12.63,73.90
24.83,24.83,53.27,12.67,73.50
27.73,27.73,52.73,13.24,73.02
32.46,32.46,52.40,33.51,72.22
32.08,32.08,49.31,29.92,67.19
31.34,31.34,49.11,17.13,59.86
29.21,29.21,47.98,18.00,51.59
29.76,29.76,52.42,12.33,44.16
28.32,28.32,57.33,12.34,39.24
25.09,25.09,55.98,13.02,38.10
27.19,27.19,54.05,14.91,38.17
32.32,32.32,53.71,14.90,38.35
32.63,32.63,51.85,12.80,36.96
31.77,31.77,51.70,11.82,34.47
30.38,30.38,49.88,18.25,35.19
24.02,24.02,48.76,12.81,37.25
26.73,26.73,53.99,29.64,55.54
28.38,28.38,56.48,27.83,81.27
22.40,22.40,58.00,22.32,78.96
22.67,22.67,56.42,25.32,77.66
22.25,22.25,55.85,20.82,76.59
22.35,22.35,54.38,17.84,76.82
23.71,23.71,53.60,20.73,75.80
26.30,26.30,53.86,15.28,75.85
27.51,27.51,52.39,11.91,75.81
26.40,26.40,52.07,15.42,75.36
28.50,28.50,55.73,33.62,75.10
27.18,27.18,53.16,45.57,72.83
18.63,18.63,63.13,62.49,73.01
15.88,15.88,73.33,80.67,78.36
21.09,21.09,74.52,85.24,77.76
26.43,26.43,73.78,86.99,77.00
30.51,30.51,70.91,84.58,76.54
30.14,30.14,70.71,86.33,76.29
34.17,34.17,70.28,85.38,76.02
39.64,39.64,68.44,77.68,75.79
42.26,42.26,67.83,82.21,75.99
40.92,40.92,67.24,84.02,75.40
38.23,38.23,65.44,74.13,75.35
38.40,38.40,64.06,78.20,75.18
36.80,36.80,65.03,79.51,74.94
36.34,36.34,61.61,76.90,74.57
38.66,38.66,59.58,73.49,74.51
41.10,41.10,60.31,72.16,74.46
42.14,42.14,59.80,74.07,74.44
41.22,41.22,56.83,68.53,74.16
39.88,39.88,58.43,63.67,73.90
38.18,38.18,58.22,64.96,73.80
32.37,32.37,57.26,64.27,73.76
30.63,30.63,57.64,62.49,77.83
30.17,30.17,56.82,68.23,81.52
32.16,32.16,55.52,70.20,83.38
33.40,33.40,53.94,72.78,79.41
35.45,35.45,51.58,73.24,80.91
37.57,37.57,49.10,71.84,79.01
38.24,38.24,48.58,76.65,78.78
37.15,37.15,44.68,76.40,74.22
35.02,35.02,44.08,75.54,74.48
27.88,27.88,48.18,77.45,73.56
18.45,18.45,57.09,78.62,73.09
15.53,15.53,67.99,74.25,73.21
12.91,12.91,76.90,83.73,73.52
19.49,19.49,68.95,78.55,73.33
23.65,23.65,70.53,77.71,73.14
27.83,27.83,70.43,72.96,73.12
30.21,30.21,70.10,80.70,73.24
31.89,31.89,67.57,74.70,73.00
32.02,32.02,68.37,78.98,72.94
30.97,30.97,66.02,78.46,72.74
28.91,28.91,62.98,72.80,72.86
30.80,30.80,63.14,77.42,72.76
30.82,30.82,62.67,79.59,72.69
32.08,32.08,60.61,73.61,72.76
34.07,34.07,59.52,70.07,72.62
33.75,33.75,61.25,77.75,72.39
34.67,34.67,58.03,75.83,72.41
35.45,35.45,56.66,70.10,72.30
35.87,35.87,55.76,75.49,72.24
36.60,36.60,54.33,75.02,72.25
35.70,35.70,51.98,70.70,72.27
34.46,34.46,53.22,71.50,71.80
34.96,34.96,55.34,72.77,71.91
28.78,28.78,54.91,68.59,72.51
24.49,24.49,53.22,65.47,80.88
28.57,28.57,51.55,69.39,77.58
31.46,31.46,50.36,65.47,81.69
33.34,33.34,49.87,60.76,77.59
33.79,33.79,48.64,67.45,81.11
30.31,30.31,45.98,60.72,74.12
28.03,28.03,46.51,62.62,73.38
20.70,20.70,47.47,65.60,72.04
16.34,16.34,61.33,61.06,72.01
16.55,16.55,59.24,63.94,71.54
18.60,18.60,54.22,66.85,71.21
20.64,20.64,51.42,64.32,71.06
23.49,23.49,50.62,66.22,70.70
25.54,25.54,49.68,68.40,70.68
27.84,27.84,48.13,65.53,70.56
29.21,29.21,47.00,67.14,70.59
31.11,31.11,45.99,69.57,70.43
29.43,29.43,44.35,67.06,70.65
27.17,27.17,48.70,62.18,70.48
27.71,27.71,54.69,60.23,71.07
28.75,28.75,53.14,57.47,82.01
28.72,28.72,51.68,55.54,79.52
29.54,29.54,49.67,53.91,83.03
30.82,30.82,48.76,51.98,78.80
33.41,33.41,47.25,50.14,80.86
35.61,35.61,45.56,50.37,81.12
36.06,36.06,42.66,53.47,82.45
36.14,36.14,44.35,55.59,75.06
33.89,33.89,48.83,56.24,82.28
38.27,38.27,60.68,58.81,78.41
37.15,37.15,72.46,76.51,80.40
36.16,36.16,74.77,84.02,81.13
35.14,35.14,73.55,84.47,81.88
35.93,35.93,70.82,82.97,80.70
38.26,38.26,71.66,85.89,80.99
39.70,39.70,69.79,79.09,81.12
39.60,39.60,67.57,77.36,80.46
39.43,39.43,67.51,81.34,80.31
38.24,38.24,64.97,79.17,77.96
39.35,39.35,63.23,74.46,80.86
42.24,42.24,63.25,75.35,76.99
41.45,41.45,63.42,78.94,80.67
40.30,40.30,59.98,74.44,77.39
40.88,40.88,58.10,70.87,80.92
40.58,40.58,59.13,72.36,78.98
41.16,41.16,56.28,69.76,80.52
39.60,39.60,54.48,65.01,75.88
36.85,36.85,56.48,65.29,78.15
34.16,34.16,56.31,58.96,74.78
28.26,28.26,55.85,59.04,78.30
29.19,29.19,64.65,65.66,77.81
27.01,27.01,57.75,66.93,78.25
32.50,32.50,54.62,70.47,76.05
35.46,35.46,51.44,72.40,78.04
38.07,38.07,49.28,71.92,77.07
39.19,39.19,47.84,74.81,78.05
38.92,38.92,46.96,75.61,77.29
36.74,36.74,44.19,75.25,74.12
34.23,34.23,45.18,76.11,76.84
34.11,34.11,51.17,77.80,74.92
39.08,39.08,61.58,76.67,83.67
26.55,26.55,68.25,76.65,81.02
26.10,26.10,76.25,80.18,80.31
28.64,28.64,68.06,77.43,79.36
30.79,30.79,71.38,75.99,77.78
32.95,32.95,70.61,75.26,78.11
35.37,35.37,68.23,77.80,77.05
35.91,35.91,66.84,73.42,77.74
36.12,36.12,66.18,76.05,78.15
37.08,37.08,64.89,73.33,77.43
40.38,40.38,61.91,75.93,77.00
39.37,39.37,64.02,75.38,75.36
36.31,36.31,62.86,73.45,72.84
37.51,37.51,59.75,72.90,74.50
37.87,37.87,59.38,69.84,73.69
39.49,39.49,58.93,72.93,72.75
40.62,40.62,57.17,74.54,71.07
40.32,40.32,56.29,67.83,74.56
38.39,38.39,56.57,72.49,67.56
33.84,33.84,54.71,72.74,75.80
23.69,23.69,51.69,70.18,70.36
18.31,18.31,58.78,69.44,70.49
17.30,17.30,61.59,68.22,81.74
18.91,18.91,54.41,68.04,79.17
23.03,23.03,51.92,61.89,77.59
25.94,25.94,50.94,65.08,77.06
26.72,26.72,49.34,65.94,76.34
29.83,29.83,49.25,60.48,76.16
36.29,36.29,48.80,64.89,76.25
41.78,41.78,48.96,63.90,68.16
30.47,30.47,45.71,59.94,52.54
28.74,28.74,44.54,65.08,46.76
31.16,31.16,54.56,62.52,41.53
31.32,31.32,53.17,60.13,42.61
31.44,31.44,52.26,66.28,37.95
33.44,33.44,51.09,63.90,42.09
33.25,33.25,49.25,61.51,39.42
32.45,32.45,48.52,62.63,40.37
28.88,28.88,46.94,60.86,44.59
26.02,26.02,45.29,59.94,48.88
30.20,30.20,48.02,59.89,66.06
25.99,25.99,45.44,58.79,80.50
24.71,24.71,50.69,57.94,78.65
25.80,25.80,53.45,57.54,77.48
26.48,26.48,52.36,56.82,76.79
26.77,26.77,50.95,56.68,76.69
27.77,27.77,50.46,56.57,76.52
28.59,28.59,48.40,56.23,76.25
30.43,30.43,48.76,55.95,75.97
30.98,30.98,46.34,55.89,75.83
30.56,30.56,45.23,56.34,75.60
26.97,26.97,46.71,56.09,75.81
21.48,21.48,53.53,56.48,76.15
22.87,22.87,66.66,72.05,71.14
23.06,23.06,69.80,80.74,61.29
24.12,24.12,75.71,89.84,72.24
25.14,25.14,69.80,86.86,73.74
29.92,29.92,69.08,85.84,73.41
35.16,35.16,64.65,81.94,72.79
40.37,40.37,52.53,82.05,72.84
43.73,43.73,58.01,83.50,72.46
44.03,44.03,61.84,85.26,72.04
44.21,44.21,59.53,84.08,72.07
43.14,43.14,57.67,82.14,71.78
42.44,42.44,54.69,83.93,71.51
41.90,41.90,53.47,82.72,71.87
41.80,41.80,51.08,84.68,71.39
40.38,40.38,50.10,82.22,71.38
38.42,38.42,48.77,84.20,71.51
37.32,37.32,47.39,82.56,71.07
35.19,35.19,45.84,83.22,71.32
32.78,32.78,44.23,81.43,71.44
26.99,26.99,43.12,82.40,70.95
23.03,23.03,45.56,83.69,77.69
24.47,24.47,52.85,82.52,82.34
26.58,26.58,51.08,82.59,80.61
30.89,30.89,49.38,79.93,79.99
33.49,33.49,47.37,82.12,82.10
34.71,34.71,45.76,80.42,80.82
35.98,35.98,45.39,82.37,79.82
34.49,34.49,43.23,80.04,76.99
29.91,29.91,42.25,81.16,73.87
25.31,25.31,45.24,80.63,72.72
15.65,15.65,57.60,79.99,69.76
17.10,17.10,66.99,78.90,69.61
16.99,16.99,70.42,77.93,69.11
22.79,22.79,74.06,81.97,68.75
27.89,27.89,55.71,76.56,69.50
32.89,32.89,59.53,75.98,69.78
34.77,34.77,64.97,80.32,69.43
34.93,34.93,62.59,81.66,69.75
33.26,33.26,61.97,80.59,69.56
33.13,33.13,57.01,81.25,69.42
32.47,32.47,53.65,75.45,69.74
33.06,33.06,54.88,79.46,69.39
32.14,32.14,53.85,78.32,69.17
33.14,33.14,54.01,79.05,69.80
33.46,33.46,52.88,83.23,69.51
35.56,35.56,50.94,78.56,69.05
35.60,35.60,50.06,81.90,69.23
36.03,36.03,48.12,78.39,69.05
37.18,37.18,47.62,78.49,69.01
37.41,37.41,45.33,80.54,68.87
35.96,35.96,45.24,78.79,68.57
32.02,32.02,44.06,82.81,68.91
24.18,24.18,51.67,79.65,68.63
18.69,18.69,52.54,80.30,68.89
17.08,17.08,51.18,78.63,79.74
22.92,22.92,48.18,79.11,81.70
28.46,28.46,47.55,78.73,80.82
28.76,28.76,46.23,79.96,79.07
30.32,30.32,45.18,78.80,81.65
30.75,30.75,44.30,78.83,80.83
26.16,26.16,44.70,79.11,76.75
17.37,17.37,44.07,77.39,70.12
15.30,15.30,54.23,78.81,70.68
22.34,22.34,62.66,76.63,68.31
27.80,27.80,54.11,79.67,67.31
30.42,30.42,51.09,77.87,67.79
31.37,31.37,48.93,78.75,67.52
32.40,32.40,48.54,79.34,66.76
32.22,32.22,48.37,76.86,67.20
32.42,32.42,47.14,79.46,67.13
31.15,31.15,45.68,76.74,66.39
30.97,30.97,44.90,77.62,66.62
24.71,24.71,43.95,77.39,66.71
19.56,19.56,52.73,65.48,66.16
17.99,17.99,52.53,60.91,67.28
25.05,25.05,51.54,46.00,77.87
23.66,23.66,48.57,49.73,82.46
28.07,28.07,47.85,45.26,79.80
32.42,32.42,46.88,45.41,82.78
35.29,35.29,45.92,44.29,78.90
36.25,36.25,44.66,51.38,80.38
34.45,34.45,43.50,49.42,80.44
30.52,30.52,48.68,56.98,80.51
29.79,29.79,54.92,57.93,81.23
32.58,32.58,66.03,76.92,79.98
28.64,28.64,71.07,82.15,80.05
26.46,26.46,75.17,89.41,80.92
26.01,26.01,70.08,86.52,80.27
29.55,29.55,67.24,83.01,80.29
31.92,31.92,62.06,82.95,80.28
29.64,29.64,51.96,80.68,82.96
29.29,29.29,62.83,83.81,76.99
32.69,32.69,62.37,81.87,80.42
31.10,31.10,62.58,83.95,81.60
31.12,31.12,58.75,82.46,80.29
31.53,31.53,54.38,82.91,80.43
32.19,32.19,54.42,82.45,79.17
31.21,31.21,50.89,83.17,81.13
33.71,33.71,49.07,83.79,80.93
35.09,35.09,46.76,82.34,80.40
35.45,35.45,44.84,83.41,78.83
33.78,33.78,42.79,80.91,80.91
31.05,31.05,43.46,83.48,81.74
24.85,24.85,43.90,81.87,78.97
21.69,21.69,53.62,83.89,78.20
20.16,20.16,61.55,81.82,79.56
20.25,20.25,53.17,82.79,79.56
22.03,22.03,49.98,82.30,79.38
25.30,25.30,48.32,81.60,77.56
28.10,28.10,47.35,82.64,75.62
30.66,30.66,46.90,81.00,79.59
31.29,31.29,44.74,83.37,77.84
31.46,31.46,43.66,81.39,76.07
30.59,30.59,48.07,82.79,75.24
26.45,26.45,60.52,79.63,77.64
34.14,34.14,65.70,77.05,77.47
33.74,33.74,74.20,84.41,75.85
31.54,31.54,65.35,79.60,75.83
32.86,32.86,55.32,75.23,71.11
33.70,33.70,62.64,76.60,74.95
33.85,33.85,65.82,84.24,75.19
33.16,33.16,61.32,81.30,72.71
32.55,32.55,60.61,82.44,76.79
31.92,31.92,56.93,80.31,75.82
31.02,31.02,54.07,79.01,76.55
32.22,32.22,54.15,80.74,74.35
31.44,31.44,54.03,80.80,75.19
31.79,31.79,54.13,81.63,75.77
31.98,31.98,52.05,82.40,74.04
32.95,32.95,50.79,80.97,76.42
33.26,33.26,48.41,80.35,75.21
34.83,34.83,47.44,80.96,76.01
33.95,33.95,45.59,78.11,75.03
31.96,31.96,44.58,82.31,73.78
29.46,29.46,45.42,79.96,76.28
29.48,29.48,47.75,81.59,74.13
27.34,27.34,65.05,81.43,68.54
18.08,18.08,55.95,78.84,68.36
14.50,14.50,52.02,81.26,65.17
18.94,18.94,54.45,78.50,74.98
13.30,13.30,51.29,79.87,77.46
14.06,14.06,49.00,80.31,76.97
16.56,16.56,47.60,80.56,75.52
18.82,18.82,46.77,80.00,75.46
20.95,20.95,46.35,80.54,74.59
21.71,21.71,46.16,78.41,74.67
25.16,25.16,52.81,79.49,74.02
28.80,28.80,53.54,79.54,72.27
29.94,29.94,52.26,78.71,63.43
30.63,30.63,50.75,80.48,55.02
29.88,29.88,49.58,78.10,47.16
29.08,29.08,47.93,80.73,39.74
30.00,30.00,48.08,74.24,40.09
31.23,31.23,46.16,66.06,43.11
33.79,33.79,45.15,62.16,51.76
30.36,30.36,43.85,64.85,56.79
23.19,23.19,45.64,61.62,59.21
24.50,24.50,55.80,59.78,65.88
22.37,22.37,55.02,60.25,80.81
18.31,18.31,52.74,57.43,79.23
18.53,18.53,50.70,58.66,77.50
20.60,20.60,50.05,56.99,76.69
23.08,23.08,49.54,59.84,77.08
24.34,24.34,48.29,56.39,76.41
24.22,24.22,47.03,60.59,76.67
22.31,22.31,48.82,52.72,76.85
16.73,16.73,53.63,56.64,76.49
13.24,13.24,62.61,64.98,77.03
18.92,18.92,70.48,76.78,79.12
19.99,19.99,72.30,81.34,78.53
23.14,23.14,71.65,86.24,78.72
26.91,26.91,69.18,82.63,79.44
33.01,33.01,69.85,84.39,76.44
30.86,30.86,68.42,82.18,76.16
28.68,28.68,66.38,76.65,74.15
29.11,29.11,66.20,81.09,73.08
28.78,28.78,64.86,79.61,73.43
30.99,30.99,62.47,73.49,73.53
34.32,34.32,61.39,76.96,72.92
36.28,36.28,60.83,76.20,72.85
36.31,36.31,58.90,75.40,72.57
38.74,38.74,56.86,70.37,72.24
39.61,39.61,57.87,72.40,72.28
39.80,39.80,56.39,71.56,72.14
40.11,40.11,53.01,64.55,72.17
38.49,38.49,53.41,64.09,71.97
36.01,36.01,52.56,60.31,71.78
29.93,29.93,52.80,58.35,71.96
30.90,30.90,55.39,64.66,75.35
30.57,30.57,53.10,65.55,80.31
30.91,30.91,52.77,68.67,84.89
31.37,31.37,50.03,72.25,79.20
33.91,33.91,48.56,72.21,80.92
36.13,36.13,46.24,72.10,77.90
37.45,37.45,44.72,73.77,77.77
36.01,36.01,42.63,75.33,80.91
33.33,33.33,42.87,74.71,76.54
27.48,27.48,47.26,74.83,72.24
21.97,21.97,57.85,76.01,71.77
16.61,16.61,68.52,75.63,70.90
17.34,17.34,74.38,81.31,71.61
23.24,23.24,67.35,78.44,71.92
28.90,28.90,71.28,74.78,71.38
31.87,31.87,70.03,73.11,71.49
33.51,33.51,68.61,79.59,70.59
34.57,34.57,67.05,72.89,70.28
34.33,34.33,67.80,78.31,70.30
35.23,35.23,64.23,74.23,70.23
33.94,33.94,61.48,74.32,70.72
34.28,34.28,61.78,74.74,70.52
34.16,34.16,62.41,77.38,70.66
35.19,35.19,59.92,73.09,70.00
35.52,35.52,59.00,68.83,70.09
35.22,35.22,60.21,76.08,69.67
35.79,35.79,56.80,74.34,70.06
35.55,35.55,55.40,65.75,69.81
35.57,35.57,54.84,72.31,69.96
35.79,35.79,54.20,73.16,69.67
33.78,33.78,51.02,69.68,69.49
33.02,33.02,52.59,68.00,69.75
33.93,33.93,53.86,70.38,68.74
30.14,30.14,52.85,67.22,74.90
29.58,29.58,51.12,60.93,79.43
31.66,31.66,49.37,67.70,80.38
34.36,34.36,48.26,62.42,80.12
35.30,35.30,46.70,62.06,79.64
34.55,34.55,45.20,64.91,77.97
30.61,30.61,44.24,61.76,78.70
25.74,25.74,44.84,61.31,76.04
15.58,15.58,48.28,65.62,71.98
14.23,14.23,62.15,58.75,69.63
15.67,15.67,57.41,59.59,69.33
17.16,17.16,52.75,66.88,68.83
20.01,20.01,49.89,61.47,68.61
22.62,22.62,49.57,63.16,68.57
24.61,24.61,48.21,66.78,68.12
27.68,27.68,46.91,65.63,68.15
29.21,29.21,45.48,63.03,68.26
31.28,31.28,44.15,67.24,68.00
28.11,28.11,43.05,67.11,67.49
26.72,26.72,47.42,63.08,67.52
28.08,28.08,52.72,65.04,70.38
27.64,27.64,51.74,64.14,84.23
28.25,28.25,49.08,58.17,78.34
30.38,30.38,47.97,58.10,81.47
32.94,32.94,46.92,57.02,77.93
34.87,34.87,45.83,56.15,79.94
35.79,35.79,43.56,55.51,80.78
36.94,36.94,41.34,55.83,80.84
37.07,37.07,44.07,55.91,77.68
36.31,36.31,47.45,52.86,81.40
39.96,39.96,62.89,63.27,76.81
36.56,36.56,72.49,77.68,80.53
37.30,37.30,74.38,85.02,78.99
37.70,37.70,70.94,83.93,77.11
38.23,38.23,69.87,82.90,78.71
38.97,38.97,69.70,83.62,79.60
38.56,38.56,67.50,80.23,81.17
37.82,37.82,66.07,76.67,78.51
37.35,37.35,66.52,80.21,80.65
36.76,36.76,64.88,79.60,76.61
39.16,39.16,62.16,74.17,79.81
41.43,41.43,62.60,76.25,75.95
40.97,40.97,61.99,76.76,80.22
40.24,40.24,57.74,73.42,74.20
40.65,40.65,57.67,71.50,78.87
39.78,39.78,57.62,70.77,78.18
40.75,40.75,55.69,68.31,80.38
39.23,39.23,53.02,63.15,76.07
37.60,37.60,54.83,64.51,77.63
32.78,32.78,53.84,54.79,77.56
25.88,25.88,53.99,60.88,77.91
25.86,25.86,65.00,64.75,77.95
25.16,25.16,56.08,65.11,73.02
31.29,31.29,52.51,70.26,78.22
34.01,34.01,50.18,73.04,75.14
35.86,35.86,47.67,71.79,79.57
37.97,37.97,46.96,73.54,77.59
37.67,37.67,45.36,75.97,79.56
36.46,36.46,43.11,75.38,74.03
35.14,35.14,44.04,75.21,78.90
30.20,30.20,52.91,75.57,74.64
32.42,32.42,58.23,76.20,77.84
36.78,36.78,72.88,77.71,82.92
27.35,27.35,74.69,77.91,80.85
27.24,27.24,67.37,78.20,79.76
29.28,29.28,71.09,74.60,78.96
32.25,32.25,69.06,71.71,77.97
34.24,34.24,66.50,75.32,79.36
35.85,35.85,66.75,73.13,78.26
36.34,36.34,66.77,76.60,79.14
37.27,37.27,64.62,70.73,78.26
43.47,43.47,60.37,75.38,75.95
39.43,39.43,63.05,75.17,76.68
38.03,38.03,60.60,72.24,71.09
39.64,39.64,58.03,73.29,77.03
39.71,39.71,59.00,69.68,74.62
40.51,40.51,59.42,74.82,75.51
41.26,41.26,56.50,71.04,69.93
41.09,41.09,55.74,69.36,74.74
39.62,39.62,56.09,72.74,68.41
35.52,35.52,53.39,69.81,75.95
27.05,27.05,51.59,71.22,67.92
21.55,21.55,61.80,67.97,79.03
19.58,19.58,60.52,68.16,79.55
23.30,23.30,54.29,67.61,78.03
26.38,26.38,51.71,60.81,76.76
28.90,28.90,50.45,64.77,76.34
30.82,30.82,49.19,65.60,75.77
35.01,35.01,48.90,61.59,75.59
39.09,39.09,48.92,64.08,68.40
34.10,34.10,45.50,65.39,54.41
31.72,31.72,45.01,59.61,45.37
32.21,32.21,46.43,64.22,40.83
33.78,33.78,53.78,62.96,45.34
33.51,33.51,52.18,60.01,40.44
34.29,34.29,51.46,64.00,41.33
36.11,36.11,49.72,66.12,41.74
36.67,36.67,48.42,63.26,42.53
34.53,34.53,47.57,65.44,43.98
29.85,29.85,46.85,65.36,50.91
24.60,24.60,45.07,60.94,49.85
25.88,25.88,49.40,60.95,78.60
23.53,23.53,45.60,60.01,80.82
25.23,25.23,51.25,59.95,79.10
25.19,25.19,52.18,60.19,78.01
26.74,26.74,52.23,60.07,77.59
27.64,27.64,50.07,59.79,77.62
28.76,28.76,49.12,59.47,77.34
29.41,29.41,47.97,58.97,76.92
29.89,29.89,46.42,58.07,76.76
30.51,30.51,44.96,58.03,76.77
29.87,29.87,44.54,57.99,76.64
24.78,24.78,46.90,57.32,76.72
22.56,22.56,58.73,59.15,76.29
22.32,22.32,67.78,76.47,74.07
22.82,22.82,69.66,81.03,72.01
27.92,27.92,72.95,88.61,71.19
33.08,33.08,69.31,87.63,72.13
36.89,36.89,68.20,85.02,71.99
36.52,36.52,61.11,80.76,72.13
38.27,38.27,50.30,82.60,72.03
39.70,39.70,59.95,83.23,71.48
41.36,41.36,61.96,84.47,71.47
42.43,42.43,58.64,81.79,70.92
41.11,41.11,59.01,83.59,71.07
41.28,41.28,53.98,82.01,71.26
40.50,40.50,53.88,83.55,70.68
40.42,40.42,51.73,82.23,70.84
37.94,37.94,50.55,83.41,70.97
37.46,37.46,49.13,83.30,70.41
36.33,36.33,47.12,82.68,70.73
35.54,35.54,45.40,82.57,70.47
31.27,31.27,44.79,80.39,70.10
24.10,24.10,43.22,83.41,70.70
20.41,20.41,46.76,81.63,75.26
23.59,23.59,52.13,83.01,81.36
27.91,27.91,50.41,79.76,81.74
29.38,29.38,48.48,81.16,82.85
30.93,30.93,46.17,79.94,79.37
33.54,33.54,45.67,80.66,78.78
35.01,35.01,44.75,81.05,81.17
34.87,34.87,43.20,79.60,76.17
30.11,30.11,42.79,81.20,72.84
25.40,25.40,45.94,79.07,69.85
16.81,16.81,60.17,79.90,69.12
18.25,18.25,66.39,74.77,69.43
19.82,19.82,73.00,79.16,67.58
26.22,26.22,71.01,80.72,68.53
30.03,30.03,57.38,76.32,68.80
33.09,33.09,61.97,73.62,68.75
35.18,35.18,66.10,81.57,69.06
36.06,36.06,60.48,81.17,68.97
34.74,34.74,58.25,78.79,68.65
35.01,35.01,57.31,81.17,68.98
34.26,34.26,51.42,74.84,68.50
35.32,35.32,56.70,78.86,68.97
34.74,34.74,54.19,76.05,69.03
36.30,36.30,53.95,79.61,68.54
37.08,37.08,52.54,81.07,68.85
38.30,38.30,50.55,78.36,68.79
37.26,37.26,49.92,81.23,68.16
38.55,38.55,48.36,77.69,68.52
38.42,38.42,47.40,77.11,68.37
37.75,37.75,45.35,79.89,67.96
36.66,36.66,44.92,79.64,68.01
36.00,36.00,44.31,79.93,67.87
34.28,34.28,53.29,81.25,67.50
28.84,28.84,52.41,78.32,68.08
25.44,25.44,51.69,79.09,67.64
23.51,23.51,49.14,78.24,76.15
22.45,22.45,48.14,77.57,79.11
24.80,24.80,47.32,79.76,79.46
25.50,25.50,46.19,76.75,76.14
24.55,24.55,45.02,79.98,79.38
22.57,22.57,45.86,76.39,77.65
15.80,15.80,45.73,77.57,74.99
10.40,10.40,56.40,77.10,71.47
17.00,17.00,61.93,76.29,67.52
25.41,25.41,53.82,79.18,67.47
28.84,28.84,50.38,77.47,67.34
30.44,30.44,49.51,78.22,66.34
31.49,31.49,48.70,78.10,66.69
31.67,31.67,49.00,77.77,66.65
32.09,32.09,47.19,76.88,65.99
30.67,30.67,44.99,78.13,66.18
30.88,30.88,44.44,76.99,66.25
24.39,24.39,43.44,77.60,65.61
21.95,21.95,53.70,77.62,66.34
21.23,21.23,52.14,75.87,69.31
24.01,24.01,51.23,77.04,81.83
27.40,27.40,49.02,69.21,80.24
27.73,27.73,47.64,60.96,80.88
28.63,28.63,47.54,55.92,79.44
30.55,30.55,45.61,46.67,79.85
32.00,32.00,43.88,51.74,79.77
31.76,31.76,43.89,47.71,79.48
28.38,28.38,47.02,59.38,80.85
30.19,30.19,57.78,60.71,77.50
32.70,32.70,66.42,77.38,78.96
28.35,28.35,69.72,84.46,80.56
29.68,29.68,74.51,89.75,80.22
29.96,29.96,67.40,84.77,80.08
30.36,30.36,67.07,84.82,75.67
35.24,35.24,58.19,81.81,79.49
36.48,36.48,53.12,82.41,80.45
33.26,33.26,61.08,81.96,79.30
35.03,35.03,62.03,83.62,77.28
36.44,36.44,60.80,84.07,78.25
36.35,36.35,56.34,82.22,81.06
34.80,34.80,53.24,83.27,78.77
36.11,36.11,52.95,81.69,76.65
35.79,35.79,50.38,84.34,77.70
36.01,36.01,47.85,82.36,79.08
37.79,37.79,46.45,83.97,78.37
38.14,38.14,44.17,81.44,77.80
35.09,35.09,43.01,82.85,78.65
31.48,31.48,44.57,82.67,77.69
26.87,26.87,45.11,82.81,79.87
26.15,26.15,56.28,83.45,77.91
24.71,24.71,60.88,81.79,76.92
25.48,25.48,53.38,83.25,80.35
30.46,30.46,50.25,81.15,77.88
33.05,33.05,49.01,82.72,79.49
35.27,35.27,46.98,80.51,77.91
36.37,36.37,46.23,83.00,78.55
36.68,36.68,44.33,81.76,79.36
36.59,36.59,43.42,82.65,75.86
35.24,35.24,48.15,81.58,78.16
32.99,32.99,61.89,79.54,78.37
41.33,41.33,64.68,76.80,76.17
39.45,39.45,76.26,84.41,77.31
38.70,38.70,66.15,78.33,77.79
39.80,39.80,58.32,75.68,76.37
39.66,39.66,64.62,77.96,76.98
39.38,39.38,63.88,82.07,74.38
38.57,38.57,63.11,83.20,75.36
37.51,37.51,57.95,80.26,75.81
35.78,35.78,56.65,79.50,74.54
31.51,31.51,54.39,78.32,74.71
30.92,30.92,54.85,78.41,73.96
29.63,29.63,55.06,80.99,73.80
32.49,32.49,55.06,78.57,80.26
21.41,21.41,49.93,82.91,80.01
21.68,21.68,48.42,78.69,78.93
24.01,24.01,46.50,80.05,77.91
26.13,26.13,47.05,74.38,77.93
28.09,28.09,45.58,69.63,77.50
26.08,26.08,44.58,67.96,76.31
22.09,22.09,44.84,67.37,76.46
22.97,22.97,50.27,67.65,77.12
24.39,24.39,64.60,67.45,75.73
25.33,25.33,55.54,66.76,67.68
32.30,32.30,51.53,66.46,63.79
36.81,36.81,49.61,66.31,64.12
38.21,38.21,48.90,64.73,63.29
39.72,39.72,48.53,67.59,62.90
40.84,40.84,47.37,63.14,62.21
43.46,43.46,44.89,65.30,61.22
42.09,42.09,45.10,61.42,56.20
35.84,35.84,52.40,65.07,48.75
27.82,27.82,60.79,68.69,53.68
21.63,21.63,66.60,80.48,60.25
26.46,26.46,72.08,87.79,82.16
29.67,29.67,71.20,87.51,80.08
33.68,33.68,68.48,85.68,78.47
32.72,32.72,67.32,83.63,77.83
31.17,31.17,55.54,81.36,77.07
31.66,31.66,56.13,82.04,77.14
34.02,34.02,63.19,84.30,76.51
35.00,35.00,61.62,79.80,76.61
41.04,41.04,57.32,68.87,76.30
43.62,43.62,55.17,64.00,71.06
35.67,35.67,53.55,61.77,55.98
34.45,34.45,54.48,59.98,50.22
34.68,34.68,54.28,60.66,50.71
33.74,33.74,51.04,59.72,52.13
33.45,33.45,49.47,62.03,52.25
31.90,31.90,47.89,60.60,51.18
29.58,29.58,45.26,56.94,55.83
26.60,26.60,45.97,53.21,56.36
23.79,23.79,51.71,59.74,59.59
25.01,25.01,64.42,67.29,83.83
21.63,21.63,72.55,79.40,83.84
23.61,23.61,68.41,77.36,82.68
28.86,28.86,67.92,75.59,81.46
29.77,29.77,67.98,73.88,80.15
27.47,27.47,66.43,72.42,80.95
29.21,29.21,64.00,64.93,82.29
32.11,32.11,63.23,64.52,79.76
36.21,36.21,53.10,64.20,82.45
33.79,33.79,55.83,65.61,81.24
32.64,32.64,60.15,70.72,80.88
32.97,32.97,58.20,71.80,79.94
32.28,32.28,55.23,71.86,79.58
28.68,28.68,52.19,70.87,78.82
27.93,27.93,48.69,65.31,79.44
31.54,31.54,54.35,65.99,81.88
27.86,27.86,49.38,69.70,81.04
30.35,30.35,46.26,70.02,82.63
29.47,29.47,45.16,70.43,82.39
27.29,27.29,43.49,69.43,81.81
25.67,25.67,42.07,68.36,80.39
27.59,27.59,50.46,64.10,78.57
26.49,26.49,50.55,61.76,79.53
28.44,28.44,49.58,66.12,79.48
28.25,28.25,47.60,68.50,80.93
28.71,28.71,46.53,68.81,82.01
29.24,29.24,45.34,67.73,81.31
30.32,30.32,43.67,64.94,82.14
29.61,29.61,42.42,65.92,81.77
28.50,28.50,42.47,64.78,80.81
24.91,24.91,43.10,65.24,80.39
27.08,27.08,52.90,64.05,80.01
25.40,25.40,61.37,65.20,79.73
24.97,24.97,52.52,64.09,80.59
25.24,25.24,48.94,65.55,79.99
26.33,26.33,47.21,66.59,80.64
28.06,28.06,46.44,68.11,81.08
28.34,28.34,46.33,67.76,80.58
28.27,28.27,44.26,66.89,79.69
26.96,26.96,43.00,67.24,80.35
27.38,27.38,42.02,67.88,79.24
26.60,26.60,42.03,67.18,78.75
31.13,31.13,51.53,66.61,78.36
30.33,30.33,50.43,66.25,78.76
31.38,31.38,50.65,67.13,78.99
29.86,29.86,48.07,65.60,78.28
30.64,30.64,46.96,65.33,78.17
31.41,31.41,46.72,65.70,78.31
31.71,31.71,44.90,66.81,78.66
31.19,31.19,43.25,64.78,78.75
31.84,31.84,42.93,63.96,77.53
30.98,30.98,41.90,64.30,76.37
33.53,33.53,46.33,65.69,76.67
38.00,38.00,51.85,65.48,76.22
37.00,37.00,50.39,64.06,75.83
36.33,36.33,48.09,64.05,76.64
36.87,36.87,46.76,64.64,77.06
37.61,37.61,45.40,63.23,78.55
38.79,38.79,44.68,62.98,77.64
37.64,37.64,42.59,64.12,76.29
34.54,34.54,42.62,63.44,74.64
30.23,30.23,43.48,63.19,75.33
28.32,28.32,48.30,62.49,74.91
33.30,33.30,63.65,61.78,80.43
28.23,28.23,55.35,62.18,81.08
28.95,28.95,51.30,61.49,79.43
29.62,29.62,47.68,62.02,78.54
32.78,32.78,46.49,62.20,78.07
35.10,35.10,45.70,61.37,78.31
35.03,35.03,43.96,58.18,77.81
35.56,35.56,43.06,58.28,76.94
40.22,40.22,42.74,59.31,76.63
47.92,47.92,46.34,60.14,73.55
40.42,40.42,48.87,60.79,58.16
37.42,37.42,51.87,61.03,48.55
37.10,37.10,51.63,59.40,44.31
36.15,36.15,49.47,53.22,41.00
35.41,35.41,49.09,41.39,33.83
36.16,36.16,47.06,30.04,31.00
38.15,38.15,46.76,19.96,35.96
37.14,37.14,44.68,21.90,41.29
32.87,32.87,43.30,29.49,44.69
25.64,25.64,44.11,42.89,48.35
24.50,24.50,51.04,51.68,71.57
28.83,28.83,63.44,74.92,83.99
25.38,25.38,72.35,82.27,81.17
25.01,25.01,67.19,77.35,81.35
26.27,26.27,67.29,74.11,80.17
28.74,28.74,68.47,74.89,81.32
29.89,29.89,65.98,73.87,81.10
29.69,29.69,63.98,66.45,80.70
29.10,29.10,62.41,64.63,79.60
29.08,29.08,51.02,65.40,81.13
28.51,28.51,56.92,66.25,79.94
27.82,27.82,59.01,69.51,79.84
27.85,27.85,57.71,71.23,80.82
28.51,28.51,55.31,72.28,79.80
28.75,28.75,52.28,67.86,80.69
29.84,29.84,48.25,65.74,79.06
29.36,29.36,47.88,66.24,81.00
29.48,29.48,49.06,69.26,80.25
27.67,27.67,47.45,71.22,79.93
26.05,26.05,47.23,71.40,78.44
24.53,24.53,44.52,70.43,79.72
25.35,25.35,46.55,68.54,79.36
24.75,24.75,63.43,62.63,79.52
22.99,22.99,54.53,62.55,81.34
22.79,22.79,50.55,67.49,78.92
24.12,24.12,48.23,67.99,79.52
24.61,24.61,47.08,66.40,79.36
24.70,24.70,46.61,63.35,79.16
24.76,24.76,45.33,62.81,80.44
24.03,24.03,43.57,66.88,79.79
23.95,23.95,43.96,66.38,79.87
22.73,22.73,46.39,66.53,79.41
28.92,28.92,56.67,67.35,79.68
32.30,32.30,71.15,81.61,79.91
28.71,28.71,68.24,78.90,80.31
27.37,27.37,64.46,74.10,77.08
25.84,25.84,67.07,69.97,80.24
25.73,25.73,63.12,73.95,81.65
25.02,25.02,66.14,71.50,79.69
24.27,24.27,64.24,73.60,78.22
23.56,23.56,58.74,69.22,78.47
22.16,22.16,59.62,73.17,79.60
20.91,20.91,53.01,71.46,78.72
26.60,26.60,57.96,71.44,78.19
26.18,26.18,54.91,69.66,77.06
25.63,25.63,58.46,70.66,78.93
25.96,25.96,53.45,69.12,77.11
25.12,25.12,49.83,68.01,78.05
26.29,26.29,49.02,67.59,75.86
26.17,26.17,52.32,66.47,77.19
24.33,24.33,49.83,68.28,77.42
24.60,24.60,46.58,68.19,76.41
23.11,23.11,51.65,69.26,76.68
25.08,25.08,60.91,65.84,74.51
25.98,25.98,59.09,69.21,76.00
34.14,34.14,53.32,63.45,76.07
42.24,42.24,56.62,68.85,78.72
38.07,38.07,52.12,67.72,81.75
36.85,36.85,51.58,65.41,78.43
36.55,36.55,50.18,66.64,78.30
36.50,36.50,49.08,66.05,77.72
39.36,39.36,48.84,64.38,77.14
41.31,41.31,47.81,65.61,76.52
42.68,42.68,49.52,65.88,76.70
45.68,45.68,54.75,65.45,75.94
38.11,38.11,52.53,63.39,62.56
29.34,29.34,51.00,66.09,48.16
30.90,30.90,49.75,65.06,48.31
32.11,32.11,49.09,65.38,47.78
36.28,36.28,47.84,64.25,52.16
29.45,29.45,47.42,62.30,49.66
25.83,25.83,45.10,63.31,50.90
21.65,21.65,45.25,59.18,54.49
31.30,31.30,48.76,61.77,66.89
26.35,26.35,53.28,57.32,80.64
23.75,23.75,52.99,62.69,78.78
23.19,23.19,51.81,57.14,77.59
23.91,23.91,50.50,61.36,76.87
26.12,26.12,49.18,57.69,76.70
27.68,27.68,48.47,59.77,76.43
29.94,29.94,46.85,58.15,76.18
30.58,30.58,45.16,60.91,76.20
29.72,29.72,44.54,56.47,76.19
26.24,26.24,49.79,57.43,76.00
22.37,22.37,57.69,58.27,77.32
19.42,19.42,66.00,70.08,81.14
22.10,22.10,67.87,81.41,81.77
24.00,24.00,69.75,86.09,79.56
26.98,26.98,62.55,80.84,80.97
29.30,29.30,65.23,83.74,80.74
31.35,31.35,63.85,82.32,79.11
33.02,33.02,61.36,75.67,81.55
33.74,33.74,59.80,78.41,80.19
34.60,34.60,60.15,80.09,80.36
34.48,34.48,58.83,74.39,78.86
41.03,41.03,58.04,72.78,79.88
40.67,40.67,59.68,76.52,79.86
41.10,41.10,58.16,74.25,80.69
40.01,40.01,54.46,70.34,79.24
39.79,39.79,55.37,72.37,80.69
40.15,40.15,53.18,69.17,79.01
38.76,38.76,50.05,65.73,80.66
38.23,38.23,51.06,61.94,78.80
37.81,37.81,52.03,61.55,80.11
35.75,35.75,50.47,55.24,79.64
38.84,38.84,51.33,63.25,78.90
42.66,42.66,50.67,63.86,80.47
42.28,42.28,49.22,66.77,80.22
41.37,41.37,47.51,70.03,77.40
41.34,41.34,45.45,72.53,78.51
40.68,40.68,43.57,71.79,81.00
40.90,40.90,42.73,72.91,77.43
39.34,39.34,41.52,74.78,80.57
35.91,35.91,41.01,75.41,77.56
31.51,31.51,43.96,74.99,82.40
34.10,34.10,57.25,75.55,77.98
33.58,33.58,64.04,76.17,82.99
30.19,30.19,55.27,75.54,81.08
32.38,32.38,51.36,74.86,80.72
34.40,34.40,48.39,75.12,79.43
37.38,37.38,47.08,76.26,78.28
38.76,38.76,45.32,75.04,79.81
39.73,39.73,44.02,74.97,78.74
39.90,39.90,42.39,74.69,78.09
40.03,40.03,42.04,75.78,77.49
39.56,39.56,41.30,74.44,79.26
41.30,41.30,46.56,73.42,78.69
40.81,40.81,51.22,74.37,77.53
35.39,35.39,51.00,74.20,72.78
38.26,38.26,50.98,72.39,77.09
37.62,37.62,48.07,72.38,77.49
38.13,38.13,46.57,72.90,76.11
39.07,39.07,45.11,70.58,75.23
38.93,38.93,43.68,70.31,74.75
38.57,38.57,42.04,68.89,74.15
38.40,38.40,42.51,70.04,73.85
40.03,40.03,42.38,68.34,72.57
43.14,43.14,52.39,66.35,64.50
41.33,41.33,50.78,66.73,56.26
41.30,41.30,50.00,66.22,46.02
40.60,40.60,47.48,63.83,42.49
40.66,40.66,45.76,62.77,38.28
41.20,41.20,44.66,60.98,43.96
37.77,37.77,43.79,60.28,45.08
32.03,32.03,43.59,57.70,46.94
26.17,26.17,46.69,52.17,50.45
19.99,19.99,52.76,57.16,78.77
17.87,17.87,60.93,61.10,77.69
22.70,22.70,66.04,76.59,76.39
22.35,22.35,65.47,79.80,76.22
27.03,27.03,64.95,81.43,76.41
30.56,30.56,61.98,78.75,76.02
31.44,31.44,62.32,81.39,75.37
35.24,35.24,61.32,80.37,75.36
37.22,37.22,59.60,72.07,75.45
39.04,39.04,59.51,76.82,74.91
41.55,41.55,58.16,78.82,75.42
42.18,42.18,56.77,70.05,75.14
37.22,37.22,56.34,72.74,69.58
30.54,30.54,56.11,74.28,61.83
31.26,31.26,53.85,71.80,68.81
31.23,31.23,52.31,67.93,75.55
33.09,33.09,52.07,66.80,74.66
34.04,34.04,50.61,70.14,72.65
34.32,34.32,48.01,64.69,72.73
32.32,32.32,46.93,62.34,71.58
30.76,30.76,46.79,62.32,72.16
25.36,25.36,47.23,55.93,73.41
24.68,24.68,55.04,66.92,78.45
23.73,23.73,68.07,79.58,77.56
26.63,26.63,62.47,76.97,76.91
24.48,24.48,69.20,85.37,76.27
24.57,24.57,63.63,84.47,77.58
25.99,25.99,65.77,86.29,76.97
28.57,28.57,61.94,84.60,76.28
28.96,28.96,59.39,82.11,76.59
28.35,28.35,60.52,84.20,78.00
28.35,28.35,57.53,83.10,77.64
28.72,28.72,59.06,81.12,76.26
33.87,33.87,56.32,81.50,76.13
33.45,33.45,56.51,80.33,75.88
33.66,33.66,53.80,77.95,77.39
34.89,34.89,51.44,78.58,77.64
36.19,36.19,51.23,78.56,77.12
37.74,37.74,48.20,76.52,77.89
37.57,37.57,47.15,78.45,75.96
35.30,35.30,45.21,77.01,75.72
32.08,32.08,45.47,77.40,76.75
25.72,25.72,46.88,78.04,77.85
25.82,25.82,59.31,77.39,78.05
24.02,24.02,59.44,75.96,76.78
27.90,27.90,52.93,78.22,77.07
31.10,31.10,49.91,76.19,75.84
33.08,33.08,48.44,76.82,76.06
35.04,35.04,46.71,76.69,77.34
36.40,36.40,45.31,75.43,78.09
36.48,36.48,43.42,74.27,77.28
36.74,36.74,42.40,76.14,76.51
35.83,35.83,40.48,75.33,76.36
38.18,38.18,43.25,74.91,75.93
44.70,44.70,50.92,75.35,75.91
43.40,43.40,49.32,73.75,75.41
42.75,42.75,47.31,73.13,75.51
41.83,41.83,45.56,74.13,74.62
40.76,40.76,44.72,73.98,75.03
40.46,40.46,44.63,72.70,74.74
36.63,36.63,44.54,73.37,72.92
30.34,30.34,44.44,72.09,75.03
34.85,34.85,55.90,70.93,77.37
40.28,40.28,52.96,71.60,81.10
38.07,38.07,52.35,70.95,78.86
36.81,36.81,51.58,69.20,78.09
37.38,37.38,50.94,70.42,77.98
38.51,38.51,48.86,69.19,77.87
39.88,39.88,47.62,67.62,76.19
42.31,42.31,45.86,68.58,76.86
44.69,44.69,44.30,67.80,76.53
45.77,45.77,45.98,66.45,76.66
39.20,39.20,53.46,67.02,70.59
26.66,26.66,45.99,65.65,58.01
19.16,19.16,52.07,63.62,54.14
21.13,21.13,63.31,64.04,55.35
25.31,25.31,54.22,65.56,56.59
29.53,29.53,51.15,65.43,56.21
31.77,31.77,48.78,65.00,53.92
32.51,32.51,47.85,65.19,49.98
30.15,30.15,47.44,63.65,48.13
26.97,26.97,46.31,63.20,52.64
27.68,27.68,46.27,63.60,58.18
29.75,29.75,47.98,64.15,79.43
26.62,26.62,47.18,63.82,77.97
25.31,25.31,53.15,64.67,76.66
31.45,31.45,53.33,63.28,75.56
30.94,30.94,52.98,63.48,79.38
30.40,30.40,50.79,58.84,79.54
32.28,32.28,49.73,48.13,71.10
35.91,35.91,48.39,35.37,78.27
33.86,33.86,47.09,31.65,76.05
31.29,31.29,46.53,35.08,71.25
36.01,36.01,49.61,43.57,74.36
33.26,33.26,45.40,28.34,75.38
35.01,35.01,49.31,25.87,77.29
37.19,37.19,53.66,25.25,67.12
34.11,34.11,52.09,18.19,73.23
33.52,33.52,50.38,13.01,71.46
34.84,34.84,49.28,9.95,71.25
36.60,36.60,48.00,4.23,71.81
37.50,37.50,46.99,3.51,71.60
35.73,35.73,44.93,20.51,71.26
33.17,33.17,43.84,33.89,71.40
28.56,28.56,45.40,48.73,72.12
26.67,26.67,47.73,55.99,72.23
26.42,26.42,63.71,72.61,79.01
24.70,24.70,57.22,88.41,76.49
23.23,23.23,52.30,88.92,75.42
31.32,31.32,49.09,84.88,74.59
32.08,32.08,48.73,85.62,74.54
35.27,35.27,47.27,82.91,74.12
37.69,37.69,45.74,83.41,73.27
36.90,36.90,44.51,83.62,73.13
35.78,35.78,43.80,84.00,73.19
33.50,33.50,42.65,83.35,73.36
30.91,30.91,47.18,81.96,73.53
31.46,31.46,53.18,78.52,72.79
32.94,32.94,51.19,77.07,74.66
37.05,37.05,49.28,77.92,73.38
38.64,38.64,48.52,77.49,74.40
35.37,35.37,47.33,72.17,74.40
35.92,35.92,46.71,71.77,74.19
34.70,34.70,44.89,71.96,73.17
32.20,32.20,43.06,71.64,73.60
29.79,29.79,42.95,71.84,73.13
27.51,27.51,43.24,71.38,77.64
29.44,29.44,52.52,71.36,85.35
26.78,26.78,50.36,69.35,80.04
28.74,28.74,50.13,69.15,83.31
30.39,30.39,47.58,71.16,81.50
30.79,30.79,46.59,71.98,80.35
31.80,31.80,46.39,68.99,80.26
32.01,32.01,44.26,70.70,80.63
29.00,29.00,42.94,72.75,79.58
26.75,26.75,43.45,75.18,73.49
21.25,21.25,43.88,72.94,73.55
17.85,17.85,54.49,73.28,71.54
18.17,18.17,61.35,77.63,72.15
16.71,16.71,53.21,86.24,71.53
16.98,16.98,49.89,83.82,71.74
22.43,22.43,48.86,83.09,72.41
24.46,24.46,47.38,83.44,71.87
27.77,27.77,48.19,80.76,71.19
25.78,25.78,46.22,82.66,72.96
24.73,24.73,44.16,80.20,71.14
23.82,23.82,43.51,81.73,71.72
22.68,22.68,43.66,79.76,71.87
26.07,26.07,54.02,79.70,71.39
25.49,25.49,51.99,79.34,71.36
27.78,27.78,51.53,76.13,72.02
29.02,29.02,49.49,78.57,72.33
27.71,27.71,48.55,77.33,71.22
30.24,30.24,48.58,77.46,72.66
31.10,31.10,46.80,77.28,70.33
28.83,28.83,44.44,76.14,72.28
29.61,29.61,44.01,76.04,72.07
27.45,27.45,42.83,76.36,71.67
29.02,29.02,48.32,76.08,70.51
27.45,27.45,52.48,75.75,70.66
23.45,23.45,51.30,75.07,76.37
25.19,25.19,49.16,75.66,81.16
29.04,29.04,48.57,74.16,79.46
29.72,29.72,46.44,74.09,80.91
28.98,28.98,46.35,73.90,78.83
30.43,30.43,44.19,70.08,79.81
29.79,29.79,44.68,70.86,78.74
27.12,27.12,47.04,70.47,73.24
27.46,27.46,53.77,70.76,70.94
32.06,32.06,64.60,74.90,72.46
29.59,29.59,57.10,85.25,70.44
25.34,25.34,52.14,82.75,71.59
24.03,24.03,49.19,81.23,72.41
27.20,27.20,48.57,83.39,71.54
31.07,31.07,47.71,76.87,70.65
32.88,32.88,46.54,79.97,71.79
36.94,36.94,44.16,76.52,69.05
36.97,36.97,43.77,77.47,68.30
33.90,33.90,42.89,79.20,68.85
31.90,31.90,49.48,75.53,68.06
32.09,32.09,51.90,76.89,76.40
31.86,31.86,50.92,73.69,83.34
30.31,30.31,48.90,73.62,80.68
28.79,28.79,48.24,74.11,81.05
29.56,29.56,46.69,71.54,78.15
31.42,31.42,46.10,73.33,76.32
32.06,32.06,43.95,71.40,80.10
30.83,30.83,42.70,71.31,79.37
27.78,27.78,42.88,71.61,78.63
25.71,25.71,45.23,70.46,78.72
28.44,28.44,53.49,77.24,79.64
27.18,27.18,51.73,83.72,78.02
26.54,26.54,50.54,83.64,78.22
26.39,26.39,49.26,82.10,79.87
27.69,27.69,47.71,81.15,78.41
29.48,29.48,46.99,79.05,78.77
29.40,29.40,46.00,80.48,80.09
28.76,28.76,43.70,79.51,79.25
30.00,30.00,43.77,78.19,78.49
29.40,29.40,43.36,78.24,79.05
33.96,33.96,50.32,77.23,76.67
34.73,34.73,51.51,74.99,77.43
35.54,35.54,50.58,73.00,76.75
35.88,35.88,48.71,72.83,77.70
37.63,37.63,47.54,74.13,78.20
37.60,37.60,46.90,70.52,77.67
36.98,36.98,45.41,66.64,77.61
36.05,36.05,44.12,63.61,78.92
34.17,34.17,44.52,67.71,76.47
31.81,31.81,46.39,62.23,76.08
27.15,27.15,52.88,66.74,76.32
26.31,26.31,63.15,66.22,77.14
27.19,27.19,54.67,67.18,75.94
30.77,30.77,51.03,63.67,77.56
32.36,32.36,48.94,65.41,77.70
34.74,34.74,47.39,66.92,77.56
35.92,35.92,46.83,65.51,76.80
37.39,37.39,45.94,60.33,75.33
36.41,36.41,43.58,65.33,74.43
36.30,36.30,43.13,68.48,77.16
34.82,34.82,42.60,69.36,75.75
35.47,35.47,51.75,68.89,78.23
30.30,30.30,53.02,79.03,77.18
28.87,28.87,53.21,87.34,78.12
36.99,36.99,52.72,81.63,85.42
32.13,32.13,48.63,84.16,81.93
31.00,31.00,47.05,79.76,80.97
32.10,32.10,45.71,78.68,80.11
34.36,34.36,44.35,80.88,78.25
35.51,35.51,44.00,77.92,78.50
33.88,33.88,43.86,79.65,78.80
32.96,32.96,47.24,76.56,78.32
36.71,36.71,54.20,76.83,75.08
32.24,32.24,52.33,76.77,62.77
31.51,31.51,50.51,73.63,58.58
32.92,32.92,48.97,75.92,56.77
34.47,34.47,48.35,74.04,57.40
35.75,35.75,47.73,75.10,57.77
35.38,35.38,46.35,74.93,57.30
32.78,32.78,45.17,72.76,58.52
26.11,26.11,45.28,74.99,56.54
23.96,23.96,45.38,73.58,56.76
37.23,37.23,63.38,74.15,64.30
44.24,44.24,58.65,72.77,82.40
41.44,41.44,52.38,72.74,80.18
36.76,36.76,50.98,72.35,78.77
36.81,36.81,50.20,72.27,78.10
38.45,38.45,49.01,67.99,77.78
41.20,41.20,47.66,61.33,77.31
42.04,42.04,46.15,62.23,77.36
44.12,44.12,45.87,64.55,76.75
40.50,40.50,45.74,63.66,73.48
29.24,29.24,49.43,64.09,59.71
27.37,27.37,54.87,81.25,66.12
27.65,27.65,55.93,89.49,73.36
24.17,24.17,52.03,84.75,81.57
24.41,24.41,49.79,83.46,79.44
25.87,25.87,48.13,82.88,77.98
28.38,28.38,47.80,78.72,77.11
29.22,29.22,46.26,80.95,77.99
30.08,30.08,44.51,78.79,77.63
31.61,31.61,45.17,79.94,76.80
35.39,35.39,46.28,79.37,74.63
34.32,34.32,53.37,78.28,65.97
35.50,35.50,51.73,78.02,63.46
35.78,35.78,52.25,75.88,62.12
35.25,35.25,49.92,77.26,61.96
35.14,35.14,49.17,76.80,61.79
35.80,35.80,48.02,76.22,60.60
35.59,35.59,46.32,76.23,59.65
31.48,31.48,45.79,73.99,56.19
26.25,26.25,46.68,74.10,51.71
31.37,31.37,57.34,72.59,66.24
33.35,33.35,60.02,74.83,79.89
23.59,23.59,62.07,78.25,78.19
19.91,19.91,54.65,73.97,77.94
22.52,22.52,53.87,82.09,76.12
25.45,25.45,52.37,74.65,76.21
27.56,27.56,51.55,82.96,76.24
28.49,28.49,49.97,79.46,75.29
29.01,29.01,48.46,82.04,75.40
29.57,29.57,46.70,79.05,75.01
28.80,28.80,46.92,80.38,75.18
27.04,27.04,45.54,77.80,75.27
27.45,27.45,53.74,79.46,76.14
22.13,22.13,51.43,76.09,76.04
23.12,23.12,51.36,77.92,76.63
24.89,24.89,48.94,74.81,77.06
24.98,24.98,48.01,75.56,76.66
26.19,26.19,47.94,73.04,76.90
27.32,27.32,45.99,72.44,76.60
25.83,25.83,44.67,71.87,76.58
27.29,27.29,43.81,71.48,77.56
24.99,24.99,43.10,71.42,78.28
24.32,24.32,48.39,71.09,78.76
25.47,25.47,52.57,71.05,77.63
25.58,25.58,51.45,70.21,81.00
26.40,26.40,48.41,68.78,79.99
26.94,26.94,47.13,67.88,79.33
27.84,27.84,45.17,66.61,79.32
30.39,30.39,45.41,64.55,77.12
30.67,30.67,43.41,61.74,79.46
27.85,27.85,42.69,61.84,76.17
22.90,22.90,43.00,63.42,80.36
15.78,15.78,44.44,61.68,77.91
14.26,14.26,63.93,71.56,80.24
9.21,9.21,58.68,85.46,80.99
12.49,12.49,53.93,86.04,79.04
15.60,15.60,52.47,81.83,79.20
20.18,20.18,54.29,83.89,80.74
24.01,24.01,52.31,77.54,78.71
25.99,25.99,48.72,80.70,80.06
26.02,26.02,47.20,78.30,79.87
27.53,27.53,47.34,80.33,80.47
26.44,26.44,44.66,79.46,79.60
29.81,29.81,49.07,79.65,78.58
32.24,32.24,52.09,78.40,80.18
31.96,31.96,51.83,78.70,78.34
32.47,32.47,49.58,76.85,81.54
34.01,34.01,48.14,78.96,78.48
35.26,35.26,46.07,75.73,79.97
36.95,36.95,44.99,78.14,78.18
36.07,36.07,42.59,73.82,78.73
34.83,34.83,41.77,76.13,80.68
32.10,32.10,40.66,73.68,78.21
28.20,28.20,42.99,74.75,80.07
30.25,30.25,51.72,73.51,77.80
24.76,24.76,49.44,73.24,80.42
23.00,23.00,47.86,71.79,84.34
20.53,20.53,45.28,66.78,84.13
21.89,21.89,44.75,55.03,78.65
25.22,25.22,44.65,60.83,80.32
27.31,27.31,43.16,60.81,81.19
26.20,26.20,42.25,59.48,80.66
24.59,24.59,43.34,59.64,80.04
17.52,17.52,45.85,58.00,80.60
17.53,17.53,60.13,62.00,80.01
14.72,14.72,59.03,78.09,77.67
15.68,15.68,52.65,84.09,78.48
18.14,18.14,49.46,78.71,78.29
20.93,20.93,48.74,82.96,78.77
21.77,21.77,47.77,78.07,79.81
23.57,23.57,46.95,76.60,79.95
23.29,23.29,45.36,79.19,79.56
23.79,23.79,44.42,74.97,78.06
23.39,23.39,43.08,77.42,78.15
24.71,24.71,45.94,75.00,76.62
29.81,29.81,53.29,74.48,78.37
28.91,28.91,52.17,73.95,78.00
27.90,27.90,50.60,71.47,78.05
27.53,27.53,49.46,73.16,77.48
29.01,29.01,48.08,71.75,76.55
29.17,29.17,47.78,71.86,76.22
33.64,33.64,46.02,71.67,76.57
27.57,27.57,43.38,69.82,75.17
25.00,25.00,46.08,70.96,76.79
21.58,21.58,51.32,67.94,77.90
22.27,22.27,59.62,71.12,78.76
21.00,21.00,67.40,70.39,78.59
22.49,22.49,65.06,75.02,80.24
22.44,22.44,69.91,75.82,76.91
23.16,23.16,67.66,73.55,78.09
24.75,24.75,67.25,77.42,77.38
24.55,24.55,63.82,75.72,76.73
23.83,23.83,63.69,78.97,78.49
24.24,24.24,61.34,75.80,76.65
22.70,22.70,63.23,77.55,76.60
23.83,23.83,61.22,73.47,76.90
27.86,27.86,63.39,75.09,75.68
28.70,28.70,61.39,70.18,75.85
30.27,30.27,63.40,71.89,75.65
33.06,33.06,61.12,68.66,76.86
33.35,33.35,61.22,67.78,74.49
30.67,30.67,60.20,64.31,76.70
28.42,28.42,60.08,64.78,74.71
25.44,25.44,59.29,66.34,74.80
22.73,22.73,57.74,67.54,77.55
17.23,17.23,57.04,68.31,74.04
17.90,17.90,62.59,67.82,76.81
19.12,19.12,60.50,67.17,72.55
23.27,23.27,54.74,66.95,76.65
27.05,27.05,52.69,66.68,72.58
27.18,27.18,52.65,65.58,76.26
27.24,27.24,51.19,63.31,72.87
30.48,30.48,50.85,61.32,76.41
31.49,31.49,48.96,61.09,74.96
32.13,32.13,47.61,60.41,76.10
33.81,33.81,47.17,59.48,77.07
31.92,31.92,49.32,58.67,72.94
32.73,32.73,53.45,57.51,77.15
31.52,31.52,52.10,57.62,72.64
32.50,32.50,50.00,58.41,76.64
34.07,34.07,48.33,57.81,72.36
34.90,34.90,47.77,57.97,75.07
36.95,36.95,46.48,58.61,72.49
37.21,37.21,44.92,60.68,75.06
36.85,36.85,42.82,61.61,75.22
35.85,35.85,42.35,62.48,75.06
32.16,32.16,43.31,62.67,76.38
33.13,33.13,51.68,62.84,73.30
28.69,28.69,52.94,61.43,76.54
25.90,25.90,50.78,61.36,80.75
25.71,25.71,47.80,60.91,77.91
25.57,25.57,46.64,61.52,77.73
26.49,26.49,46.54,62.32,78.41
27.95,27.95,44.62,62.33,77.77
27.08,27.08,44.45,62.86,76.65
25.93,25.93,45.49,62.98,75.88
22.11,22.11,46.39,63.05,78.39
23.46,23.46,55.24,63.03,77.33
22.15,22.15,62.09,62.83,74.60
23.95,23.95,54.34,62.39,79.05
29.11,29.11,50.35,61.90,75.86
30.69,30.69,49.16,61.69,72.31
32.64,32.64,47.52,61.38,74.88
35.02,35.02,48.00,60.72,68.97
35.18,35.18,45.83,60.23,73.80
33.66,33.66,43.45,59.87,69.15
30.26,30.26,43.14,59.37,73.47
26.10,26.10,43.33,58.81,68.90
32.45,32.45,54.49,58.55,75.69
31.97,31.97,53.87,56.89,80.62
27.08,27.08,51.93,56.80,79.38
25.50,25.50,49.17,56.77,77.35
27.52,27.52,48.48,56.35,76.80
27.73,27.73,48.51,53.48,76.36
28.44,28.44,47.28,43.01,76.13
27.25,27.25,46.71,29.01,76.14
28.58,28.58,45.73,23.38,76.20
27.86,27.86,44.67,26.12,75.41
28.38,28.38,49.24,20.86,75.16
29.03,29.03,53.02,15.74,74.48
34.42,34.42,53.25,22.84,73.43
33.78,33.78,51.26,18.93,70.40
33.71,33.71,50.12,14.41,64.40
34.53,34.53,48.47,8.87,58.05
32.06,32.06,47.57,7.18,55.08
28.57,28.57,45.80,15.60,54.98
25.24,25.24,45.41,30.19,57.60
28.30,28.30,48.90,45.97,73.58
23.19,23.19,52.97,50.24,80.93
18.98,18.98,66.62,68.97,81.24
16.71,16.71,71.81,80.39,80.42
20.38,20.38,70.09,85.00,79.24
23.59,23.59,67.96,83.84,80.36
26.45,26.45,68.15,83.13,76.91
25.57,25.57,67.21,83.16,78.57
22.36,22.36,66.15,79.37,73.42
18.98,18.98,64.56,77.87,73.51
22.05,22.05,66.12,80.31,76.53
20.99,20.99,63.42,78.49,71.41
21.59,21.59,61.62,71.40,78.85
25.29,25.29,62.11,76.99,72.71
29.16,29.16,61.37,76.84,73.77
34.80,34.80,57.84,70.77,74.65
38.81,38.81,58.12,71.95,73.23
39.69,39.69,58.63,71.35,73.47
36.32,36.32,56.62,67.85,72.01
32.90,32.90,54.59,64.88,72.81
30.55,30.55,56.58,62.89,72.74
28.93,28.93,55.02,60.05,71.61
25.76,25.76,54.90,62.00,72.61
29.63,29.63,55.04,65.56,74.35
26.80,26.80,53.72,66.31,79.30
26.85,26.85,53.47,69.97,79.22
28.16,28.16,51.14,72.51,80.58
30.13,30.13,48.24,72.03,81.80
32.75,32.75,47.57,73.11,80.30
34.21,34.21,46.25,74.13,81.60
32.38,32.38,43.92,75.80,76.51
30.67,30.67,46.88,75.48,75.24
23.56,23.56,53.15,75.32,74.24
18.17,18.17,62.10,74.81,70.94
16.05,16.05,70.66,82.82,73.39
18.60,18.60,71.53,79.64,71.90
26.52,26.52,68.54,80.04,72.18
30.02,30.02,69.55,76.12,70.73
31.60,31.60,70.13,75.76,69.10
27.84,27.84,66.24,76.31,66.29
30.61,30.61,67.65,76.54,69.10
32.60,32.60,67.11,78.01,67.58
29.44,29.44,65.22,71.49,65.91
30.13,30.13,61.67,77.99,68.11
34.66,34.66,63.38,75.92,69.25
34.21,34.21,61.21,74.50,69.14
35.93,35.93,58.77,73.11,68.99
32.34,32.34,60.61,72.23,69.07
35.91,35.91,61.05,75.66,68.68
32.04,32.04,56.93,69.92,66.13
30.94,30.94,56.70,70.28,69.10
36.92,36.92,56.34,72.16,69.42
33.17,33.17,53.41,70.74,68.31
34.45,34.45,52.02,71.71,68.32
37.11,37.11,55.87,68.06,70.40
33.22,33.22,54.59,68.91,68.67
27.56,27.56,53.59,67.74,68.01
33.84,33.84,52.02,62.43,75.87
30.66,30.66,50.74,63.34,83.16
29.70,29.70,49.65,66.18,83.12
30.86,30.86,48.52,62.17,79.34
34.24,34.24,47.93,62.31,84.52
36.31,36.31,46.28,65.55,78.19
35.08,35.08,47.84,61.91,79.74
28.46,28.46,55.61,63.82,76.09
28.80,28.80,63.39,65.26,72.86
29.98,29.98,55.11,60.17,70.69
37.07,37.07,52.82,62.71,70.91
41.18,41.18,51.38,66.65,71.27
36.11,36.11,49.12,62.32,70.96
43.36,43.36,51.03,65.08,70.90
48.46,48.46,52.54,68.13,71.09
46.56,46.56,50.21,63.87,71.00
45.20,45.20,47.02,65.81,69.98
47.91,47.91,48.25,68.32,69.90
42.52,42.52,52.30,64.37,69.03
34.27,34.27,52.52,61.19,68.63
29.79,29.79,52.22,59.09,68.72
28.62,28.62,49.55,58.05,77.93
30.84,30.84,48.72,57.52,79.29
31.40,31.40,47.18,57.56,81.26
33.30,33.30,45.98,57.34,76.27
35.03,35.03,43.50,57.35,80.57
37.30,37.30,43.10,57.54,79.91
36.76,36.76,44.87,57.36,79.79
35.76,35.76,55.60,49.10,77.93
36.65,36.65,65.61,71.65,81.24
32.77,32.77,69.71,81.51,75.78
31.21,31.21,72.66,87.09,81.54
32.56,32.56,66.44,82.74,77.51
35.11,35.11,69.43,84.01,80.63
36.20,36.20,68.85,84.04,77.29
37.48,37.48,66.30,77.67,78.33
36.90,36.90,65.10,78.38,77.54
37.59,37.59,65.82,80.91,76.92
36.18,36.18,62.39,77.93,75.52
41.35,41.35,61.40,74.33,78.48
40.65,40.65,62.36,77.45,77.01
40.38,40.38,60.90,76.53,77.26
41.72,41.72,57.57,72.86,79.63
40.90,40.90,59.39,72.35,76.62
40.94,40.94,58.63,70.59,78.67
40.29,40.29,54.99,66.49,76.87
39.67,39.67,54.63,65.80,78.68
36.60,36.60,55.73,63.21,75.50
32.88,32.88,55.51,54.81,79.61
31.85,31.85,58.67,65.14,72.05
28.11,28.11,62.84,65.46,78.83
29.84,29.84,54.67,67.58,74.49
33.56,33.56,51.78,72.37,77.47
35.75,35.75,49.00,72.91,74.66
39.18,39.18,48.08,72.58,75.85
39.83,39.83,47.65,74.23,75.82
40.82,40.82,46.18,76.71,78.34
41.46,41.46,47.68,75.67,73.18
40.33,40.33,49.55,75.77,74.53
35.83,35.83,56.94,76.32,74.85
37.99,37.99,58.18,74.40,72.95
39.70,39.70,74.85,86.99,78.79
41.90,41.90,67.76,76.06,83.69
35.12,35.12,71.53,77.22,79.45
30.94,30.94,70.44,75.56,78.93
33.65,33.65,69.87,73.62,78.16
36.38,36.38,65.53,72.01,77.95
36.09,36.09,66.86,77.54,77.71
36.33,36.33,65.16,76.46,77.18
39.66,39.66,63.55,70.79,77.34
40.23,40.23,62.95,75.32,71.90
37.16,37.16,63.76,78.19,60.74
35.21,35.21,61.04,71.44,62.08
35.78,35.78,58.86,69.37,63.13
42.40,42.40,60.31,75.23,62.99
39.67,39.67,58.86,75.11,65.41
36.74,36.74,56.25,64.73,64.56
35.65,35.65,56.20,74.10,62.16
31.36,31.36,56.24,73.36,62.75
26.23,26.23,52.91,68.61,63.00
19.66,19.66,52.61,71.40,62.83
21.48,21.48,65.00,68.96,74.16
21.42,21.42,57.69,68.01,81.08
22.00,22.00,53.21,65.30,75.95
27.21,27.21,50.85,63.04,78.86
25.50,25.50,50.19,62.64,76.01
27.65,27.65,48.49,65.87,77.38
32.90,32.90,47.66,64.70,77.17
34.63,34.63,47.87,63.77,75.43
32.66,32.66,48.44,64.41,77.70
32.23,32.23,49.68,63.72,62.95
26.64,26.64,58.69,58.67,67.19
27.24,27.24,64.29,76.37,71.11
25.58,25.58,71.01,83.93,71.17
28.96,28.96,71.04,84.78,70.53
30.96,30.96,67.61,81.26,71.95
32.92,32.92,69.05,85.48,68.12
36.17,36.17,66.87,83.03,66.98
33.02,33.02,64.81,74.21,67.50
29.44,29.44,64.88,79.21,62.98
25.88,25.88,64.87,82.07,67.01
30.17,30.17,62.48,74.30,78.34
24.79,24.79,60.20,74.01,77.39
23.85,23.85,62.08,78.08,77.05
27.56,27.56,59.24,69.90,75.20
29.85,29.85,53.68,62.91,74.09
29.89,29.89,49.38,63.61,75.37
33.58,33.58,48.01,62.66,75.55
33.03,33.03,47.41,61.82,75.70
32.85,32.85,45.17,61.42,75.80
29.36,29.36,45.68,60.10,75.68
25.12,25.12,48.20,58.91,75.07
25.89,25.89,61.41,54.41,76.44
23.99,23.99,70.21,74.10,73.36
22.40,22.40,65.75,75.97,76.67
25.89,25.89,70.95,83.83,76.15
27.25,27.25,66.45,80.95,74.71
28.25,28.25,66.27,79.20,74.32
29.19,29.19,55.33,76.28,73.56
30.57,30.57,56.53,76.75,73.50
31.23,31.23,61.13,79.06,72.59
29.80,29.80,59.94,81.30,72.78
30.25,30.25,57.38,79.14,72.79
30.73,30.73,56.81,78.75,72.55
31.53,31.53,53.86,77.00,72.78
32.24,32.24,52.82,77.86,73.17
32.26,32.26,52.67,80.38,73.02
34.06,34.06,51.57,79.19,73.55
34.66,34.66,50.52,79.92,73.51
36.61,36.61,47.88,76.63,73.03
34.79,34.79,46.31,77.87,73.48
31.24,31.24,45.90,77.29,73.43
25.31,25.31,43.59,78.84,73.83
27.54,27.54,49.73,77.79,76.65
27.08,27.08,52.49,77.84,80.75
26.66,26.66,51.45,77.92,82.89
27.48,27.48,49.17,75.71,81.30
30.10,30.10,48.31,77.15,79.75
31.32,31.32,46.80,74.98,80.07
32.70,32.70,45.32,77.70,78.99
32.15,32.15,44.00,75.69,76.20
29.29,29.29,44.17,76.98,76.68
24.54,24.54,47.87,74.46,75.53
17.73,17.73,59.15,73.60,75.70
17.72,17.72,66.51,75.10,75.39
19.20,19.20,74.81,84.16,75.08
22.23,22.23,64.31,72.40,74.04
26.99,26.99,63.01,73.82,73.77
27.36,27.36,58.36,74.71,72.89
28.68,28.68,62.54,74.84,71.95
30.09,30.09,62.14,80.58,72.39
28.48,28.48,57.45,76.96,72.80
31.58,31.58,54.16,76.90,72.97
32.11,32.11,57.10,76.02,73.87
34.12,34.12,55.09,73.79,73.62
36.25,36.25,54.25,77.56,73.46
33.99,33.99,52.98,76.58,72.48
35.51,35.51,52.93,79.44,72.06
34.65,34.65,51.17,77.27,71.92
35.86,35.86,49.92,75.34,71.33
35.32,35.32,49.46,77.46,71.25
34.24,34.24,49.46,75.14,71.94
37.37,37.37,47.25,78.57,71.89
39.50,39.50,47.18,77.87,72.12
40.35,40.35,50.38,76.79,72.21
37.04,37.04,53.68,77.57,72.18
30.11,30.11,51.86,74.37,71.99
30.34,30.34,50.33,74.12,75.36
26.93,26.93,48.10,76.06,82.16
24.00,24.00,47.07,73.84,81.14
26.83,26.83,46.30,75.77,81.57
26.41,26.41,45.92,74.52,81.18
25.34,25.34,44.14,72.94,80.08
21.18,21.18,45.09,75.49,78.98
18.24,18.24,47.22,71.33,77.42
19.61,19.61,60.38,75.42,73.66
18.68,18.68,57.86,74.17,73.43
21.64,21.64,52.22,74.60,73.05
25.00,25.00,50.09,75.82,71.99
27.73,27.73,49.76,74.06,71.62
28.97,28.97,48.82,75.38,72.02
29.67,29.67,49.08,73.90,73.53
34.89,34.89,46.54,73.18,73.69
38.65,38.65,46.74,74.52,74.10
41.86,41.86,47.25,74.15,74.52
37.90,37.90,48.03,73.53,74.30
32.41,32.41,53.21,74.85,73.65
34.41,34.41,51.82,71.89,77.27
30.10,30.10,49.84,64.36,83.33
29.10,29.10,48.30,55.58,81.93
31.78,31.78,47.73,53.54,81.92
32.19,32.19,47.47,50.31,80.69
33.74,33.74,45.27,47.37,79.69
35.58,35.58,43.48,50.32,80.79
38.12,38.12,43.95,46.24,80.94
36.15,36.15,49.14,59.41,79.82
36.95,36.95,59.42,64.24,80.78
39.59,39.59,64.86,78.43,81.08
35.85,35.85,68.13,85.21,78.55
32.08,32.08,68.60,87.47,79.22
33.34,33.34,66.07,84.77,79.61
32.21,32.21,62.27,82.20,79.34
29.98,29.98,55.49,79.99,80.73
32.71,32.71,57.36,80.49,76.08
32.97,32.97,61.91,82.65,77.41
30.45,30.45,57.42,81.49,78.07
31.16,31.16,59.07,83.17,78.17
33.34,33.34,54.32,80.04,76.07
32.45,32.45,52.96,82.29,76.03
32.16,32.16,51.24,81.19,76.53
33.58,33.58,50.09,83.24,77.34
33.38,33.38,48.30,81.11,77.12
36.31,36.31,47.42,82.19,76.30
39.11,39.11,45.47,82.01,77.51
37.40,37.40,44.91,80.85,76.83
28.48,28.48,45.51,82.56,76.75
18.83,18.83,45.06,80.56,76.63
17.41,17.41,63.43,83.16,75.82
18.41,18.41,56.78,80.78,76.36
21.45,21.45,52.87,82.28,76.98
25.89,25.89,50.11,79.92,75.18
30.39,30.39,49.71,81.66,77.81
30.51,30.51,48.30,81.08,77.21
34.07,34.07,47.01,81.98,76.26
37.52,37.52,46.22,81.93,74.48
34.56,34.56,45.04,80.11,75.14
30.93,30.93,45.73,82.03,74.91
32.77,32.77,59.29,79.47,75.35
35.61,35.61,63.89,76.96,74.02
31.45,31.45,74.92,82.80,78.30
31.49,31.49,61.82,72.71,73.28
33.31,33.31,59.07,76.77,77.77
34.10,34.10,63.79,80.21,76.18
33.64,33.64,61.83,82.44,76.39
35.10,35.10,60.04,81.31,74.39
34.14,34.14,56.85,80.65,75.41
34.75,34.75,52.96,77.80,75.37
37.44,37.44,51.10,79.62,73.64
37.49,37.49,54.30,76.88,74.48
36.49,36.49,53.99,81.27,72.59
39.47,39.47,53.22,79.39,70.68
43.04,43.04,51.25,80.80,71.06
40.70,40.70,49.87,79.40,73.52
44.73,44.73,49.11,77.13,70.08
49.54,49.54,49.88,79.43,74.62
46.01,46.01,50.61,77.44,69.80
43.76,43.76,53.13,79.91,72.51
40.54,40.54,57.69,78.59,67.78
31.11,31.11,61.46,79.95,65.36
27.72,27.72,61.32,78.53,62.65
26.73,26.73,54.17,79.03,64.24
21.82,21.82,50.61,77.55,65.22
20.43,20.43,50.39,78.68,68.06
18.76,18.76,49.91,79.05,78.97
22.77,22.77,48.16,77.83,77.22
23.71,23.71,46.58,79.47,76.68
23.62,23.62,45.21,76.44,75.39
25.74,25.74,45.07,79.28,75.98
29.26,29.26,45.53,76.10,75.08
31.14,31.14,54.59,77.82,73.41
33.15,33.15,52.99,78.12,73.26
38.13,38.13,52.26,76.70,73.15
40.14,40.14,50.18,79.12,66.80
36.07,36.07,49.05,76.45,60.40
45.15,45.15,50.25,77.13,65.16
37.49,37.49,48.50,76.80,65.24
37.92,37.92,46.17,76.80,66.40
39.29,39.29,48.36,66.31,66.01
26.09,26.09,45.81,63.17,63.76
21.33,21.33,50.33,54.92,63.36
20.00,20.00,56.49,56.62,79.53
16.87,16.87,51.98,49.00,79.17
17.30,17.30,49.29,54.31,78.64
20.72,20.72,49.38,52.86,79.24
25.05,25.05,48.18,55.92,79.04
25.08,25.08,47.12,52.34,78.93
24.25,24.25,46.70,54.58,78.65
23.71,23.71,47.62,52.77,77.83
22.84,22.84,50.15,52.58,77.46
21.72,21.72,55.62,60.58,78.07
23.61,23.61,66.04,68.97,79.79
23.40,23.40,71.87,80.81,80.23
29.94,29.94,69.69,83.42,80.75
29.18,29.18,68.02,82.83,81.58
28.33,28.33,67.74,83.09,79.69
29.99,29.99,67.43,83.94,78.40
29.88,29.88,65.73,77.93,78.12
32.78,32.78,63.52,76.98,77.57
33.18,33.18,64.71,82.19,76.47
28.10,28.10,61.75,77.68,76.55
31.23,31.23,60.16,70.54,76.94
32.57,32.57,60.77,78.07,76.99
34.15,34.15,59.18,76.69,78.06
39.55,39.55,56.54,69.70,78.72
41.55,41.55,56.93,72.45,77.64
39.13,39.13,56.71,71.98,77.34
36.27,36.27,54.21,68.06,77.52
35.90,35.90,53.27,64.55,76.52
35.62,35.62,53.95,59.03,75.51
34.73,34.73,52.15,59.35,75.50
33.53,33.53,53.20,62.09,75.43
35.27,35.27,54.12,66.00,80.47
32.92,32.92,52.18,67.20,79.44
33.87,33.87,51.29,70.50,81.05
36.23,36.23,49.27,71.49,80.21
39.98,39.98,46.61,72.24,80.82
39.94,39.94,45.25,74.65,78.51
38.78,38.78,43.72,74.51,79.12
35.79,35.79,42.03,74.32,76.12
32.87,32.87,44.42,76.01,75.41
23.42,23.42,52.99,75.90,73.74
25.95,25.95,62.80,72.59,73.21
26.90,26.90,73.94,83.06,74.85
23.01,23.01,68.38,78.19,75.03
25.64,25.64,67.45,77.69,73.91
27.41,27.41,69.67,74.86,74.14
29.28,29.28,71.00,72.60,74.14
30.23,30.23,65.08,73.31,74.34
30.32,30.32,65.58,77.97,74.68
30.52,30.52,64.81,75.47,74.22
29.55,29.55,62.64,72.11,74.63
30.84,30.84,60.44,76.14,74.43
36.47,36.47,62.00,76.05,73.63
35.06,35.06,60.39,73.01,75.16
34.11,34.11,57.99,71.60,74.22
32.62,32.62,59.16,72.82,75.41
32.17,32.17,58.44,73.56,73.83
31.73,31.73,54.75,67.63,74.49
31.63,31.63,54.42,72.78,72.74
30.56,30.56,54.47,71.93,73.01
32.92,32.92,52.64,69.25,73.79
31.20,31.20,50.59,70.28,74.31
32.84,32.84,53.88,68.79,76.72
28.78,28.78,52.18,65.65,76.40
28.35,28.35,51.44,67.28,78.21
28.12,28.12,49.99,60.75,82.72
28.64,28.64,49.13,63.20,82.67
30.69,30.69,47.73,65.38,78.19
32.03,32.03,45.75,61.53,81.33
30.36,30.36,44.25,62.23,79.89
29.34,29.34,46.18,64.13,77.38
24.90,24.90,48.96,61.87,75.90
23.36,23.36,54.97,60.88,74.54
23.60,23.60,62.79,65.35,73.00
24.04,24.04,54.48,58.98,72.83
29.20,29.20,51.05,62.12,70.53
29.82,29.82,49.18,66.73,72.97
31.39,31.39,48.74,62.41,70.66
33.72,33.72,48.41,64.13,72.43
33.93,33.93,45.90,66.27,73.23
33.12,33.12,45.04,65.40,73.06
31.77,31.77,44.28,63.01,73.50
28.01,28.01,42.43,66.34,73.26
33.78,33.78,51.56,63.81,76.24
31.68,31.68,51.38,56.36,78.79
32.82,32.82,51.11,57.22,82.90
32.84,32.84,48.45,55.51,79.13
34.17,34.17,47.44,53.93,81.25
36.26,36.26,45.47,51.27,78.93
35.63,35.63,44.02,47.63,82.19
36.43,36.43,42.64,47.01,79.42
36.34,36.34,43.89,51.47,82.09
32.72,32.72,48.21,52.60,76.60
35.17,35.17,57.92,53.67,81.93
38.39,38.39,66.35,73.23,78.78
35.28,35.28,71.29,82.40,79.12
34.65,34.65,73.09,85.35,81.02
37.03,37.03,66.62,81.75,77.92
37.38,37.38,68.67,85.31,79.71
38.96,38.96,66.71,81.90,77.60
39.06,39.06,64.39,76.21,80.04
38.76,38.76,63.49,80.01,77.77
37.10,37.10,64.10,80.51,79.96
38.53,38.53,62.54,74.86,78.28
43.81,43.81,60.68,74.63,78.37
41.70,41.70,61.80,78.29,77.00
42.32,42.32,59.76,73.91,80.12
42.59,42.59,56.99,71.70,77.57
41.64,41.64,57.66,72.78,79.11
41.27,41.27,55.54,69.09,76.30
43.65,43.65,53.17,64.14,79.37
42.39,42.39,54.61,64.69,78.23
39.66,39.66,55.04,62.24,78.36
40.25,40.25,53.30,56.09,76.23
39.66,39.66,58.82,63.82,77.48
34.35,34.35,61.55,64.96,77.64
31.35,31.35,53.41,67.73,78.00
33.66,33.66,50.88,70.77,75.91
35.39,35.39,49.24,71.87,74.71
36.76,36.76,46.85,73.39,76.04
37.87,37.87,46.25,74.05,75.27
37.23,37.23,44.48,74.53,73.73
36.19,36.19,43.08,75.79,74.83
35.97,35.97,46.80,76.05,78.40
33.31,33.31,52.47,75.33,75.60
38.15,38.15,62.58,75.31,76.86
32.51,32.51,76.50,86.32,74.89
33.61,33.61,66.98,75.65,77.74
37.40,37.40,71.21,77.83,84.04
33.36,33.36,69.83,74.96,82.25
34.23,34.23,68.46,78.27,80.04
34.64,34.64,65.12,68.96,79.66
33.89,33.89,66.78,77.79,80.88
34.62,34.62,64.77,76.17,80.44
35.40,35.40,62.41,71.12,79.38
37.64,37.64,62.85,74.15,79.72
37.70,37.70,63.00,78.17,79.23
37.76,37.76,59.35,71.47,68.83
30.44,30.44,57.88,68.33,62.97
31.62,31.62,59.48,76.01,60.94
31.95,31.95,58.17,73.66,61.44
35.64,35.64,55.82,66.33,66.21
32.54,32.54,56.35,73.11,67.25
29.51,29.51,55.40,72.63,65.50
24.30,24.30,51.90,68.77,62.74
18.37,18.37,50.83,70.64,66.33
19.09,19.09,64.97,69.53,65.31
29.11,29.11,56.09,65.82,81.00
32.36,32.36,51.80,65.90,78.48
32.60,32.60,49.65,63.65,77.71
31.42,31.42,49.07,63.68,76.87
30.20,30.20,48.70,64.10,76.83
30.01,30.01,47.37,64.53,75.95
30.16,30.16,45.21,64.38,75.54
32.43,32.43,45.55,64.22,76.99
28.83,28.83,46.18,64.49,69.43
26.33,26.33,60.90,59.90,61.33
25.95,25.95,68.10,78.02,62.16
24.91,24.91,69.69,84.08,61.22
26.44,26.44,70.04,85.88,60.95
28.46,28.46,67.44,82.04,64.88
29.72,29.72,68.58,84.73,67.95
32.47,32.47,67.72,83.10,70.92
31.18,31.18,65.36,73.97,68.89
27.14,27.14,64.64,80.48,68.34
26.75,26.75,63.89,80.04,69.97
26.44,26.44,59.54,67.02,79.53
27.30,27.30,53.58,65.55,78.52
28.60,28.60,52.28,63.74,77.36
31.16,31.16,51.59,62.61,76.31
34.33,34.33,51.92,60.70,76.19
36.85,36.85,50.36,47.45,76.86
36.78,36.78,47.70,35.24,76.25
37.25,37.25,45.99,25.92,75.52
37.49,37.49,45.72,29.32,75.54
33.55,33.55,45.42,29.58,74.56
26.43,26.43,47.85,43.34,74.64
24.03,24.03,62.01,59.25,75.40
22.03,22.03,72.32,73.67,77.14
25.24,25.24,66.78,76.53,76.71
26.18,26.18,71.29,83.20,75.27
25.75,25.75,65.65,81.00,75.93
27.81,27.81,64.99,78.14,73.93
32.45,32.45,52.98,76.14,73.57
32.49,32.49,55.79,75.30,74.77
29.82,29.82,61.00,80.54,73.40
29.43,29.43,57.42,80.85,74.06
30.02,30.02,55.24,78.42,73.30
34.51,34.51,54.98,78.83,73.68
33.94,33.94,52.72,75.58,73.46
32.43,32.43,51.41,78.96,73.10
32.93,32.93,50.87,78.84,72.86
34.41,34.41,48.59,80.22,72.92
35.20,35.20,47.84,77.93,73.60
35.76,35.76,46.60,77.41,73.40
34.20,34.20,43.95,77.82,73.53
33.68,33.68,43.67,77.00,73.20
29.88,29.88,42.93,78.70,72.29
29.95,29.95,51.06,76.73,74.77
29.44,29.44,51.80,78.86,80.44
29.58,29.58,50.67,75.84,81.08
30.89,30.89,48.55,77.00,77.83
31.93,31.93,47.34,75.55,78.64
33.59,33.59,45.72,76.16,81.30
35.74,35.74,44.12,77.12,81.97
35.11,35.11,42.64,76.25,76.65
31.91,31.91,44.05,76.63,75.41
27.27,27.27,48.95,73.57,73.07
23.55,23.55,59.16,76.09,71.57
15.92,15.92,67.83,76.44,72.06
17.29,17.29,76.43,84.41,69.89
19.06,19.06,64.43,73.32,70.12
23.82,23.82,62.15,73.30,70.00
28.69,28.69,59.78,74.17,68.89
37.25,37.25,64.33,75.24,68.17
35.17,35.17,62.60,80.58,66.76
27.28,27.28,56.96,76.24,68.00
22.74,22.74,54.57,75.22,67.41
23.10,23.10,56.23,77.01,68.80
24.64,24.64,55.38,72.47,70.90
27.39,27.39,53.08,77.46,69.97
29.03,29.03,53.52,78.18,68.44
36.19,36.19,52.00,78.43,71.45
41.63,41.63,51.54,77.99,70.13
39.70,39.70,49.79,74.39,71.71
39.52,39.52,48.14,76.84,71.52
39.49,39.49,46.51,75.39,71.29
41.84,41.84,45.90,76.89,73.72
41.86,41.86,44.39,79.16,73.57
34.97,34.97,48.41,75.89,73.12
25.60,25.60,53.42,77.29,71.83
22.61,22.61,51.53,74.47,79.00
21.16,21.16,49.65,73.17,83.08
27.14,27.14,48.67,75.84,81.93
30.08,30.08,47.59,72.67,81.46
28.39,28.39,47.07,76.64,81.45
27.34,27.34,44.84,73.74,80.29
25.92,25.92,43.85,73.56,81.04
25.14,25.14,44.38,73.41,75.82
25.10,25.10,47.09,72.21,75.84
28.12,28.12,61.79,74.58,74.53
34.07,34.07,56.69,74.56,75.56
37.64,37.64,52.44,74.23,75.01
40.21,40.21,49.10,75.27,74.94
38.03,38.03,48.81,74.29,73.64
40.29,40.29,48.49,73.30,73.96
40.26,40.26,48.20,75.02,73.55
36.43,36.43,46.46,72.00,72.70
37.23,37.23,46.07,74.53,72.21
36.30,36.30,44.65,73.58,71.96
37.41,37.41,48.29,68.56,72.16
35.80,35.80,51.77,59.64,76.47
31.42,31.42,50.99,46.87,83.80
33.50,33.50,48.93,49.79,81.52
36.93,36.93,48.17,46.39,80.61
39.09,39.09,46.97,48.58,80.74
38.80,38.80,46.16,45.40,82.92
35.31,35.31,43.75,46.57,80.83
33.72,33.72,42.17,50.00,81.32
33.76,33.76,44.41,50.96,81.06
34.43,34.43,50.84,58.03,78.69
36.33,36.33,61.20,66.94,83.85
31.51,31.51,63.42,78.34,79.46
33.30,33.30,70.09,87.88,78.46
34.90,34.90,65.10,87.31,81.43
35.43,35.43,62.21,83.43,80.13
35.56,35.56,61.65,83.55,81.28
41.13,41.13,48.82,78.84,78.36
39.69,39.69,53.59,82.17,79.37
36.66,36.66,55.74,81.63,81.00
38.55,38.55,53.04,83.52,81.04
41.82,41.82,54.03,82.09,80.27
41.10,41.10,50.57,82.13,78.28
42.42,42.42,49.85,82.53,81.16
43.91,43.91,48.08,82.73,80.26
42.81,42.81,46.35,83.37,76.07
41.35,41.35,44.11,81.62,78.35
42.90,42.90,43.82,83.45,78.12
42.10,42.10,42.47,81.45,79.45
41.21,41.21,42.60,83.22,76.62
48.34,48.34,47.43,81.20,76.06
49.49,49.49,52.76,83.26,76.55
42.66,42.66,64.62,82.29,77.65
40.61,40.61,56.64,82.98,78.05
41.88,41.88,51.75,81.80,75.02
39.78,39.78,48.70,80.38,77.51
39.18,39.18,48.10,82.44,75.17
42.54,42.54,47.34,81.15,77.31
39.57,39.57,45.71,82.96,76.97
40.52,40.52,44.14,80.03,74.16
44.67,44.67,44.03,82.26,77.31
42.11,42.11,49.91,80.32,75.35
40.09,40.09,65.31,81.42,74.78
43.81,43.81,68.26,77.65,75.31
40.46,40.46,74.02,85.15,77.49
37.44,37.44,59.36,75.27,78.38
37.89,37.89,54.37,75.69,76.77
38.93,38.93,64.97,81.52,76.51
37.05,37.05,59.02,79.74,76.10
38.92,38.92,60.79,83.98,75.37
38.87,38.87,51.68,78.97,76.61
40.24,40.24,49.33,77.55,77.02
34.39,34.39,50.66,80.18,77.43
33.12,33.12,53.90,77.68,78.34
30.70,30.70,55.74,79.06,79.32
26.11,26.11,51.57,70.13,80.79
26.78,26.78,49.12,68.34,80.43
30.51,30.51,49.65,67.87,79.60
31.84,31.84,50.23,66.53,77.52
34.84,34.84,48.00,64.07,77.69
32.97,32.97,46.18,67.65,77.05
33.57,33.57,48.87,64.48,77.26
28.81,28.81,49.85,67.76,76.68
29.91,29.91,60.83,62.55,77.69
29.77,29.77,59.76,65.66,73.36
29.39,29.39,52.56,62.64,72.48
29.24,29.24,50.77,65.33,73.33
41.20,41.20,51.45,59.75,71.37
39.09,39.09,49.76,63.67,70.65
39.76,39.76,48.26,58.76,71.14
41.02,41.02,46.59,60.41,71.92
43.45,43.45,45.55,59.09,73.82
40.17,40.17,45.33,61.32,75.34
41.13,41.13,55.37,61.51,76.22
40.36,40.36,62.24,76.72,76.89
37.58,37.58,60.09,81.23,78.36
31.70,31.70,65.26,89.34,78.48
31.07,31.07,59.16,87.26,77.16
31.09,31.09,59.32,85.24,76.67
32.05,32.05,57.06,79.90,75.42
31.77,31.77,56.15,79.87,75.30
33.80,33.80,56.51,61.32,75.73
35.93,35.93,52.29,59.41,76.60
37.02,37.02,57.88,53.76,77.06
41.37,41.37,56.66,50.19,75.17
41.08,41.08,57.42,49.99,75.71
39.14,39.14,54.16,48.73,73.53
46.05,46.05,54.27,51.80,72.59
41.85,41.85,49.73,47.56,70.22
44.06,44.06,49.69,52.35,68.19
40.61,40.61,48.21,45.84,69.91
40.70,40.70,47.11,50.18,70.08
34.50,34.50,45.85,46.04,72.71
36.83,36.83,51.38,60.30,79.75
32.65,32.65,57.88,60.83,78.98
27.72,27.72,69.29,81.79,79.16
28.59,28.59,71.87,84.91,76.90
35.10,35.10,70.40,83.31,78.17
35.52,35.52,66.71,77.60,75.33
36.89,36.89,68.86,79.31,74.19
37.59,37.59,64.76,74.57,73.56
42.03,42.03,65.38,71.36,72.97
37.89,37.89,55.68,69.55,71.27
38.82,38.82,55.05,71.42,71.93
40.06,40.06,60.88,73.45,70.60
35.40,35.40,56.93,77.17,70.62
30.79,30.79,56.35,76.29,70.68
32.03,32.03,54.14,72.80,73.71
30.98,30.98,52.18,72.88,79.10
29.47,29.47,50.56,71.70,76.38
30.73,30.73,50.09,72.30,75.53
30.65,30.65,47.97,74.31,75.28
33.24,33.24,46.81,74.49,75.22
33.26,33.26,46.03,75.21,73.68
36.75,36.75,44.76,71.94,73.98
36.05,36.05,48.68,72.13,74.43
34.16,34.16,53.68,73.68,74.60
34.58,34.58,52.73,72.25,73.49
34.43,34.43,51.34,71.65,74.07
34.82,34.82,49.59,71.30,73.33
34.81,34.81,49.12,71.93,73.85
34.76,34.76,48.63,70.97,73.21
31.84,31.84,47.58,70.52,73.62
33.04,33.04,46.89,70.55,73.07
36.30,36.30,50.49,71.17,74.05
29.52,29.52,49.63,73.01,73.13
27.47,27.47,62.44,72.60,73.71
31.97,31.97,59.28,73.37,73.45
33.52,33.52,53.99,72.84,73.44
33.45,33.45,50.73,72.45,73.18
33.20,33.20,50.01,72.19,73.42
36.28,36.28,48.75,71.84,72.94
31.47,31.47,46.84,72.56,72.40
37.72,37.72,46.34,71.28,72.92
32.53,32.53,44.82,70.56,73.26
27.81,27.81,43.90,70.70,81.04
28.23,28.23,47.36,71.81,84.84
31.65,31.65,52.23,69.76,81.88
33.98,33.98,50.45,68.73,80.55
33.47,33.47,48.37,68.07,79.95
37.23,37.23,47.50,69.22,80.08
40.69,40.69,46.18,68.30,81.37
33.59,33.59,45.33,67.45,82.57
36.13,36.13,43.67,65.80,81.75
39.94,39.94,41.91,66.21,81.61
36.30,36.30,41.44,64.41,81.31
35.57,35.57,41.79,64.10,79.34
40.69,40.69,50.94,65.38,78.90
40.08,40.08,50.04,64.83,78.38
38.09,38.09,49.60,63.84,78.40
41.61,41.61,47.14,63.99,80.07
39.54,39.54,45.87,64.90,80.59
36.60,36.60,45.35,65.83,80.66
37.48,37.48,43.83,64.86,80.67
35.24,35.24,43.60,65.96,80.48
30.38,30.38,43.74,65.72,80.83
26.76,26.76,45.65,64.33,80.43
27.14,27.14,56.93,62.38,82.48
24.15,24.15,60.74,64.06,82.79
25.62,25.62,52.36,63.74,81.70
27.00,27.00,48.83,63.03,81.04
28.40,28.40,47.56,62.59,81.53
29.83,29.83,46.19,62.62,82.09
32.47,32.47,45.69,63.98,81.70
33.64,33.64,44.15,62.69,80.72
32.29,32.29,42.60,61.94,77.21
35.92,35.92,43.98,62.55,76.21
40.96,40.96,44.11,65.14,71.21
41.61,41.61,52.58,64.69,66.96
41.16,41.16,51.19,63.65,66.58
40.52,40.52,51.25,64.95,69.71
43.96,43.96,49.38,57.97,69.91
40.08,40.08,49.02,47.11,71.00
40.17,40.17,47.62,34.39,73.29
44.30,44.30,46.01,26.68,71.82
41.02,41.02,44.28,20.76,69.87
28.60,28.60,44.17,32.12,71.98
25.74,25.74,46.63,45.34,74.18
28.61,28.61,55.11,65.06,84.78
25.54,25.54,69.67,84.59,84.35
24.16,24.16,71.16,84.73,81.77
26.83,26.83,69.26,81.40,83.93
30.87,30.87,68.00,76.79,84.34
36.85,36.85,67.72,75.97,82.41
35.95,35.95,65.49,72.41,81.16
29.25,29.25,65.88,72.55,82.40
27.10,27.10,53.60,64.98,82.56
26.73,26.73,56.73,67.94,80.75
28.24,28.24,63.06,75.37,80.97
32.29,32.29,57.50,75.26,79.70
27.71,27.71,56.89,75.17,80.23
27.51,27.51,53.59,73.77,80.75
28.30,28.30,51.10,72.80,78.45
28.43,28.43,49.47,69.51,79.89
30.06,30.06,48.94,71.62,77.79
28.42,28.42,46.83,73.52,79.94
28.35,28.35,45.20,74.51,79.43
26.40,26.40,44.96,72.62,78.65
24.22,24.22,45.05,69.59,77.66
29.47,29.47,56.87,69.22,78.07
24.96,24.96,59.19,69.91,78.61
25.16,25.16,52.37,71.16,78.30
25.70,25.70,49.62,71.18,78.51
27.30,27.30,48.26,70.85,78.80
28.72,28.72,46.89,68.09,79.62
29.07,29.07,46.33,67.84,77.53
28.28,28.28,45.31,69.70,78.11
27.69,27.69,44.07,71.84,78.57
27.60,27.60,44.85,71.33,78.97
26.76,26.76,48.11,69.97,78.32
32.03,32.03,61.43,75.88,78.21
30.05,30.05,74.46,85.55,78.89
28.61,28.61,63.48,77.39,79.24
28.07,28.07,65.64,69.20,78.38
29.50,29.50,64.92,75.79,78.23
26.98,26.98,67.40,77.87,78.76
27.85,27.85,66.11,73.57,78.96
26.13,26.13,59.90,71.78,78.63
28.28,28.28,60.27,69.36,77.91
29.48,29.48,58.48,75.53,76.53
30.88,30.88,58.13,70.78,78.29
32.18,32.18,56.49,70.76,76.91
32.52,32.52,56.30,72.71,76.75
33.92,33.92,58.09,74.13,77.08
34.66,34.66,50.06,70.16,78.40
33.94,33.94,51.67,71.03,77.61
34.80,34.80,49.45,67.94,76.38
34.43,34.43,55.05,72.69,75.90
33.44,33.44,46.68,69.97,75.78
30.65,30.65,48.81,69.50,73.02
26.87,26.87,52.67,69.21,74.24
28.15,28.15,64.03,69.69,74.38
32.90,32.90,56.35,67.44,78.06
33.19,33.19,51.87,67.18,80.14
33.29,33.29,50.73,68.09,79.44
34.37,34.37,49.13,67.96,78.39
35.11,35.11,49.51,67.02,77.79
35.65,35.65,48.44,69.11,77.55
37.26,37.26,47.46,66.89,77.15
37.86,37.86,47.35,68.02,77.17
39.78,39.78,46.84,69.77,76.83
40.50,40.50,52.60,65.68,74.06
35.88,35.88,52.64,69.15,63.48
33.98,33.98,51.52,65.80,63.64
35.08,35.08,50.44,69.19,63.88
32.64,32.64,48.51,67.57,63.94
31.12,31.12,48.24,70.34,61.02
29.87,29.87,46.51,68.33,61.69
26.20,26.20,45.53,67.39,61.69
23.50,23.50,45.03,63.79,61.44
30.75,30.75,48.65,60.69,76.01
23.31,23.31,47.30,55.25,79.86
26.93,26.93,53.76,58.52,79.20
26.43,26.43,51.79,55.61,78.14
26.08,26.08,50.91,55.66,77.70
25.62,25.62,49.43,56.89,77.57
26.45,26.45,48.38,55.98,77.04
27.68,27.68,47.43,57.68,76.82
29.23,29.23,46.80,56.07,77.18
27.56,27.56,44.01,56.87,76.87
25.93,25.93,46.62,52.02,76.65
18.53,18.53,52.35,57.17,76.86
19.79,19.79,63.01,66.70,77.85
16.71,16.71,66.61,77.96,78.60
18.92,18.92,66.69,84.81,84.13
20.86,20.86,65.97,84.69,80.80
23.82,23.82,62.16,81.02,86.09
26.49,26.49,64.54,85.27,80.79
29.31,29.31,62.08,78.37,81.78
30.71,30.71,60.36,74.98,81.79
30.83,30.83,61.70,81.06,81.56
31.74,31.74,59.65,77.72,81.21
35.19,35.19,57.67,72.42,78.06
39.09,39.09,57.17,74.50,82.81
39.54,39.54,57.29,77.76,81.47
38.78,38.78,54.08,72.73,81.49
39.18,39.18,54.06,69.47,80.52
38.46,38.46,54.67,71.99,83.56
38.43,38.43,51.57,67.79,76.59
38.54,38.54,49.75,63.09,81.52
37.24,37.24,51.52,64.37,79.47
36.83,36.83,50.51,56.19,82.24
35.34,35.34,50.75,56.19,79.15
42.82,42.82,52.15,64.68,80.76
42.09,42.09,48.74,65.80,78.64
41.96,41.96,49.01,68.68,79.60
41.10,41.10,46.26,71.00,77.43
40.19,40.19,44.41,70.95,79.23
40.62,40.62,42.89,73.61,77.05
39.68,39.68,41.51,73.95,78.14
38.04,38.04,40.92,73.96,80.66
34.80,34.80,41.81,74.98,78.09
28.61,28.61,43.24,76.59,78.30
30.79,30.79,55.15,75.85,77.71
30.18,30.18,62.46,79.51,83.26
26.77,26.77,61.80,80.17,80.73
31.07,31.07,60.42,72.89,79.68
34.64,34.64,60.82,70.57,78.43
37.39,37.39,61.37,75.83,80.22
39.27,39.27,59.95,76.24,77.93
40.10,40.10,58.82,73.36,79.14
39.32,39.32,59.06,73.75,78.09
39.57,39.57,57.40,76.38,79.66
40.10,40.10,54.15,74.88,78.67
43.14,43.14,54.55,73.17,77.33
37.48,37.48,54.26,73.71,74.16
34.84,34.84,53.20,73.75,74.95
36.35,36.35,52.02,72.87,77.70
36.96,36.96,51.57,71.94,79.50
37.48,37.48,49.03,73.00,78.81
38.41,38.41,46.15,70.98,78.09
37.06,37.06,45.83,70.05,79.21
37.28,37.28,46.54,70.89,77.40
36.59,36.59,45.02,69.20,77.67
39.03,39.03,47.53,67.85,77.85
41.74,41.74,51.41,67.13,76.85
40.71,40.71,50.36,66.23,74.52
40.24,40.24,47.66,63.68,77.42
40.84,40.84,46.87,64.23,72.33
40.54,40.54,44.95,61.60,74.43
41.08,41.08,44.04,56.97,73.86
38.40,38.40,43.25,52.94,75.89
33.75,33.75,42.82,56.60,72.08
28.63,28.63,45.16,52.90,74.97
29.41,29.41,51.85,60.28,76.51
24.15,24.15,64.31,58.37,79.32
24.33,24.33,56.10,60.20,77.13
29.83,29.83,51.92,62.01,78.00
33.29,33.29,49.21,63.95,78.24
35.65,35.65,47.51,62.74,77.51
37.01,37.01,47.13,53.51,75.95
37.60,37.60,45.17,49.60,77.19
36.70,36.70,43.79,52.69,77.18
38.71,38.71,42.57,52.33,75.77
38.35,38.35,42.05,53.19,77.35
40.27,40.27,47.10,51.06,74.66
38.73,38.73,51.25,53.46,72.94
34.04,34.04,51.30,53.61,67.77
29.21,29.21,49.74,51.38,67.58
26.98,26.98,49.40,55.01,76.19
25.37,25.37,47.81,53.43,74.90
27.72,27.72,47.60,55.15,73.31
29.32,29.32,45.47,58.06,73.21
29.24,29.24,44.09,58.16,72.23
28.29,28.29,43.72,55.83,73.43
24.45,24.45,44.40,57.10,73.63
27.68,27.68,60.94,73.90,80.21
22.19,22.19,62.49,76.40,81.63
22.98,22.98,65.63,85.23,80.63
24.35,24.35,63.84,84.75,80.41
25.92,25.92,63.25,86.15,79.01
28.77,28.77,62.58,86.78,77.79
28.72,28.72,58.04,84.67,78.87
29.25,29.25,56.90,83.95,78.97
30.49,30.49,58.12,84.75,79.37
28.98,28.98,53.58,82.99,79.16
32.03,32.03,56.40,81.01,78.81
35.19,35.19,53.45,81.80,79.03
35.71,35.71,53.08,81.20,77.67
36.31,36.31,50.81,79.17,78.35
37.17,37.17,49.89,79.60,78.10
38.21,38.21,47.84,77.45,78.27
39.23,39.23,45.53,77.41,77.48
38.09,38.09,44.86,78.66,78.07
34.76,34.76,43.10,77.24,78.68
28.60,28.60,45.12,76.87,78.93
23.79,23.79,48.74,78.20,78.40
22.62,22.62,64.08,76.38,78.37
22.28,22.28,55.73,77.73,78.18
26.83,26.83,51.32,78.24,77.72
30.16,30.16,48.55,75.75,75.58
32.75,32.75,47.23,77.08,79.51
34.77,34.77,46.46,77.51,78.07
36.13,36.13,44.79,75.71,78.55
35.25,35.25,42.73,76.68,77.69
36.17,36.17,41.93,76.56,78.39
34.64,34.64,41.75,74.68,77.51
39.79,39.79,48.37,75.37,76.21
41.57,41.57,50.29,75.77,76.90
41.69,41.69,49.98,74.11,74.52
41.82,41.82,47.34,74.71,76.07
42.33,42.33,46.17,74.60,74.97
40.62,40.62,44.99,72.96,76.96
42.31,42.31,43.69,73.42,74.82
40.01,40.01,42.79,73.43,76.10
36.60,36.60,42.34,72.17,72.66
31.65,31.65,43.51,71.98,75.63
32.53,32.53,52.09,72.27,73.20
39.52,39.52,57.51,71.04,82.74
35.56,35.56,52.34,69.24,78.78
36.05,36.05,50.97,70.04,77.83
37.29,37.29,49.15,69.46,76.98
38.42,38.42,47.21,68.18,76.77
38.31,38.31,46.59,68.80,77.07
37.56,37.56,46.29,66.71,76.01
33.99,33.99,45.49,64.82,76.84
30.17,30.17,52.14,66.55,75.23
20.62,20.62,49.55,66.65,63.42
17.25,17.25,61.37,65.13,59.09
21.10,21.10,58.95,66.34,61.22
27.45,27.45,53.19,65.06,60.10
29.82,29.82,50.21,63.43,62.30
33.84,33.84,49.13,63.92,63.70
34.77,34.77,49.59,65.52,61.61
32.15,32.15,47.74,65.09,65.06
26.40,26.40,45.87,65.22,63.43
28.02,28.02,46.52,64.32,63.91
31.74,31.74,50.33,64.83,81.36
28.58,28.58,50.97,63.14,79.43
27.06,27.06,54.44,64.96,78.75
26.67,26.67,53.58,64.83,77.96
32.82,32.82,53.22,63.44,80.40
30.88,30.88,51.31,64.61,77.80
31.82,31.82,49.73,60.90,79.18
31.79,31.79,48.57,47.01,78.23
32.00,32.00,47.22,39.91,75.27
30.82,30.82,45.32,35.10,75.83
33.54,33.54,47.70,37.31,76.86
34.93,34.93,48.67,38.51,75.04
34.25,34.25,54.11,34.45,77.35
32.40,32.40,52.31,27.21,74.73
34.49,34.49,51.70,25.40,71.75
35.57,35.57,50.72,22.10,73.57
35.93,35.93,49.22,23.02,74.79
36.19,36.19,48.14,22.48,72.75
35.75,35.75,47.20,24.28,74.55
33.03,33.03,45.54,28.07,72.11
31.75,31.75,45.10,34.22,72.17
25.36,25.36,46.58,41.69,71.77
25.55,25.55,56.91,60.08,74.44
19.68,19.68,62.91,80.42,75.59
19.21,19.21,55.10,88.54,76.76
24.93,24.93,51.68,85.95,74.74
33.73,33.73,49.99,83.93,74.68
36.27,36.27,49.41,82.43,75.23
38.35,38.35,48.79,81.09,74.86
39.38,39.38,47.01,81.74,73.75
41.07,41.07,45.39,82.40,74.36
43.97,43.97,44.67,81.51,74.50
41.97,41.97,44.67,79.58,74.92
35.78,35.78,53.30,76.46,74.33
28.77,28.77,51.90,78.65,75.42
31.97,31.97,51.37,74.28,74.82
32.23,32.23,49.16,72.31,74.56
31.14,31.14,48.24,73.15,74.83
33.99,33.99,47.08,72.63,73.89
32.19,32.19,45.84,68.81,73.23
32.21,32.21,44.14,67.59,73.43
32.73,32.73,43.89,69.93,73.06
30.57,30.57,42.92,67.97,73.17
29.37,29.37,47.50,65.94,74.46
29.52,29.52,52.30,66.78,78.37
28.27,28.27,51.27,71.38,82.20
25.87,25.87,48.87,65.80,84.79
28.15,28.15,47.49,64.35,81.50
28.93,28.93,46.50,67.78,82.04
28.35,28.35,46.01,71.95,78.69
29.06,29.06,44.41,68.48,81.42
28.70,28.70,43.14,69.11,78.76
26.59,26.59,43.24,70.76,73.29
23.93,23.93,44.93,72.85,74.27
20.04,20.04,63.28,76.43,70.64
17.62,17.62,57.53,85.26,74.31
20.31,20.31,53.73,87.66,74.66
23.53,23.53,50.00,83.97,73.94
25.87,25.87,48.30,85.07,73.73
25.49,25.49,48.05,80.62,71.14
26.63,26.63,46.56,82.10,70.98
26.36,26.36,44.99,80.92,70.18
27.18,27.18,44.10,80.76,70.91
24.85,24.85,43.42,81.93,67.33
23.96,23.96,48.42,80.32,66.07
25.25,25.25,52.13,81.62,65.83
28.26,28.26,51.87,79.70,68.48
28.84,28.84,49.87,80.02,67.10
28.12,28.12,49.09,80.45,65.50
25.63,25.63,47.84,79.42,65.61
26.84,26.84,47.13,78.87,65.53
25.77,25.77,45.37,78.55,67.36
25.77,25.77,44.07,78.21,66.59
25.41,25.41,43.55,77.23,67.86
23.82,23.82,43.42,76.27,68.87
25.69,25.69,53.47,77.47,68.48
19.99,19.99,51.44,76.11,69.12
18.65,18.65,50.00,76.69,78.75
18.61,18.61,48.01,75.92,83.42
16.70,16.70,47.01,75.19,79.47
19.28,19.28,46.94,74.97,82.26
21.99,21.99,45.00,74.18,79.88
19.85,19.85,43.59,74.22,80.64
17.78,17.78,45.38,73.01,79.58
11.20,11.20,46.90,72.49,75.42
12.70,12.70,59.54,72.11,73.17
13.07,13.07,60.15,71.22,75.66
18.48,18.48,53.23,69.58,73.56
20.45,20.45,50.60,68.97,73.57
25.04,25.04,49.24,69.93,73.93
25.99,25.99,47.82,69.33,73.71
26.96,26.96,47.38,69.21,73.19
33.08,33.08,47.15,67.52,72.09
35.40,35.40,45.50,69.36,72.72
30.89,30.89,43.32,68.21,72.61
27.15,27.15,44.49,68.77,72.97
26.42,26.42,53.61,61.80,72.68
22.63,22.63,52.12,61.99,72.11
21.35,21.35,50.40,61.87,83.47
20.51,20.51,47.20,62.44,79.19
23.16,23.16,46.45,62.36,80.94
24.44,24.44,46.60,62.97,80.87
21.67,21.67,44.91,63.11,77.56
20.26,20.26,42.86,63.72,81.25
20.97,20.97,43.12,63.96,80.30
17.74,17.74,42.69,64.65,80.86
19.17,19.17,49.85,68.95,82.17
19.19,19.19,52.11,82.77,79.90
17.43,17.43,50.00,85.55,80.12
17.90,17.90,47.85,82.29,78.37
20.09,20.09,47.44,82.41,80.31
21.58,21.58,46.14,79.42,82.02
23.46,23.46,45.46,78.76,79.03
23.13,23.13,43.74,79.86,80.76
22.19,22.19,42.85,79.96,81.45
21.34,21.34,42.01,79.62,79.28
20.93,20.93,44.31,77.40,81.23
24.89,24.89,52.55,74.67,80.07
24.63,24.63,50.84,75.27,79.31
24.78,24.78,49.84,73.75,78.01
25.24,25.24,47.77,71.89,77.60
25.98,25.98,46.72,69.36,80.12
27.60,27.60,46.68,68.09,80.08
28.80,28.80,45.35,70.42,80.82
26.10,26.10,43.60,68.21,78.55
23.55,23.55,44.60,67.32,78.65
26.05,26.05,44.07,72.03,79.11
28.29,28.29,58.35,67.62,79.03
23.90,23.90,58.75,68.01,79.53
22.43,22.43,52.35,66.32,77.45
25.59,25.59,49.23,72.11,80.97
26.27,26.27,47.96,66.90,80.26
27.21,27.21,47.69,67.17,77.28
27.40,27.40,46.34,70.31,80.34
28.75,28.75,44.94,72.99,78.77
30.26,30.26,44.40,69.74,77.17
33.60,33.60,43.00,70.37,76.21
35.01,35.01,46.10,72.39,72.87
29.70,29.70,52.80,76.44,82.03
23.49,23.49,51.32,83.61,77.42
25.07,25.07,50.68,83.84,77.59
27.27,27.27,49.51,81.41,84.44
22.71,22.71,47.04,82.39,80.88
22.22,22.22,46.77,78.42,80.39
24.41,24.41,45.74,80.39,78.80
26.50,26.50,43.78,78.43,78.83
29.28,29.28,44.38,78.75,78.12
28.23,28.23,43.90,79.66,78.36
29.93,29.93,51.48,76.06,77.81
33.04,33.04,52.55,77.54,74.97
26.80,26.80,51.17,75.62,67.56
25.45,25.45,49.56,76.26,66.00
29.16,29.16,48.93,76.24,64.33
30.03,30.03,47.63,75.44,67.21
34.69,34.69,46.11,76.42,69.23
35.54,35.54,45.19,73.82,70.17
33.46,33.46,45.24,75.46,70.92
28.67,28.67,44.37,75.00,71.20
28.07,28.07,51.02,73.59,71.14
37.26,37.26,62.96,74.02,75.70
40.68,40.68,54.45,73.04,80.66
38.73,38.73,51.18,69.23,79.21
35.51,35.51,49.01,65.60,77.78
34.45,34.45,48.76,68.06,77.06
37.17,37.17,48.10,66.69,77.42
42.10,42.10,47.73,69.12,76.81
43.42,43.42,44.80,67.78,76.79
42.82,42.82,44.52,67.67,76.43
42.30,42.30,44.39,66.28,77.32
38.88,38.88,53.05,72.68,77.48
31.71,31.71,52.61,82.12,72.49
26.92,26.92,51.76,87.15,80.62
24.47,24.47,49.11,82.28,79.02
25.57,25.57,48.80,83.69,79.31
25.17,25.17,47.12,78.45,79.10
26.83,26.83,45.75,80.62,76.57
29.90,29.90,45.06,79.17,77.52
30.53,30.53,44.33,78.94,77.66
32.84,32.84,44.43,80.53,78.72
34.03,34.03,48.34,77.78,75.24
33.41,33.41,53.86,80.55,70.06
37.00,37.00,52.65,78.13,68.63
38.01,38.01,50.71,78.43,67.93
39.08,39.08,49.95,79.22,69.28
39.24,39.24,48.76,77.96,70.93
38.75,38.75,48.56,78.58,71.08
36.53,36.53,46.78,77.64,69.78
29.34,29.34,44.95,76.65,69.40
24.05,24.05,46.09,77.31,68.31
27.46,27.46,51.61,75.97,73.29
20.23,20.23,63.11,78.74,77.35
16.76,16.76,57.51,78.22,77.29
18.45,18.45,54.84,78.81,75.31
19.23,19.23,54.82,83.29,75.45
22.05,22.05,53.17,77.18,74.26
25.20,25.20,53.55,84.32,75.53
28.35,28.35,51.55,80.17,73.89
29.65,29.65,50.95,83.29,73.96
27.63,27.63,49.64,79.82,74.62
27.13,27.13,49.35,81.79,77.39
24.37,24.37,50.68,78.94,78.66
27.27,27.27,52.53,79.73,79.35
28.60,28.60,51.52,77.73,79.29
28.74,28.74,49.82,78.36,79.57
27.91,27.91,48.44,76.51,79.65
27.35,27.35,46.61,75.06,79.02
28.26,28.26,46.85,73.65,79.47
27.81,27.81,45.00,73.29,78.51
27.45,27.45,43.11,73.18,79.09
28.21,28.21,42.50,73.15,77.34
26.50,26.50,42.05,73.35,78.17
28.20,28.20,52.68,72.66,77.05
25.77,25.77,50.99,71.97,76.89
25.92,25.92,50.67,71.67,77.14
27.10,27.10,48.55,70.91,76.84
29.50,29.50,47.39,69.90,75.71
31.79,31.79,46.97,68.49,75.36
34.08,34.08,44.67,64.99,74.66
32.32,32.32,43.14,64.37,76.16
29.51,29.51,43.49,65.01,73.57
21.94,21.94,44.34,66.02,75.22
14.21,14.21,55.86,64.42,77.45
10.69,10.69,63.73,81.03,80.15
12.54,12.54,67.58,87.28,79.19
12.71,12.71,62.20,85.77,78.43
17.71,17.71,62.98,84.33,78.79
22.05,22.05,62.50,83.19,78.19
27.33,27.33,61.38,79.51,78.42
28.43,28.43,61.03,81.54,78.04
28.52,28.52,59.70,79.26,77.11
29.48,29.48,58.15,81.75,79.31
29.29,29.29,55.64,79.56,77.86
37.18,37.18,55.26,79.18,77.10
35.18,35.18,55.13,79.64,76.77
35.76,35.76,55.49,77.68,78.40
36.64,36.64,53.88,79.12,78.61
36.68,36.68,50.91,77.77,75.93
37.41,37.41,50.19,78.15,77.79
36.46,36.46,50.24,76.92,77.09
33.20,33.20,50.92,76.69,77.10
29.42,29.42,50.71,75.40,77.26
24.66,24.66,50.29,76.23,81.38
24.15,24.15,52.38,74.16,80.76
25.36,25.36,52.14,75.73,79.67
23.23,23.23,51.55,71.70,81.63
23.41,23.41,49.69,74.79,78.55
24.11,24.11,49.10,69.39,79.71
24.72,24.72,47.68,74.17,79.60
26.88,26.88,47.62,68.01,79.54
25.54,25.54,47.22,72.66,79.61
22.99,22.99,45.78,67.03,79.17
17.88,17.88,46.17,71.45,78.91
13.91,13.91,51.40,64.49,79.67
16.58,16.58,64.26,69.09,77.14
17.44,17.44,55.27,61.49,78.23
19.56,19.56,51.60,66.20,78.80
22.47,22.47,49.12,61.58,78.06
24.14,24.14,47.59,63.13,74.50
26.12,26.12,47.34,61.95,80.68
27.42,27.42,46.21,62.49,76.92
26.68,26.68,44.47,61.79,78.32
26.67,26.67,42.82,61.88,77.98
26.89,26.89,43.43,61.26,76.46
29.51,29.51,49.84,62.24,76.44
30.19,30.19,52.05,62.97,79.63
28.37,28.37,51.69,63.50,78.09
29.27,29.27,49.71,64.35,77.29
32.29,32.29,48.22,65.52,80.85
33.08,33.08,47.18,66.19,74.72
30.58,30.58,46.11,66.78,75.35
30.63,30.63,44.61,66.52,79.38
27.45,27.45,42.74,65.94,76.72
22.29,22.29,42.37,66.01,80.86
24.47,24.47,51.66,64.81,80.91
26.51,26.51,60.71,76.54,81.27
25.50,25.50,59.67,76.48,79.18
25.99,25.99,64.60,81.72,79.09
29.61,29.61,59.32,79.31,80.37
30.88,30.88,58.50,78.61,80.32
30.76,30.76,56.46,80.17,77.98
31.50,31.50,54.65,80.15,79.58
31.20,31.20,55.05,80.01,76.57
32.21,32.21,54.20,79.14,79.02
29.00,29.00,54.80,79.29,77.50
32.75,32.75,55.10,77.50,79.89
32.92,32.92,53.55,77.19,77.73
33.76,33.76,52.83,75.77,80.26
33.71,33.71,51.68,75.61,75.98
34.92,34.92,49.19,72.65,78.33
35.64,35.64,48.32,71.47,75.26
35.70,35.70,47.12,72.51,77.70
35.61,35.61,46.60,72.86,75.86
32.81,32.81,46.42,73.09,78.25
27.03,27.03,45.70,73.30,76.76
27.00,27.00,51.51,73.50,77.47
22.45,22.45,62.88,72.98,77.94
23.71,23.71,54.43,72.18,75.81
26.32,26.32,51.05,71.64,79.07
28.73,28.73,48.29,71.00,75.40
32.08,32.08,47.31,69.46,78.65
33.52,33.52,46.27,67.37,74.40
35.04,35.04,44.52,64.85,79.20
35.89,35.89,42.24,64.58,72.77
36.59,36.59,42.29,63.35,78.45
35.01,35.01,42.69,62.87,73.48
39.60,39.60,51.46,64.45,78.49
39.37,39.37,51.37,64.64,75.91
39.73,39.73,50.51,64.09,77.25
39.52,39.52,47.87,64.51,76.46
40.25,40.25,47.21,64.05,76.03
40.87,40.87,45.69,62.73,76.12
40.30,40.30,43.50,64.37,73.44
40.77,40.77,41.63,65.39,75.23
39.55,39.55,41.85,65.92,72.90
33.64,33.64,41.37,66.09,75.33
30.47,30.47,46.58,65.96,73.12
31.75,31.75,53.95,66.34,79.51
28.46,28.46,51.91,64.91,78.35
29.45,29.45,50.55,64.99,78.12
30.20,30.20,49.34,64.94,75.80
32.36,32.36,48.61,65.19,74.74
33.61,33.61,47.91,65.26,75.51
33.64,33.64,46.59,64.61,74.78
31.01,31.01,45.97,64.39,73.69
27.31,27.31,47.09,64.96,74.99
19.56,19.56,47.70,65.03,74.19
22.18,22.18,63.62,64.84,73.76
26.58,26.58,59.04,64.59,73.96
28.32,28.32,52.84,64.40,67.62
30.89,30.89,49.94,64.46,58.55
35.72,35.72,48.48,64.42,55.94
37.29,37.29,47.24,64.26,56.46
35.02,35.02,45.34,63.44,55.69
29.92,29.92,45.13,62.92,56.21
26.03,26.03,44.80,62.49,59.10
30.69,30.69,50.58,61.07,72.06
26.74,26.74,50.50,58.38,79.77
21.87,21.87,52.48,46.77,78.44
21.61,21.61,51.91,33.01,76.73
22.87,22.87,49.50,25.92,76.55
23.71,23.71,49.47,26.45,75.20
25.74,25.74,48.40,22.15,75.45
25.98,25.98,47.70,17.52,75.67
25.02,25.02,46.86,13.22,75.50
24.36,24.36,45.49,11.41,75.51
24.13,24.13,44.76,11.51,76.06
22.78,22.78,44.28,14.07,75.84
25.88,25.88,53.06,19.63,76.33
23.17,23.17,51.92,22.58,76.86
26.51,26.51,52.03,35.33,74.79
27.52,27.52,51.27,41.34,73.90
25.50,25.50,49.18,28.72,75.88
25.71,25.71,48.53,19.97,74.33
27.24,27.24,47.48,17.45,72.10
25.88,25.88,46.48,20.44,75.72
24.05,24.05,46.14,32.76,73.13
22.06,22.06,46.08,49.64,71.39
30.19,30.19,61.39,62.25,76.17
23.48,23.48,70.82,78.61,72.06
23.80,23.80,70.35,84.62,75.32
24.57,24.57,70.67,86.62,76.74
26.60,26.60,65.15,83.22,74.21
26.53,26.53,67.55,86.76,76.62
27.35,27.35,65.35,84.28,77.12
26.25,26.25,63.08,76.42,76.12
27.97,27.97,63.44,80.94,75.76
28.63,28.63,62.97,83.74,75.02
26.87,26.87,61.09,72.79,73.42
29.57,29.57,59.40,76.88,74.28
29.68,29.68,61.11,80.24,74.66
30.02,30.02,58.28,75.44,74.23
30.17,30.17,55.82,72.26,74.00
32.14,32.14,56.11,72.74,74.59
32.64,32.64,55.22,73.38,75.32
31.32,31.32,52.69,67.69,74.69
30.31,30.31,54.19,61.98,74.60
28.66,28.66,53.86,65.57,74.09
29.61,29.61,50.70,65.10,74.59
37.27,37.27,60.71,64.11,74.85
29.78,29.78,62.53,67.12,74.95
27.75,27.75,53.95,68.26,74.97
27.71,27.71,51.75,70.30,75.00
30.02,30.02,50.48,73.82,74.64
31.91,31.91,48.31,74.12,75.39
33.35,33.35,48.55,76.00,75.33
33.78,33.78,45.98,76.57,75.13
32.63,32.63,45.50,75.95,74.82
31.51,31.51,47.59,78.60,74.79
29.89,29.89,55.55,77.76,74.25
33.69,33.69,66.85,75.24,73.14
30.61,30.61,76.89,86.35,71.15
35.11,35.11,67.17,78.99,72.09
38.76,38.76,70.28,78.30,72.65
39.94,39.94,68.22,75.34,72.64
39.87,39.87,68.30,80.01,72.36
37.26,37.26,65.44,74.61,72.04
32.38,32.38,66.74,79.16,71.68
25.65,25.65,64.27,77.89,71.93
18.22,18.22,62.08,73.72,72.52
16.80,16.80,65.59,76.59,82.67
11.67,11.67,63.44,78.59,83.53
13.24,13.24,58.27,71.34,80.13
21.27,21.27,57.07,69.24,81.25
26.37,26.37,58.42,75.73,83.29
30.60,30.60,55.81,74.11,80.08
33.94,33.94,52.14,65.49,80.25
34.35,34.35,51.57,73.38,76.65
34.09,34.09,50.94,73.16,75.98
35.17,35.17,48.52,67.45,73.37
36.16,36.16,50.41,70.87,71.03
40.94,40.94,52.12,70.87,68.53
35.92,35.92,51.40,66.29,68.20
31.12,31.12,50.37,64.55,79.22
30.30,30.30,49.65,67.81,78.50
32.66,32.66,48.16,63.45,79.08
34.39,34.39,46.56,64.46,78.83
35.67,35.67,44.89,66.05,77.00
32.94,32.94,43.72,62.77,78.42
29.45,29.45,45.06,63.02,76.95
23.94,23.94,45.96,63.42,77.03
25.97,25.97,61.79,57.31,71.19
19.80,19.80,61.73,64.43,70.12
21.24,21.24,53.23,64.70,67.44
22.31,22.31,50.93,62.36,68.14
24.84,24.84,50.07,65.31,68.95
26.31,26.31,48.70,67.25,68.61
27.42,27.42,47.04,64.81,68.73
31.52,31.52,47.14,65.45,69.31
32.21,32.21,45.86,63.28,69.51
29.43,29.43,45.23,61.89,69.47
34.46,34.46,47.50,62.16,69.68
38.28,38.28,53.94,61.63,69.43
36.29,36.29,52.98,61.42,68.61
32.72,32.72,51.13,61.54,67.74
32.02,32.02,50.25,60.58,66.83
32.03,32.03,49.18,59.71,66.07
33.26,33.26,48.87,59.31,65.36
33.49,33.49,46.30,58.42,65.28
29.70,29.70,44.19,56.30,65.93
22.65,22.65,46.50,54.36,67.00
14.22,14.22,50.20,52.76,77.13
12.60,12.60,64.05,62.01,82.74
12.85,12.85,69.87,77.61,80.39
18.39,18.39,71.27,83.47,80.82
19.58,19.58,70.19,85.16,81.40
21.65,21.65,67.35,82.56,81.53
22.39,22.39,67.54,85.77,83.16
23.95,23.95,65.53,79.76,79.54
26.63,26.63,63.53,75.87,78.69
28.01,28.01,63.92,82.11,83.33
29.00,29.00,62.46,78.43,75.75
31.68,31.68,60.32,73.60,81.78
36.34,36.34,59.84,76.28,81.60
36.87,36.87,59.54,77.54,81.76
37.55,37.55,56.52,74.42,80.07
37.32,37.32,55.38,68.67,82.04
38.08,38.08,56.02,73.72,78.42
38.14,38.14,53.41,69.63,82.17
37.97,37.97,51.49,62.68,80.02
35.04,35.04,52.08,64.71,79.76
32.57,32.57,50.99,58.63,79.89
29.42,29.42,51.28,57.36,76.16
29.67,29.67,65.39,66.86,77.45
26.27,26.27,59.54,66.47,74.44
26.65,26.65,52.12,66.20,66.07
29.46,29.46,49.99,72.13,66.85
32.87,32.87,49.39,72.50,67.20
35.15,35.15,47.25,73.56,67.19
33.15,33.15,46.65,75.13,67.49
33.89,33.89,44.82,75.15,67.17
34.23,34.23,43.27,76.89,66.09
32.98,32.98,43.41,77.12,65.16
31.46,31.46,53.71,76.81,64.98
26.35,26.35,65.22,78.57,70.49
22.13,22.13,74.26,82.71,77.16
22.67,22.67,68.52,78.67,83.53
25.52,25.52,72.04,76.45,80.79
28.70,28.70,71.01,72.21,80.93
31.39,31.39,68.37,77.56,80.25
32.29,32.29,66.62,73.51,82.62
29.77,29.77,65.91,77.36,78.24
26.08,26.08,64.07,71.06,80.83
19.53,19.53,61.69,76.29,73.63
18.21,18.21,67.29,75.44,71.44
19.75,19.75,62.32,75.61,65.57
25.54,25.54,60.12,72.61,62.51
32.50,32.50,58.90,70.84,59.27
33.67,33.67,58.29,74.95,57.63
35.18,35.18,55.86,74.73,57.89
33.72,33.72,54.96,67.16,56.97
34.02,34.02,55.14,72.22,60.10
31.66,31.66,53.66,73.29,59.42
19.97,19.97,51.65,69.37,59.36
21.31,21.31,57.67,69.40,69.41
19.28,19.28,62.30,69.90,74.76
22.07,22.07,54.36,67.71,74.84
25.99,25.99,51.52,61.42,73.61
27.72,27.72,50.74,66.58,73.42
28.77,28.77,48.93,65.92,72.37
28.64,28.64,48.26,62.46,71.02
26.52,26.52,48.31,66.71,70.67
22.68,22.68,45.89,63.20,71.84
20.04,20.04,48.49,61.68,71.88
22.16,22.16,58.37,65.32,80.45
24.94,24.94,65.69,59.96,80.88
24.12,24.12,56.92,59.87,79.71
21.26,21.26,52.88,65.77,78.45
20.00,20.00,50.29,63.42,77.90
22.25,22.25,49.11,62.16,77.78
23.60,23.60,49.60,66.96,77.18
24.36,24.36,48.39,66.16,77.79
25.85,25.85,46.63,63.62,76.90
26.47,26.47,45.18,63.84,77.89
25.03,25.03,44.83,60.62,76.38
24.33,24.33,48.51,58.90,76.56
25.49,25.49,52.94,57.09,76.06
26.93,26.93,55.72,53.71,81.23
27.63,27.63,50.99,52.07,78.42
27.14,27.14,49.87,51.23,77.06
25.08,25.08,48.10,50.69,76.63
26.30,26.30,48.28,51.38,75.64
26.84,26.84,47.21,52.14,75.92
27.49,27.49,47.24,54.07,75.39
25.94,25.94,49.07,55.14,74.77
21.39,21.39,54.41,56.29,74.99
26.55,26.55,69.37,71.92,75.77
25.95,25.95,64.69,80.04,76.66
25.68,25.68,70.97,89.85,76.63
31.68,31.68,65.57,87.36,76.40
34.92,34.92,63.89,85.51,76.41
34.96,34.96,62.50,83.49,76.17
32.88,32.88,52.44,80.07,76.15
33.36,33.36,54.67,84.03,75.77
33.23,33.23,57.46,83.99,76.22
31.16,31.16,56.25,84.56,76.00
30.61,30.61,55.02,81.62,76.19
27.42,27.42,52.89,83.29,76.06
27.97,27.97,51.79,82.53,75.82
29.29,29.29,50.59,84.41,76.36
28.67,28.67,49.32,82.45,75.93
28.63,28.63,47.67,83.19,75.80
29.35,29.35,47.20,83.22,75.89
29.35,29.35,46.05,81.97,75.67
29.84,29.84,46.25,82.43,75.80
29.00,29.00,46.87,79.72,75.34
31.76,31.76,50.04,83.23,75.84
33.45,33.45,65.96,81.75,75.65
28.66,28.66,55.68,82.75,75.23
24.75,24.75,52.21,78.80,75.55
23.94,23.94,50.02,80.97,75.77
24.06,24.06,49.65,80.75,75.29
26.24,26.24,49.21,81.79,75.15
26.10,26.10,47.64,81.49,75.46
26.68,26.68,46.64,79.14,75.43
25.61,25.61,46.66,82.07,75.15
25.86,25.86,54.82,79.57,74.76
30.39,30.39,67.02,80.75,75.71
30.43,30.43,67.57,78.44,75.03
29.14,29.14,69.83,83.94,74.82
26.96,26.96,56.87,77.17,75.93
28.08,28.08,54.72,75.59,75.00
29.22,29.22,62.64,80.44,74.68
28.97,28.97,60.33,81.12,74.82
26.01,26.01,60.45,83.05,75.28
24.23,24.23,54.28,79.40,75.02
31.08,31.08,51.05,77.66,77.96
28.28,28.28,52.64,79.20,83.96
23.13,23.13,64.53,78.58,81.92
17.45,17.45,54.66,79.29,82.96
18.55,18.55,50.74,81.57,81.74
20.01,20.01,48.57,79.80,83.20
24.03,24.03,47.06,79.22,82.71
27.13,27.13,45.68,79.09,80.65
28.40,28.40,43.59,77.82,79.32
30.06,30.06,41.67,79.78,76.96
30.59,30.59,41.57,78.24,75.22
29.27,29.27,40.99,81.55,75.00
34.94,34.94,48.12,78.98,74.90
31.44,31.44,50.07,79.84,73.78
27.67,27.67,49.27,78.41,76.31
24.58,24.58,46.02,76.66,81.91
24.76,24.76,44.65,79.07,82.46
26.76,26.76,44.68,77.47,80.70
27.55,27.55,43.09,79.38,80.06
27.67,27.67,42.05,77.52,78.64
25.79,25.79,43.70,79.09,80.90
20.54,20.54,45.34,77.58,77.34
24.17,24.17,52.80,78.19,77.18
22.47,22.47,66.99,78.06,74.87
18.20,18.20,54.82,77.75,73.68
14.76,14.76,51.43,79.21,73.67
16.46,16.46,49.28,77.95,73.00
19.52,19.52,48.79,79.24,73.14
21.03,21.03,48.13,74.72,73.02
21.83,21.83,46.74,64.83,72.77
22.51,22.51,44.84,57.47,72.58
24.34,24.34,44.77,54.11,72.85
27.32,27.32,44.39,54.67,72.62
28.34,28.34,51.33,50.55,72.02
27.77,27.77,52.73,53.71,72.27
27.54,27.54,51.95,47.12,72.23
26.89,26.89,50.47,54.95,72.30
27.66,27.66,49.73,49.90,71.89
28.35,28.35,48.10,52.68,71.97
29.08,29.08,47.59,50.01,72.33
31.00,31.00,46.21,52.00,71.44
32.50,32.50,44.97,45.05,71.55
29.95,29.95,49.57,52.43,72.02
25.89,25.89,58.97,57.03,72.18
21.02,21.02,68.34,77.11,74.57
16.28,16.28,69.69,83.17,82.05
13.20,13.20,71.42,86.47,79.89
16.67,16.67,66.39,85.03,77.15
22.04,22.04,64.92,81.82,80.24
24.73,24.73,58.05,81.04,79.37
26.50,26.50,49.76,79.83,78.85
27.15,27.15,57.94,82.43,80.95
30.10,30.10,57.82,81.40,80.70
31.24,31.24,55.77,82.33,82.59
33.94,33.94,54.59,82.99,80.44
34.65,34.65,49.75,81.16,81.71
35.74,35.74,49.95,82.83,80.92
35.37,35.37,46.62,81.06,81.35
36.79,36.79,45.20,83.16,81.42
36.78,36.78,43.24,81.19,78.25
35.58,35.58,41.79,82.59,80.35
33.87,33.87,41.62,80.23,79.70
29.72,29.72,42.56,81.85,74.46
22.45,22.45,43.74,81.58,75.42
22.81,22.81,54.81,82.16,70.73
19.61,19.61,65.11,82.24,70.77
19.46,19.46,53.63,79.75,70.52
18.24,18.24,51.03,82.12,69.88
21.55,21.55,49.35,80.20,70.03
20.82,20.82,48.57,82.11,70.10
24.68,24.68,47.48,79.46,69.77
26.82,26.82,46.76,82.28,70.11
26.39,26.39,44.41,81.07,69.64
24.59,24.59,46.26,81.97,69.89
20.66,20.66,57.00,80.75,70.30
22.27,22.27,63.00,77.22,69.39
19.32,19.32,68.81,84.56,72.09
18.37,18.37,65.62,80.89,82.72
15.66,15.66,50.03,75.78,83.79
17.10,17.10,60.25,72.94,79.65
20.57,20.57,64.57,82.64,79.68
24.14,24.14,60.67,79.88,79.84
24.34,24.34,57.90,80.84,80.49
22.87,22.87,55.62,79.42,83.14
18.12,18.12,49.30,76.48,76.76
22.61,22.61,56.26,79.61,72.56
21.57,21.57,62.38,77.97,69.89
23.77,23.77,53.43,80.17,64.91
25.29,25.29,50.51,80.29,65.88
24.70,24.70,49.57,80.69,65.69
23.72,23.72,48.15,79.63,67.03
27.57,27.57,47.73,80.48,67.90
31.00,31.00,46.24,78.14,67.18
31.07,31.07,45.42,80.71,67.68
29.90,29.90,44.95,80.83,67.76
31.22,31.22,45.18,80.59,67.00
32.33,32.33,64.35,81.66,67.05
29.31,29.31,55.89,78.56,66.52
28.99,28.99,52.73,81.49,68.52
27.34,27.34,49.15,78.39,70.53
27.60,27.60,48.91,80.47,71.53
28.92,28.92,48.92,80.87,71.61
24.36,24.36,47.92,79.61,71.92
16.56,16.56,48.93,81.60,71.94
19.58,19.58,60.81,79.32,73.70
16.91,16.91,55.46,79.24,79.08
21.16,21.16,60.06,79.10,77.01
21.52,21.52,62.31,79.52,76.58
20.69,20.69,53.00,78.69,74.90
17.38,17.38,50.92,80.27,75.03
20.59,20.59,50.13,78.92,73.79
23.08,23.08,48.77,76.28,73.84
23.91,23.91,48.10,64.67,73.75
23.13,23.13,46.78,63.74,74.20
23.51,23.51,45.32,60.57,73.34
23.67,23.67,44.66,59.91,73.53
23.10,23.10,44.16,57.35,73.54
23.95,23.95,54.36,54.09,73.77
22.16,22.16,51.91,55.67,73.61
23.64,23.64,51.12,47.90,73.49
27.00,27.00,51.24,53.41,79.45
25.07,25.07,49.51,49.47,79.87
24.61,24.61,48.80,50.54,78.39
24.13,24.13,47.38,48.87,76.93
25.26,25.26,46.52,50.25,76.59
24.64,24.64,48.40,46.80,76.06
23.02,23.02,53.65,55.42,75.64
24.25,24.25,63.85,62.76,75.96
21.77,21.77,70.49,77.61,75.62
23.24,23.24,70.92,83.71,77.19
25.61,25.61,69.99,86.30,76.43
27.61,27.61,68.12,83.24,76.24
27.67,27.67,67.90,85.35,76.43
29.19,29.19,66.66,85.01,76.39
32.80,32.80,64.78,76.47,76.17
32.06,32.06,64.62,81.51,75.84
32.97,32.97,63.64,82.57,76.16
32.39,32.39,61.68,73.58,75.90
34.13,34.13,60.27,77.42,75.85
34.31,34.31,59.43,77.80,75.57
36.44,36.44,57.19,76.81,75.84
37.07,37.07,55.70,71.84,75.95
36.63,36.63,55.42,71.91,75.27
36.96,36.96,54.79,73.40,75.63
36.88,36.88,52.94,67.44,75.24
35.48,35.48,52.68,62.76,74.95
33.79,33.79,51.67,63.20,75.06
33.63,33.63,50.02,64.14,75.14
31.83,31.83,62.72,65.27,74.99
27.06,27.06,60.35,67.72,74.65
27.80,27.80,53.65,65.87,74.77
29.72,29.72,51.58,73.88,75.45
31.81,31.81,50.09,73.75,74.90
32.70,32.70,49.04,72.47,74.98
32.26,32.26,47.50,76.60,74.97
30.43,30.43,45.86,77.59,75.28
30.79,30.79,45.58,76.20,74.57
29.52,29.52,47.67,77.42,74.83
28.20,28.20,56.58,79.03,74.93
27.55,27.55,67.09,76.70,75.02
28.96,28.96,73.20,84.15,75.38
34.65,34.65,67.16,78.86,74.86
37.93,37.93,69.71,77.55,75.09
40.10,40.10,69.03,74.10,74.35
40.56,40.56,68.36,80.82,74.67
38.02,38.02,66.83,73.37,74.89
37.14,37.14,66.75,79.68,74.67
31.32,31.32,64.10,76.82,74.85
23.36,23.36,61.26,72.37,74.67
24.41,24.41,65.88,77.17,79.46
21.27,21.27,61.70,77.82,77.10
20.47,20.47,59.29,72.35,82.24
24.08,24.08,57.30,67.94,78.64
27.18,27.18,58.35,76.31,80.71
29.71,29.71,55.21,74.14,80.36
29.76,29.76,53.14,66.99,79.39
32.61,32.61,51.98,72.93,78.31
33.02,33.02,50.92,73.43,76.40
33.19,33.19,49.11,67.64,74.96
35.73,35.73,50.58,68.28,74.14
38.06,38.06,52.30,71.15,73.36
34.00,34.00,51.70,67.32,73.82
29.41,29.41,50.50,62.44,75.65
31.53,31.53,48.86,66.96,82.68
33.30,33.30,48.02,62.72,79.27
33.83,33.83,46.16,58.51,80.28
34.81,34.81,44.52,64.76,78.16
33.96,33.96,42.94,59.08,80.40
30.93,30.93,45.16,61.62,77.45
27.37,27.37,47.43,64.18,76.23
27.09,27.09,63.82,59.64,74.10
23.15,23.15,59.60,60.45,72.65
22.46,22.46,52.57,66.28,73.59
23.69,23.69,50.13,61.94,73.13
26.22,26.22,49.94,64.85,72.27
27.24,27.24,48.50,67.50,72.71
26.29,26.29,47.25,64.65,72.83
27.58,27.58,46.34,64.98,72.10
27.54,27.54,45.04,61.87,71.80
26.41,26.41,44.02,61.22,72.89
29.78,29.78,48.67,60.08,72.30
33.58,33.58,53.75,59.28,70.91
34.59,34.59,52.70,59.76,71.96
32.53,32.53,51.16,59.44,72.89
29.61,29.61,50.07,58.86,71.48
28.36,28.36,49.19,58.67,71.35
27.88,27.88,48.29,58.58,71.86
27.52,27.52,47.26,57.89,71.93
27.54,27.54,46.20,57.11,71.07
24.55,24.55,46.44,56.21,71.72
20.89,20.89,49.71,58.60,72.70
21.46,21.46,67.44,61.34,72.11
16.23,16.23,71.01,78.00,76.01
16.61,16.61,72.40,85.50,83.15
19.43,19.43,69.02,84.21,78.45
23.56,23.56,67.18,82.30,79.91
26.30,26.30,67.65,85.40,77.07
27.16,27.16,65.67,79.15,79.71
28.67,28.67,64.06,76.54,77.68
28.54,28.54,63.65,81.13,80.08
28.19,28.19,62.84,79.76,75.55
30.42,30.42,60.87,72.98,82.36
34.69,34.69,59.94,75.16,73.70
34.81,34.81,59.54,79.20,80.15
35.28,35.28,56.24,74.06,79.00
36.49,36.49,55.60,71.76,79.50
36.87,36.87,54.98,72.45,77.73
37.78,37.78,51.83,68.71,79.53
37.36,37.36,50.58,65.02,78.04
33.45,33.45,52.28,66.95,81.07
30.38,30.38,50.74,57.69,77.16
27.06,27.06,51.18,60.91,75.00
27.78,27.78,67.48,66.25,67.65
29.60,29.60,58.52,65.07,64.28
28.49,28.49,54.03,70.73,64.10
28.09,28.09,50.51,72.27,60.22
32.06,32.06,49.05,71.32,59.06
34.51,34.51,48.53,74.24,57.37
34.94,34.94,46.82,76.70,60.67
37.24,37.24,45.33,75.43,62.71
35.58,35.58,44.95,76.29,63.20
32.21,32.21,49.19,77.69,63.10
26.57,26.57,56.06,77.67,62.79
20.23,20.23,66.33,78.77,65.97
14.24,14.24,74.76,83.22,65.66
17.30,17.30,67.93,79.00,79.54
22.42,22.42,72.77,77.12,83.85
24.39,24.39,70.51,74.23,80.06
27.40,27.40,67.92,77.80,82.38
28.42,28.42,66.77,73.58,80.41
27.08,27.08,66.93,77.34,81.61
24.67,24.67,64.80,72.02,78.80
27.00,27.00,61.43,75.91,81.12
26.45,26.45,67.33,76.71,74.46
27.53,27.53,62.48,73.91,74.91
25.64,25.64,59.61,73.99,70.98
30.38,30.38,58.38,70.29,65.14
32.12,32.12,58.96,74.77,63.18
33.55,33.55,56.73,74.02,63.77
32.76,32.76,55.53,66.37,64.24
29.81,29.81,55.77,73.87,62.89
25.46,25.46,52.95,71.14,62.09
21.46,21.46,50.42,70.97,61.82
27.19,27.19,57.70,68.53,70.99
22.27,22.27,61.38,69.44,80.13
24.07,24.07,53.62,68.83,77.97
26.90,26.90,51.19,60.49,76.48
26.31,26.31,50.09,65.59,76.44
25.84,25.84,48.33,66.63,75.98
28.21,28.21,47.92,62.16,75.47
27.08,27.08,46.38,65.13,75.39
24.10,24.10,44.57,64.74,76.01
22.11,22.11,50.40,61.72,77.33
29.59,29.59,52.39,64.41,80.38
31.75,31.75,65.34,62.21,79.85
26.96,26.96,55.31,57.56,76.23
24.62,24.62,50.70,66.04,77.04
23.42,23.42,47.90,64.00,76.89
25.12,25.12,48.18,62.19,76.41
25.88,25.88,47.19,65.66,77.27
26.71,26.71,45.72,66.33,76.05
28.06,28.06,43.71,63.89,76.61
28.51,28.51,43.73,63.09,76.54
34.21,34.21,45.56,60.45,75.48
36.88,36.88,50.84,60.11,70.07
34.40,34.40,52.86,57.49,72.13
32.42,32.42,52.00,51.38,72.19
39.50,39.50,50.03,39.06,70.45
40.41,40.41,49.50,28.54,72.21
38.80,38.80,51.76,35.50,72.90
36.93,36.93,47.04,28.52,73.09
40.17,40.17,44.18,21.49,73.39
40.60,40.60,43.73,21.09,72.47
32.33,32.33,44.85,41.21,71.70
26.17,26.17,56.26,55.20,72.47
20.34,20.34,68.96,75.90,80.07
19.87,19.87,67.77,82.27,78.21
24.17,24.17,71.48,89.28,77.13
28.27,28.27,67.16,86.60,80.93
30.29,30.29,67.44,84.87,77.01
31.26,31.26,62.83,80.71,80.28
32.17,32.17,47.92,82.15,81.10
31.21,31.21,57.54,82.63,79.71
30.94,30.94,60.32,84.54,81.27
29.17,29.17,59.67,81.12,78.15
29.68,29.68,55.48,71.28,73.22
32.23,32.23,51.81,62.81,69.30
32.33,32.33,50.42,52.21,66.48
31.30,31.30,48.86,49.33,66.50
32.14,32.14,48.49,42.10,58.26
32.22,32.22,46.47,32.17,55.69
35.91,35.91,45.54,25.62,55.07
33.35,33.35,42.91,16.44,66.40
30.75,30.75,43.18,28.21,63.35
22.75,22.75,44.96,40.85,63.45
24.27,24.27,58.50,58.08,71.71
18.31,18.31,68.61,76.89,80.79
18.47,18.47,69.00,81.02,82.90
21.76,21.76,72.73,87.87,78.62
24.94,24.94,68.87,86.75,79.60
28.93,28.93,68.52,84.67,80.46
31.28,31.28,60.02,81.11,79.34
32.50,32.50,46.84,81.54,81.21
30.77,30.77,59.08,81.72,78.14
29.36,29.36,60.33,83.88,79.17
25.81,25.81,55.83,81.97,81.13
26.49,26.49,63.00,83.82,76.94
28.66,28.66,59.77,81.04,73.68
27.86,27.86,54.31,73.06,67.88
29.59,29.59,51.91,63.17,66.25
30.99,30.99,48.32,53.58,64.33
32.83,32.83,47.98,45.44,63.41
31.72,31.72,46.76,37.95,58.00
32.93,32.93,46.38,40.07,57.17
35.25,35.25,45.98,46.12,59.32
29.17,29.17,44.47,35.79,54.39
29.78,29.78,47.81,23.02,56.08
32.03,32.03,53.59,17.08,58.97
32.83,32.83,52.35,13.59,56.40
31.35,31.35,51.07,12.74,58.62
30.89,30.89,49.19,13.00,57.18
31.65,31.65,48.53,12.40,52.33
30.69,30.69,47.80,12.53,50.33
30.97,30.97,47.06,9.41,61.36
36.42,36.42,46.35,25.89,64.30
28.23,28.23,44.71,35.83,66.06
20.56,20.56,50.58,50.43,65.47
21.24,21.24,65.46,67.73,68.83
10.43,10.43,69.21,79.28,83.87
14.80,14.80,70.98,85.03,83.50
19.25,19.25,70.02,86.54,82.28
23.68,23.68,67.94,83.94,82.40
27.00,27.00,63.22,81.50,81.40
28.56,28.56,54.77,79.93,83.06
29.44,29.44,54.27,79.54,77.76
31.62,31.62,60.49,82.87,81.45
29.21,29.21,60.21,75.25,74.89
32.49,32.49,58.39,62.92,69.54
34.55,34.55,61.28,60.06,67.47
37.28,37.28,53.63,46.10,64.37
31.21,31.21,49.59,41.11,60.25
27.78,27.78,48.98,30.29,59.85
32.09,32.09,47.49,26.14,58.74
32.27,32.27,47.20,21.15,57.40
35.28,35.28,46.10,17.74,54.53
33.86,33.86,44.26,24.33,67.32
26.04,26.04,43.98,39.73,63.68
27.37,27.37,52.80,51.93,63.01
32.82,32.82,67.67,68.00,78.52
19.60,19.60,69.04,77.78,81.33
22.98,22.98,72.61,86.59,78.78
26.04,26.04,69.65,87.56,80.16
26.62,26.62,66.31,84.04,78.03
29.14,29.14,63.44,83.64,79.87
28.95,28.95,54.72,80.66,78.02
28.90,28.90,57.11,83.00,79.40
28.40,28.40,59.42,83.36,81.04
26.77,26.77,57.43,84.35,74.27
27.63,27.63,59.29,84.30,70.66
31.85,31.85,56.19,72.89,65.65
32.41,32.41,51.40,63.63,64.50
34.36,34.36,48.33,54.13,60.90
37.63,37.63,47.79,45.99,61.34
35.56,35.56,47.13,40.50,59.60
33.14,33.14,48.70,48.52,58.70
30.71,30.71,48.59,50.94,58.00
28.94,28.94,44.71,39.18,59.55
29.29,29.29,44.53,27.73,54.93
29.80,29.80,43.98,19.92,54.30
32.52,32.52,53.94,19.93,50.87
33.19,33.19,52.53,22.26,48.36
32.52,32.52,51.78,21.51,46.49
30.57,30.57,49.80,21.06,51.45
30.11,30.11,48.20,21.15,56.05
30.73,30.73,48.73,22.39,55.69
31.79,31.79,48.94,20.27,59.66
31.37,31.37,51.25,23.14,59.53
28.87,28.87,47.89,21.82,56.18
23.87,23.87,45.75,22.94,56.34
24.57,24.57,55.17,25.07,58.93
25.60,25.60,62.04,24.27,61.16
28.10,28.10,55.29,24.43,60.74
27.70,27.70,51.07,26.45,60.36
28.26,28.26,50.61,24.70,61.37
28.74,28.74,49.38,26.08,61.28
31.78,31.78,50.50,28.23,58.76
31.41,31.41,47.72,24.98,47.86
30.54,30.54,46.33,25.50,50.95
31.04,31.04,48.23,26.71,57.17
28.07,28.07,49.26,25.15,55.38
32.50,32.50,54.67,25.97,48.26
30.23,30.23,52.17,23.93,52.49
30.67,30.67,52.07,19.51,56.48
31.66,31.66,50.63,20.00,56.78
32.53,32.53,49.29,20.32,53.72
33.53,33.53,49.63,21.63,50.79
32.66,32.66,47.72,19.23,52.98
32.52,32.52,46.75,17.54,57.83
32.23,32.23,45.60,20.41,57.38
30.80,30.80,44.46,19.92,54.64
33.71,33.71,49.87,17.16,50.05
33.46,33.46,53.25,20.31,44.11
32.69,32.69,52.47,15.11,48.50
31.80,31.80,50.03,15.11,53.91
33.79,33.79,49.02,21.59,56.21
34.55,34.55,48.66,18.61,55.90
35.60,35.60,48.26,21.04,52.30
34.53,34.53,46.95,22.28,48.46
31.85,31.85,46.41,21.59,47.99
26.01,26.01,47.76,20.46,48.00
19.48,19.48,49.05,25.14,48.73
17.94,17.94,64.22,24.48,48.75
20.68,20.68,57.07,17.20,49.75
22.57,22.57,52.06,20.47,48.50
25.29,25.29,50.03,22.74,38.54
29.14,29.14,50.41,22.27,41.50
30.58,30.58,49.54,21.90,41.41
30.40,30.40,46.81,20.21,34.06
29.92,29.92,46.70,20.50,44.57
31.96,31.96,47.01,22.11,49.79
29.82,29.82,45.40,21.59,49.91
32.91,32.91,51.19,20.43,47.46
32.90,32.90,53.61,24.20,42.91
32.13,32.13,52.41,23.01,43.47
31.65,31.65,51.10,23.82,46.39
34.38,34.38,50.99,24.54,44.77
38.48,38.48,51.01,23.66,42.00
37.38,37.38,49.47,21.89,40.46
34.64,34.64,47.12,23.54,37.36
35.16,35.16,45.36,21.78,31.36
33.75,33.75,44.72,19.99,31.49
32.91,32.91,47.17,24.46,30.75
38.07,38.07,54.01,20.78,29.24
37.04,37.04,52.32,19.66,33.26
35.72,35.72,52.26,21.81,34.75
36.05,36.05,50.36,15.11,33.01
42.15,42.15,49.21,16.45,30.05
43.50,43.50,47.99,16.14,27.00
39.69,39.69,46.21,14.72,29.61
37.92,37.92,43.83,22.87,36.01
32.67,32.67,44.70,31.86,42.49
21.57,21.57,47.03,50.14,53.32
20.41,20.41,63.68,67.45,72.66
15.23,15.23,71.62,81.59,78.69
22.73,22.73,70.66,84.00,80.40
28.56,28.56,70.06,88.02,82.07
31.97,31.97,67.95,82.88,79.97
34.52,34.52,69.34,84.93,80.64
36.41,36.41,67.62,82.06,79.10
32.82,32.82,64.91,77.69,76.67
31.70,31.70,64.55,82.09,72.29
31.95,31.95,62.66,80.30,66.50
37.09,37.09,59.84,74.87,62.97
36.11,36.11,58.89,78.38,52.89
36.13,36.13,59.53,78.05,48.33
35.89,35.89,57.19,76.25,46.83
35.79,35.79,56.21,71.06,45.57
36.42,36.42,55.89,74.60,44.86
37.73,37.73,54.24,72.40,41.85
39.17,39.17,51.67,65.09,42.60
37.26,37.26,52.45,66.37,45.19
32.30,32.30,51.99,62.37,49.34
23.25,23.25,52.67,59.26,55.51
24.69,24.69,55.58,67.75,75.12
22.13,22.13,52.80,66.99,80.50
25.84,25.84,52.12,69.38,78.72
28.88,28.88,50.06,72.91,83.47
31.59,31.59,48.11,73.89,80.05
33.63,33.63,45.97,73.72,80.64
35.48,35.48,44.11,75.61,80.34
34.97,34.97,42.48,75.93,81.28
32.09,32.09,43.74,77.33,79.82
24.65,24.65,51.05,76.78,71.14
14.98,14.98,59.64,76.85,64.44
14.75,14.75,68.81,77.29,63.50
16.80,16.80,73.51,82.75,56.38
24.96,24.96,66.51,80.22,57.26
28.86,28.86,72.63,76.44,52.46
33.05,33.05,70.59,75.69,53.20
33.97,33.97,67.81,79.67,49.34
35.64,35.64,66.30,75.44,50.25
34.48,34.48,66.73,79.85,47.97
33.99,33.99,63.59,74.84,47.37
34.31,34.31,61.06,76.88,45.96
34.51,34.51,62.56,76.56,44.08
34.77,34.77,61.75,78.41,45.27
36.55,36.55,59.46,74.66,42.90
35.40,35.40,58.96,71.50,42.22
35.54,35.54,59.28,77.43,42.59
35.04,35.04,55.66,75.16,41.44
35.41,35.41,54.87,67.59,43.34
35.96,35.96,54.45,73.39,45.77
29.35,29.35,53.12,74.62,46.81
22.62,22.62,51.10,70.89,54.35
19.20,19.20,53.16,69.43,63.54
20.15,20.15,53.28,70.68,77.91
23.70,23.70,52.40,67.83,84.37
27.07,27.07,50.30,61.84,79.51
28.29,28.29,49.16,67.95,81.38
29.89,29.89,47.31,65.02,80.29
31.23,31.23,46.41,62.10,81.45
30.78,30.78,44.86,65.56,77.71
25.72,25.72,44.11,63.29,77.13
18.43,18.43,45.45,61.20,66.28
10.83,10.83,48.50,67.30,63.32
15.66,15.66,62.69,61.02,54.40
20.69,20.69,56.71,62.07,53.16
22.32,22.32,52.90,67.69,50.48
23.29,23.29,49.14,63.55,48.87
26.34,26.34,49.37,64.19,44.23
28.62,28.62,48.24,68.20,42.67
28.71,28.71,46.86,67.89,43.28
27.48,27.48,45.82,61.94,44.81
22.61,22.61,44.86,62.32,48.44
17.09,17.09,43.45,59.77,53.19
15.49,15.49,47.86,57.01,68.75
13.69,13.69,51.51,53.85,78.47
14.15,14.15,50.47,53.23,82.23
16.90,16.90,48.69,52.91,80.36
19.42,19.42,48.09,50.88,79.20
22.46,22.46,46.95,47.67,80.89
26.19,26.19,46.37,44.52,81.00
27.69,27.69,43.82,45.36,79.96
28.34,28.34,43.77,50.39,80.56
26.26,26.26,44.08,54.96,73.26
21.95,21.95,49.73,55.77,70.47
29.44,29.44,62.21,65.76,62.98
28.84,28.84,71.26,80.44,67.53
28.11,28.11,70.99,85.65,63.07
30.79,30.79,68.57,84.04,60.24
32.27,32.27,68.39,83.71,58.39
30.30,30.30,67.70,84.05,58.28
32.19,32.19,65.68,80.43,60.86
31.30,31.30,64.08,78.32,59.48
29.48,29.48,64.46,81.27,55.22
32.23,32.23,61.46,79.45,50.43
31.05,31.05,61.07,72.24,42.55
31.97,31.97,60.10,77.53,33.81
30.30,30.30,59.06,78.07,31.96
30.98,30.98,55.98,71.83,29.64
31.13,31.13,55.19,73.00,32.45
31.71,31.71,54.39,72.58,29.90
32.02,32.02,52.74,69.36,28.50
31.95,31.95,50.95,65.30,30.08
29.48,29.48,52.70,63.18,28.76
24.25,24.25,50.89,62.71,29.66
21.19,21.19,50.50,64.70,26.88
17.75,17.75,65.69,66.26,29.16
19.04,19.04,56.12,63.79,29.21
25.35,25.35,52.79,70.00,26.66
25.85,25.85,50.61,73.26,25.26
27.21,27.21,49.56,72.34,24.80
27.31,27.31,49.02,74.41,23.26
26.55,26.55,47.45,75.53,23.38
28.16,28.16,45.77,76.94,22.80
26.18,26.18,46.32,76.42,23.28
22.74,22.74,50.61,76.28,26.90
24.15,24.15,59.23,77.11,35.47
27.75,27.75,71.72,81.75,45.60
28.08,28.08,71.67,80.71,47.48
34.22,34.22,68.54,80.67,45.02
38.50,38.50,71.03,76.29,43.80
40.58,40.58,70.16,73.58,43.23
40.64,40.64,66.70,77.06,42.14
39.50,39.50,65.66,77.11,41.21
38.09,38.09,65.47,79.08,40.01
36.95,36.95,64.42,72.54,38.57
36.11,36.11,60.92,78.09,36.43
35.77,35.77,62.14,76.57,33.98
35.67,35.67,60.51,75.02,32.55
34.89,34.89,57.85,73.56,30.74
34.73,34.73,59.18,72.79,29.50
35.13,35.13,58.94,76.45,29.13
36.02,36.02,55.69,71.12,29.05
35.33,35.33,55.19,70.10,29.47
34.15,34.15,54.37,73.04,29.62
30.52,30.52,51.68,70.74,28.08
21.72,21.72,51.15,71.76,28.12
15.75,15.75,60.96,68.17,28.45
20.81,20.81,60.49,69.76,28.42
25.78,25.78,53.87,68.09,29.10
26.34,26.34,52.72,60.07,29.78
28.85,28.85,50.61,64.54,29.77
31.69,31.69,50.37,67.53,30.39
30.82,30.82,49.24,62.82,30.48
32.29,32.29,47.66,63.92,30.12
33.41,33.41,47.71,67.16,30.91
32.68,32.68,46.25,60.75,30.80
33.69,33.69,47.25,65.04,30.49
33.10,33.10,54.78,64.69,31.58
33.05,33.05,53.06,60.50,31.58
33.20,33.20,51.95,64.02,31.66
33.38,33.38,50.85,67.29,31.70
32.41,32.41,49.28,63.39,31.53
33.35,33.35,48.63,65.88,31.11
33.53,33.53,48.48,68.63,31.33
31.97,31.97,45.69,59.45,31.63
32.40,32.40,46.39,62.41,31.11
32.20,32.20,46.22,62.17,30.60
31.83,31.83,51.97,61.63,29.80
32.02,32.02,53.30,61.12,28.80
31.12,31.12,53.07,60.61,28.02
30.80,30.80,50.97,60.06,26.14
31.22,31.22,49.56,59.19,24.45
32.69,32.69,49.05,58.99,23.35
33.98,33.98,46.95,58.83,25.75
33.73,33.73,45.68,58.43,34.15
30.07,30.07,45.46,53.57,37.98
19.61,19.61,45.11,43.76,38.17
16.53,16.53,57.45,56.95,59.79
11.89,11.89,66.75,77.03,81.31
18.28,18.28,68.23,81.20,82.11
21.94,21.94,71.64,87.79,78.18
25.77,25.77,68.26,87.24,81.01
28.99,28.99,67.60,83.32,78.02
29.71,29.71,59.44,81.65,79.00
33.52,33.52,51.57,81.26,80.30
29.64,29.64,59.33,83.50,74.57
30.76,30.76,59.31,83.95,69.22
32.81,32.81,56.36,82.20,60.18
34.19,34.19,57.61,83.85,59.06
34.83,34.83,52.74,81.72,57.29
36.75,36.75,53.48,83.64,53.68
34.68,34.68,51.11,81.84,49.67
32.81,32.81,50.04,84.00,49.76
34.10,34.10,48.77,82.78,48.37
34.03,34.03,46.66,83.39,47.66
33.30,33.30,45.28,81.83,47.52
27.63,27.63,44.23,81.14,53.18
19.48,19.48,42.96,83.58,58.45
16.29,16.29,47.72,82.27,68.02
14.70,14.70,53.07,83.57,79.80
11.42,11.42,51.53,80.67,83.77
13.96,13.96,49.82,82.47,79.85
18.63,18.63,48.36,80.25,80.82
21.64,21.64,46.98,81.85,80.15
26.00,26.00,46.90,80.90,78.77
28.59,28.59,46.32,81.51,82.95
27.28,27.28,46.15,81.56,78.74
23.45,23.45,46.90,80.59,79.30
15.62,15.62,56.10,80.87,73.26
16.50,16.50,66.13,76.58,66.61
18.82,18.82,73.04,82.73,59.15
23.21,23.21,68.98,80.67,60.66
26.05,26.05,57.90,76.87,55.49
29.96,29.96,56.58,73.88,60.03
31.65,31.65,66.34,82.39,56.01
31.90,31.90,59.22,81.76,52.62
31.90,31.90,57.70,80.47,52.08
31.45,31.45,58.27,80.86,53.82
32.23,32.23,57.19,76.23,54.35
31.33,31.33,59.85,80.18,50.77
30.02,30.02,55.71,76.45,49.05
32.45,32.45,55.00,80.67,49.83
32.11,32.11,56.64,81.09,50.30
34.33,34.33,52.85,80.37,48.63
33.17,33.17,52.54,80.45,45.71
34.29,34.29,49.77,79.63,46.93
34.87,34.87,47.87,77.21,51.19
31.54,31.54,46.03,81.02,55.59
25.91,25.91,44.79,80.64,61.03
18.09,18.09,44.64,80.17,65.99
21.46,21.46,54.33,81.21,81.75
17.46,17.46,52.37,77.71,81.87
19.86,19.86,51.56,79.67,82.19
21.38,21.38,48.51,77.32,82.49
24.70,24.70,48.17,77.58,78.53
27.82,27.82,47.26,79.65,81.56
28.69,28.69,45.53,77.07,78.82
26.46,26.46,44.34,80.42,77.66
22.81,22.81,44.38,76.73,72.36
14.24,14.24,44.91,78.15,68.04
13.49,13.49,56.52,77.83,65.70
14.36,14.36,60.98,77.81,58.96
15.86,15.86,53.38,78.79,58.07
19.25,19.25,50.17,79.07,55.29
22.46,22.46,49.79,78.42,55.08
24.32,24.32,48.32,78.84,53.47
24.71,24.71,48.16,78.24,51.66
23.78,23.78,46.66,77.18,49.26
21.60,21.60,44.57,78.50,55.16
18.62,18.62,44.25,76.89,59.33
13.16,13.16,45.81,78.47,60.01
16.38,16.38,57.00,75.92,81.49
10.43,10.43,53.59,65.03,83.97
14.83,14.83,52.22,56.52,80.96
19.17,19.17,49.84,49.85,81.99
22.31,22.31,48.72,50.48,77.69
26.47,26.47,48.34,48.06,80.64
28.73,28.73,46.45,46.88,79.77
28.42,28.42,44.25,50.92,81.40
28.74,28.74,45.56,50.69,80.10
23.80,23.80,48.47,59.09,75.14
26.49,26.49,55.47,63.94,71.18
30.52,30.52,66.03,76.70,65.09
34.24,34.24,68.29,85.69,58.30
35.75,35.75,71.20,88.89,54.97
39.00,39.00,64.26,84.10,53.13
40.72,40.72,65.98,84.66,50.53
40.51,40.51,54.45,80.81,44.86
40.40,40.40,52.94,82.53,42.74
40.18,40.18,57.65,82.52,40.74
39.34,39.34,56.40,84.03,40.84
35.76,35.76,56.47,83.32,40.30
36.88,36.88,55.46,83.12,33.09
37.07,37.07,53.07,82.35,37.36
35.61,35.61,52.31,81.81,35.37
33.06,33.06,50.59,84.41,36.22
34.12,34.12,49.53,82.73,31.64
33.46,33.46,49.51,83.66,34.04
33.39,33.39,48.01,80.12,34.22
32.68,32.68,46.56,82.39,33.37
29.18,29.18,47.47,81.47,33.75
24.88,24.88,46.91,82.75,32.83
22.80,22.80,59.39,80.91,35.89
23.32,23.32,60.80,81.54,33.14
24.50,24.50,53.90,81.98,32.10
26.02,26.02,51.23,80.51,33.19
28.65,28.65,50.84,81.13,32.62
29.19,29.19,49.43,78.40,31.06
28.88,28.88,49.25,82.30,30.45
28.85,28.85,48.11,80.40,32.61
30.05,30.05,47.47,81.76,30.61
31.47,31.47,48.23,78.85,30.73
29.39,29.39,62.49,79.73,36.33
39.93,39.93,67.25,78.59,49.72
40.55,40.55,76.93,84.12,57.69
37.61,37.61,69.51,76.43,54.33
39.00,39.00,60.11,75.64,53.54
38.19,38.19,59.74,78.88,55.70
39.06,39.06,65.08,80.51,51.13
37.54,37.54,63.29,83.34,55.11
36.35,36.35,56.83,79.33,55.12
35.61,35.61,58.45,79.82,55.62
35.15,35.15,60.24,78.46,56.43
35.63,35.63,58.52,77.52,53.41
33.40,33.40,56.23,79.28,53.26
36.76,36.76,54.31,79.16,52.29
36.19,36.19,54.65,82.60,52.58
36.98,36.98,51.76,79.05,50.83
37.84,37.84,50.15,79.70,52.82
36.65,36.65,48.25,78.66,52.32
35.15,35.15,47.21,78.29,51.19
30.05,30.05,47.34,79.91,47.02
23.84,23.84,47.72,81.01,44.22
22.32,22.32,63.31,79.71,66.11
17.65,17.65,63.73,80.56,67.29
19.32,19.32,55.69,78.85,64.76
23.86,23.86,51.42,78.15,63.37
27.77,27.77,49.73,79.40,62.31
30.92,30.92,48.75,77.72,61.91
32.08,32.08,48.44,80.78,61.18
32.75,32.75,48.01,78.83,59.98
33.36,33.36,45.49,79.17,58.71
32.81,32.81,45.32,79.27,57.45
34.17,34.17,44.87,76.49,56.84
34.03,34.03,51.95,80.10,56.02
33.15,33.15,52.64,76.98,56.27
31.80,31.80,52.43,78.47,56.23
30.55,30.55,52.44,79.18,46.02
30.56,30.56,51.91,78.33,58.32
30.90,30.90,49.42,78.21,63.47
30.62,30.62,47.80,78.29,61.55
33.26,33.26,47.03,76.54,60.37
34.81,34.81,46.00,70.18,60.44
34.63,34.63,44.25,63.84,59.36
35.11,35.11,47.78,63.15,58.19
34.80,34.80,54.00,62.24,56.62
37.49,37.49,52.87,62.53,55.13
39.32,39.32,51.17,60.15,55.51
39.34,39.34,49.55,61.02,54.33
37.87,37.87,48.73,57.22,52.93
37.35,37.35,48.00,62.68,52.63
35.04,35.04,48.67,60.61,54.49
29.41,29.41,46.90,58.54,55.38
27.05,27.05,46.67,52.98,58.78
17.88,17.88,49.34,50.15,60.34
11.77,11.77,64.28,68.59,74.92
20.73,20.73,71.52,78.21,82.08
25.48,25.48,71.93,84.69,79.38
26.39,26.39,70.29,84.87,81.83
26.59,26.59,67.69,81.73,79.80
26.91,26.91,68.10,85.85,81.04
30.07,30.07,65.77,79.85,80.16
29.87,29.87,63.57,76.06,79.11
29.03,29.03,63.20,81.70,75.20
28.28,28.28,60.75,79.81,67.94
29.20,29.20,60.34,74.16,62.28
29.83,29.83,60.09,75.67,57.57
25.19,25.19,59.87,79.04,50.93
28.36,28.36,56.52,74.43,50.82
29.25,29.25,55.56,69.27,56.78
29.70,29.70,55.17,73.35,56.24
30.54,30.54,53.33,70.76,57.03
31.14,31.14,51.46,65.06,56.01
29.27,29.27,52.46,65.17,57.16
24.16,24.16,52.49,59.52,57.84
16.63,16.63,52.41,59.84,59.92
16.97,16.97,55.06,66.90,77.54
16.00,16.00,51.80,64.42,81.85
22.85,22.85,51.41,68.36,79.08
27.74,27.74,49.17,71.72,82.31
25.67,25.67,47.90,70.00,79.56
26.11,26.11,46.46,73.83,80.61
28.13,28.13,47.43,74.95,79.15
28.15,28.15,43.89,73.80,80.80
25.48,25.48,44.43,75.59,80.63
17.75,17.75,48.29,77.01,74.51
13.28,13.28,59.59,76.50,66.01
16.81,16.81,70.12,74.99,66.21
14.74,14.74,75.69,80.60,60.77
17.15,17.15,65.29,77.85,61.73
22.52,22.52,70.33,77.30,59.01
25.76,25.76,69.29,72.99,57.32
25.39,25.39,66.41,77.96,54.82
27.56,27.56,65.10,75.12,54.64
28.74,28.74,64.48,77.40,53.17
24.48,24.48,63.37,72.97,48.98
21.09,21.09,59.79,76.65,48.26
21.98,21.98,61.89,76.67,52.75
22.00,22.00,60.77,75.65,57.22
20.73,20.73,57.85,73.62,57.58
21.55,21.55,57.50,71.48,55.65
24.51,24.51,57.44,74.67,55.73
25.96,25.96,55.01,74.71,56.22
27.37,27.37,53.96,66.28,56.06
26.12,26.12,53.90,73.54,56.02
22.65,22.65,51.98,72.15,57.44
17.78,17.78,49.79,69.83,56.93
18.14,18.14,52.68,69.14,71.05
18.30,18.30,52.81,68.26,76.92
18.46,18.46,51.71,67.37,82.71
22.22,22.22,50.02,59.49,81.92
23.85,23.85,49.21,65.83,80.81
25.25,25.25,47.31,64.85,81.82
28.16,28.16,46.84,58.78,82.51
27.84,27.84,46.72,63.71,79.00
22.77,22.77,46.36,62.52,77.41
17.13,17.13,48.20,59.50,67.17
13.14,13.14,51.93,63.73,65.89
16.09,16.09,64.25,62.03,59.07
17.36,17.36,56.45,58.89,55.09
20.07,20.07,52.80,65.78,54.50
21.51,21.51,50.51,64.47,53.11
24.37,24.37,49.90,62.11,52.36
27.06,27.06,49.77,66.46,51.59
28.89,28.89,48.03,66.94,50.52
25.34,25.34,47.21,64.40,49.68
21.69,21.69,45.07,63.04,50.77
13.76,13.76,44.13,58.77,51.44
17.64,17.64,49.00,55.92,71.09
16.07,16.07,51.71,53.34,79.34
22.10,22.10,50.71,52.35,82.29
22.18,22.18,48.67,51.79,82.19
23.04,23.04,47.79,48.53,80.91
23.52,23.52,45.44,43.73,80.99
27.91,27.91,46.07,38.50,80.99
29.12,29.12,44.17,38.78,79.21
28.36,28.36,43.28,46.96,81.50
25.80,25.80,44.83,53.12,74.49
22.54,22.54,51.77,50.82,72.80
31.28,31.28,64.22,63.77,65.72
31.36,31.36,72.29,81.45,66.45
27.46,27.46,71.15,83.91,61.33
28.16,28.16,68.28,83.30,60.99
28.37,28.37,67.28,84.08,57.17
29.68,29.68,67.87,84.46,59.06
34.14,34.14,64.07,78.58,59.55
31.95,31.95,64.16,77.73,58.53
30.22,30.22,64.56,82.92,55.44
28.35,28.35,61.33,78.39,50.31
29.13,29.13,61.07,71.02,47.35
28.33,28.33,59.45,78.81,48.16
29.84,29.84,57.91,77.40,48.86
30.99,30.99,55.27,70.00,48.20
32.44,32.44,54.80,73.20,47.84
33.07,33.07,54.78,72.53,44.10
32.52,32.52,52.53,68.59,40.80
31.93,31.93,52.19,65.91,38.23
30.22,30.22,52.53,60.39,38.09
24.93,24.93,51.01,62.99,40.31
17.07,17.07,54.10,64.93,39.30
14.92,14.92,64.81,63.92,37.98
21.99,21.99,56.47,65.72,39.78
23.31,23.31,53.20,69.49,39.86
26.40,26.40,52.15,71.06,41.92
27.74,27.74,50.64,73.23,39.60
28.06,28.06,50.12,74.95,39.30
28.55,28.55,48.96,74.77,39.66
28.16,28.16,45.91,75.89,38.87
27.15,27.15,46.25,76.93,34.93
24.65,24.65,49.59,76.71,31.37
23.41,23.41,59.26,74.25,41.11
23.57,23.57,74.87,83.09,46.77
23.95,23.95,70.31,78.39,48.27
29.08,29.08,68.44,79.30,48.56
34.43,34.43,69.18,78.01,45.92
34.90,34.90,70.60,76.00,42.07
37.20,37.20,65.47,75.59,40.57
39.75,39.75,66.31,78.16,39.49
40.48,40.48,64.56,76.92,39.71
39.35,39.35,62.48,72.88,39.02
38.97,38.97,59.77,77.53,36.45
37.03,37.03,61.44,76.87,38.14
37.42,37.42,60.18,74.50,40.82
38.42,38.42,57.45,72.33,40.65
36.77,36.77,58.58,73.91,39.48
37.42,37.42,57.57,74.72,38.50
38.70,38.70,54.88,67.76,38.27
38.92,38.92,54.24,73.53,37.96
35.53,35.53,53.51,72.68,38.07
31.88,31.88,52.42,69.85,37.36
22.50,22.50,50.61,70.79,37.41
14.27,14.27,62.60,69.92,38.64
17.74,17.74,59.77,67.12,38.12
26.13,26.13,54.75,68.99,38.77
28.56,28.56,52.47,60.72,39.42
31.58,31.58,51.33,63.00,38.23
32.73,32.73,50.40,67.36,39.42
34.16,34.16,49.03,62.89,38.16
35.07,35.07,47.96,64.04,37.84
35.66,35.66,47.38,66.58,36.73
35.92,35.92,46.88,61.72,36.66
36.25,36.25,49.34,62.45,35.33
37.46,37.46,54.11,66.26,35.40
36.82,36.82,53.26,60.58,36.86
36.48,36.48,51.80,62.88,36.14
37.51,37.51,50.69,68.13,36.06
34.86,34.86,49.81,63.05,35.34
35.52,35.52,49.07,65.21,34.69
36.18,36.18,48.27,67.58,34.16
35.74,35.74,45.91,61.05,33.96
36.08,36.08,46.30,62.31,33.92
38.17,38.17,46.52,61.73,32.40
35.88,35.88,53.73,60.73,31.55
34.99,34.99,53.11,60.60,30.48
37.03,37.03,52.97,60.23,28.44
35.96,35.96,51.02,59.82,28.06
33.77,33.77,49.61,59.37,27.49
35.50,35.50,48.94,58.92,28.16
35.31,35.31,47.28,58.62,30.33
33.79,33.79,46.80,48.80,32.22
31.54,31.54,45.02,35.36,33.38
24.18,24.18,45.43,42.34,40.75
19.42,19.42,58.92,51.72,65.48
11.58,11.58,66.98,76.74,82.57
10.54,10.54,68.53,80.60,83.73
16.57,16.57,71.55,88.20,79.66
21.67,21.67,67.38,85.01,81.14
21.65,21.65,63.87,80.83,79.65
22.29,22.29,60.06,81.40,78.77
24.67,24.67,52.71,79.58,82.60
26.16,26.16,59.84,82.70,75.24
28.66,28.66,57.74,81.29,72.88
32.98,32.98,58.31,82.70,64.42
32.64,32.64,56.26,81.49,60.59
38.16,38.16,53.33,81.97,58.38
41.37,41.37,53.41,81.32,49.95
37.72,37.72,50.87,82.36,49.13
35.48,35.48,49.65,83.35,47.26
37.28,37.28,48.60,82.08,43.43
37.69,37.69,47.06,82.61,44.40
35.29,35.29,45.54,79.37,47.11
29.08,29.08,44.81,82.62,50.66
21.27,21.27,43.87,81.32,55.51
19.41,19.41,50.27,83.20,67.94
13.57,13.57,52.05,81.04,79.78
10.33,10.33,50.57,81.81,83.57
13.56,13.56,48.31,80.86,79.53
16.09,16.09,47.30,80.69,80.64
20.18,20.18,46.21,81.38,80.50
24.65,24.65,45.61,79.86,78.81
26.54,26.54,43.41,82.16,82.21
25.26,25.26,43.97,80.09,77.62
20.51,20.51,49.74,81.45,75.79
13.75,13.75,62.32,77.82,74.43
19.19,19.19,67.95,75.85,65.82
21.34,21.34,75.25,83.66,59.94
25.39,25.39,66.71,78.10,60.81
27.84,27.84,56.20,75.71,57.13
31.22,31.22,61.41,74.06,58.59
33.45,33.45,65.18,82.52,52.41
33.87,33.87,59.12,81.23,52.31
32.81,32.81,57.54,80.02,51.29
32.83,32.83,53.99,78.90,52.61
33.16,33.16,51.85,77.75,49.20
33.13,33.13,53.76,76.73,48.34
32.35,32.35,54.43,78.99,48.38
34.79,34.79,53.94,78.47,46.70
35.57,35.57,52.23,81.53,47.18
35.02,35.02,51.25,79.79,47.89
35.89,35.89,48.91,78.74,45.35
35.41,35.41,48.16,79.87,47.17
36.98,36.98,46.47,76.13,49.02
32.62,32.62,45.23,81.39,52.08
25.36,25.36,43.98,78.86,58.25
20.12,20.12,46.04,80.66,62.73
21.52,21.52,54.59,80.30,81.07
21.18,21.18,52.03,77.40,82.20
24.50,24.50,50.67,80.24,80.83
25.28,25.28,48.50,76.54,81.94
27.43,27.43,47.63,78.63,77.65
30.32,30.32,47.10,78.44,80.44
31.56,31.56,45.46,78.49,80.52
28.22,28.22,44.01,78.48,77.41
24.78,24.78,45.16,78.51,75.30
18.71,18.71,45.09,77.21,69.48
17.72,17.72,59.54,77.72,67.93
25.40,25.40,60.49,77.72,61.09
24.87,24.87,53.47,77.28,59.89
24.16,24.16,50.40,79.38,58.67
25.97,25.97,49.88,76.76,55.22
26.93,26.93,48.52,79.65,51.08
27.47,27.47,48.63,76.51,48.22
27.66,27.66,46.66,77.41,50.19
23.21,23.21,45.03,78.06,53.70
17.46,17.46,43.60,75.62,57.13
16.17,16.17,46.85,78.73,62.21
19.46,19.46,53.67,75.27,82.50
15.54,15.54,51.23,72.27,84.34
17.21,17.21,50.14,61.59,81.30
19.64,19.64,48.03,54.79,83.14
22.56,22.56,46.56,50.48,78.32
25.63,25.63,46.67,50.98,81.06
28.17,28.17,44.93,45.86,79.81
28.83,28.83,42.96,49.79,79.19
29.44,29.44,44.04,44.50,77.88
28.20,28.20,48.85,55.03,74.53
32.53,32.53,53.29,60.62,71.36
38.21,38.21,68.98,71.59,66.36
38.08,38.08,64.75,76.34,64.80
37.00,37.00,71.65,82.96,55.47
34.64,34.64,66.12,81.01,50.42
35.63,35.63,66.25,78.58,47.15
34.89,34.89,53.22,75.91,45.56
35.68,35.68,53.47,75.87,46.18
33.98,33.98,60.20,80.62,40.63
32.95,32.95,58.63,81.17,41.08
34.76,34.76,56.53,78.42,40.50
33.29,33.29,55.89,79.10,39.71
32.02,32.02,53.06,75.69,38.57
30.82,30.82,52.57,78.96,37.50
31.80,31.80,51.20,79.10,38.40
30.95,30.95,49.78,80.33,35.76
31.67,31.67,49.54,78.56,36.69
29.08,29.08,47.85,77.22,35.43
28.81,28.81,46.46,78.18,33.62
23.69,23.69,46.99,77.08,34.15
15.53,15.53,46.13,79.13,33.10
17.10,17.10,60.24,77.22,33.21
16.50,16.50,59.90,79.10,32.19
19.74,19.74,53.06,76.83,30.89
21.02,21.02,50.62,77.47,30.22
23.42,23.42,49.60,75.75,29.66
24.77,24.77,49.19,76.29,28.28
24.71,24.71,47.78,78.35,27.79
25.40,25.40,46.95,76.89,26.43
25.91,25.91,46.59,77.88,29.10
25.40,25.40,51.96,73.48,27.34
26.91,26.91,62.52,75.76,30.26
39.76,39.76,67.04,77.14,39.74
39.67,39.67,76.05,85.43,46.44
34.52,34.52,63.49,74.00,39.77
34.45,34.45,62.17,74.35,39.18
35.16,35.16,58.63,75.56,39.13
35.39,35.39,62.97,76.08,34.58
34.31,34.31,61.68,81.24,32.76
33.96,33.96,55.91,76.70,30.66
32.36,32.36,52.76,75.97,29.95
32.98,32.98,54.70,77.31,30.29
33.97,33.97,54.55,73.12,29.76
33.66,33.66,53.90,77.91,30.61
35.02,35.02,53.75,78.46,29.50
34.40,34.40,52.34,79.22,31.41
36.88,36.88,51.33,78.29,34.64
35.31,35.31,49.49,74.47,33.45
35.05,35.05,47.38,77.47,38.78
33.64,33.64,45.99,75.55,50.35
27.68,27.68,45.60,76.79,58.95
16.97,16.97,44.47,78.88,63.98
13.70,13.70,56.06,75.25,71.61
14.43,14.43,62.13,75.99,82.09
13.85,13.85,53.65,72.62,84.23
14.27,14.27,49.45,71.11,81.02
15.32,15.32,47.15,76.06,82.18
17.18,17.18,46.32,71.54,79.14
20.14,20.14,45.73,76.68,79.23
22.87,22.87,44.08,73.04,83.28
21.98,21.98,42.73,72.62,79.31
23.03,23.03,41.74,74.04,82.66
21.49,21.49,41.89,70.80,78.87
26.65,26.65,50.97,73.93,82.18
25.67,25.67,50.57,72.64,83.25
28.09,28.09,50.23,72.69,80.21
28.92,28.92,47.58,74.01,83.12
30.67,30.67,46.86,72.49,81.52
32.29,32.29,45.74,66.91,83.21
32.64,32.64,44.09,60.74,81.63
32.70,32.70,42.46,63.39,79.77
32.84,32.84,41.57,55.34,82.60
31.31,31.31,41.33,58.72,79.37
33.05,33.05,46.07,49.31,82.06
35.32,35.32,51.73,55.31,79.16
33.86,33.86,50.60,49.43,80.83
33.61,33.61,48.65,55.36,80.89
35.01,35.01,47.23,49.85,79.64
38.49,38.49,45.82,53.56,79.31
38.86,38.86,44.84,52.39,78.97
38.09,38.09,42.65,54.52,74.31
34.74,34.74,42.46,55.32,68.46
29.42,29.42,43.90,41.74,61.66
17.54,17.54,48.14,47.55,59.49
17.12,17.12,65.18,67.86,78.84
13.44,13.44,69.42,77.29,81.68
17.96,17.96,69.95,84.39,79.71
21.59,21.59,67.03,82.69,82.85
25.38,25.38,65.55,81.21,79.81
29.01,29.01,65.87,83.31,80.70
31.08,31.08,63.78,79.42,80.51
31.28,31.28,62.42,76.20,81.01
31.27,31.27,62.48,80.57,79.85
29.49,29.49,59.98,79.64,74.28
28.15,28.15,58.91,73.48,67.05
28.74,28.74,58.52,76.16,61.26
26.80,26.80,57.62,77.58,53.58
28.29,28.29,54.76,72.46,52.36
30.54,30.54,55.02,71.64,46.83
31.58,31.58,54.47,72.35,44.33
32.20,32.20,52.35,69.28,43.38
31.53,31.53,50.25,64.34,43.99
29.31,29.31,52.31,65.03,43.43
22.71,22.71,51.11,58.68,50.69
18.74,18.74,50.96,60.93,56.73
19.25,19.25,54.49,65.85,80.44
16.05,16.05,51.85,64.65,82.20
21.52,21.52,51.88,70.13,79.78
24.39,24.39,49.01,72.71,81.43
26.79,26.79,47.81,70.56,79.88
29.65,29.65,47.06,73.13,81.28
31.96,31.96,45.08,75.26,79.58
30.82,30.82,43.97,74.53,79.86
27.95,27.95,46.27,75.02,78.41
19.98,19.98,54.52,75.34,75.18
12.35,12.35,61.60,76.58,65.52
18.70,18.70,72.52,78.99,65.72
23.57,23.57,74.34,79.05,58.22
26.85,26.85,66.55,78.98,55.83
31.01,31.01,70.27,77.14,55.28
33.75,33.75,68.17,73.91,53.85
35.30,35.30,65.26,77.07,52.46
36.73,36.73,66.44,75.97,50.57
34.82,34.82,66.20,78.66,48.76
36.69,36.69,64.51,72.82,48.93
36.44,36.44,59.28,76.77,46.81
36.30,36.30,62.64,77.28,47.18
37.07,37.07,60.29,74.18,44.29
36.59,36.59,57.49,74.29,44.66
35.50,35.50,58.26,71.23,43.95
34.70,34.70,58.33,76.28,43.39
35.41,35.41,54.89,71.94,43.01
35.45,35.45,53.84,69.44,44.87
32.26,32.26,54.03,73.93,47.69
26.21,26.21,51.31,70.39,50.44
19.00,19.00,49.47,71.13,52.40
19.50,19.50,53.18,66.70,73.30
17.01,17.01,52.56,68.29,77.67
17.78,17.78,51.35,67.07,81.08
20.42,20.42,49.52,59.17,82.20
22.56,22.56,48.23,65.02,80.68
24.88,24.88,46.64,64.88,81.95
28.08,28.08,46.15,61.14,81.08
28.07,28.07,45.29,62.02,79.63
23.76,23.76,44.15,64.47,75.90
15.48,15.48,44.76,60.08,67.35
13.01,13.01,50.51,63.71,63.27
17.99,17.99,63.50,64.42,59.90
23.61,23.61,55.16,59.69,52.88
24.93,24.93,51.28,63.12,50.57
27.16,27.16,49.57,65.99,47.39
28.74,28.74,48.89,62.87,45.81
29.52,29.52,48.32,65.23,43.57
32.14,32.14,47.83,67.67,45.76
28.94,28.94,44.86,63.66,47.82
22.31,22.31,44.98,65.79,49.05
16.58,16.58,43.63,67.53,54.34
22.08,22.08,49.89,61.89,71.42
17.98,17.98,50.83,58.58,81.48
18.73,18.73,50.96,58.16,80.76
20.33,20.33,48.47,58.27,82.54
23.31,23.31,47.35,57.08,79.91
26.11,26.11,46.19,55.89,81.49
28.94,28.94,44.85,53.39,81.25
29.82,29.82,43.11,52.37,80.42
29.87,29.87,43.69,53.90,81.34
26.17,26.17,43.38,55.68,74.25
24.99,24.99,52.11,49.73,72.38
33.99,33.99,64.25,66.50,68.89
29.28,29.28,70.60,81.07,65.75
29.02,29.02,71.65,85.19,59.04
33.34,33.34,65.74,82.37,60.94
33.80,33.80,68.21,83.26,56.24
37.42,37.42,67.39,84.65,56.78
38.59,38.59,63.74,77.81,57.10
36.65,36.65,62.82,77.54,54.78
37.11,37.11,63.31,81.94,51.28
35.43,35.43,59.66,78.16,46.26
34.26,34.26,58.45,71.97,40.75
31.90,31.90,58.01,77.78,31.63
28.79,28.79,56.78,77.68,28.86
30.44,30.44,54.10,71.66,31.53
31.70,31.70,54.21,72.19,30.48
30.94,30.94,53.32,72.91,28.98
32.63,32.63,50.55,70.32,27.81
31.68,31.68,49.57,65.83,24.98
30.22,30.22,50.10,65.72,29.32
27.33,27.33,49.26,62.40,27.92
22.63,22.63,53.88,62.08,27.01
20.64,20.64,63.44,60.73,26.39
23.94,23.94,54.74,64.17,22.89
25.87,25.87,52.42,70.10,24.23
28.48,28.48,50.01,67.52,23.04
26.90,26.90,49.11,69.23,21.08
29.14,29.14,48.75,71.39,21.13
28.45,28.45,48.09,74.33,19.54
27.33,27.33,46.06,73.99,18.94
26.73,26.73,48.13,73.43,21.38
22.78,22.78,55.24,76.45,23.70
28.49,28.49,60.66,70.07,34.51
31.61,31.61,74.82,85.99,42.17
32.09,32.09,68.92,78.58,43.21
36.64,36.64,70.37,78.54,42.68
39.76,39.76,69.46,76.80,42.05
41.16,41.16,70.17,74.99,40.41
41.22,41.22,64.11,74.28,39.18
40.17,40.17,66.81,77.91,37.42
39.11,39.11,64.26,77.07,37.26
38.48,38.48,61.72,72.36,36.91
38.40,38.40,60.33,75.47,37.31
38.06,38.06,61.93,78.86,37.03
37.22,37.22,59.51,73.36,36.11
37.13,37.13,57.39,70.08,36.79
35.66,35.66,58.06,75.83,37.47
35.96,35.96,56.40,75.29,38.05
36.01,36.01,53.62,67.28,39.14
34.77,34.77,51.95,73.67,41.44
31.31,31.31,52.23,75.40,47.51
22.53,22.53,50.12,69.34,53.51
14.37,14.37,48.97,71.87,54.00
16.36,16.36,63.13,71.68,78.33
11.85,11.85,56.47,67.59,81.53
16.16,16.16,50.89,67.49,80.29
16.86,16.86,48.32,66.69,82.18
18.84,18.84,47.41,66.57,79.55
21.20,21.20,46.51,61.32,80.30
23.14,23.14,44.97,65.14,80.82
24.11,24.11,43.37,63.17,82.19
25.81,25.81,42.92,60.56,81.14
26.18,26.18,42.18,64.35,82.57
27.96,27.96,46.16,59.67,75.58
30.35,30.35,51.91,61.47,80.99
30.66,30.66,50.26,62.61,79.56
32.00,32.00,48.47,59.84,81.03
33.17,33.17,47.32,60.81,81.23
34.06,34.06,45.84,61.85,82.14
34.31,34.31,45.24,58.16,79.87
34.77,34.77,43.13,59.82,82.28
33.36,33.36,41.32,59.37,80.13
34.21,34.21,41.59,58.82,81.79
33.42,33.42,41.25,58.33,78.52
39.60,39.60,51.21,57.88,77.72
38.17,38.17,49.74,56.61,82.51
38.17,38.17,49.26,51.83,79.39
36.81,36.81,46.97,35.48,80.05
36.95,36.95,46.08,27.22,77.55
38.28,38.28,45.40,9.70,76.51
38.02,38.02,43.43,8.78,68.09
37.30,37.30,42.10,19.58,63.20
33.77,33.77,42.75,28.01,55.49
24.95,24.95,44.87,42.65,51.73
21.41,21.41,59.53,46.76,66.76
12.78,12.78,70.38,70.58,81.42
16.14,16.14,68.10,73.44,84.76
21.35,21.35,73.00,83.56,81.67
25.69,25.69,66.75,79.07,81.96
28.11,28.11,65.53,78.25,79.61
31.37,31.37,56.11,74.64,77.77
32.54,32.54,55.40,75.30,83.27
32.06,32.06,59.83,77.19,78.91
31.80,31.80,59.54,79.71,78.20
28.58,28.58,55.91,79.11,74.71
31.42,31.42,55.23,76.87,65.42
28.57,28.57,52.27,77.25,64.86
27.72,27.72,51.88,76.05,52.76
27.74,27.74,52.27,79.68,52.78
28.50,28.50,49.96,78.43,50.22
29.01,29.01,49.65,79.40,48.22
28.69,28.69,47.71,77.05,47.24
27.35,27.35,45.41,76.68,47.34
23.37,23.37,45.14,78.11,50.83
17.03,17.03,44.35,77.29,55.18
16.70,16.70,49.90,79.01,71.20
12.50,12.50,52.70,76.79,80.30
14.07,14.07,51.69,78.22,83.12
17.15,17.15,49.37,75.21,80.17
20.29,20.29,48.58,76.88,80.25
23.98,23.98,46.72,75.95,79.80
29.05,29.05,46.78,77.30,78.58
30.79,30.79,44.99,77.46,81.32
28.71,28.71,44.44,76.05,77.86
23.06,23.06,52.97,76.82,74.27
14.04,14.04,60.78,72.40,71.35
16.18,16.18,65.94,74.44,60.26
22.79,22.79,76.09,84.71,57.69
25.93,25.93,66.46,75.80,59.42
27.60,27.60,64.23,72.87,58.62
30.58,30.58,58.09,73.30,55.36
31.67,31.67,62.23,76.97,49.00
32.48,32.48,60.53,79.94,47.89
31.74,31.74,56.83,77.27,48.58
30.86,30.86,53.53,77.80,48.60
31.70,31.70,54.81,74.85,46.94
31.44,31.44,54.11,74.59,44.29
32.92,32.92,54.09,77.22,43.12
32.45,32.45,53.02,76.93,43.45
33.06,33.06,52.28,79.91,42.41
34.10,34.10,51.24,77.68,41.96
33.07,33.07,49.82,75.65,41.04
34.71,34.71,48.57,77.18,43.61
33.23,33.23,47.08,73.93,47.92
27.80,27.80,45.93,79.08,53.34
21.41,21.41,44.50,76.74,60.07
18.26,18.26,46.54,76.58,66.02
16.75,16.75,53.82,76.55,82.09
11.88,11.88,51.49,72.09,81.89
15.67,15.67,50.08,75.08,79.86
18.37,18.37,48.09,73.28,82.70
21.02,21.02,47.50,73.55,77.64
24.68,24.68,47.52,76.13,79.50
27.47,27.47,46.46,74.17,80.94
26.47,26.47,45.28,73.03,75.70
21.63,21.63,45.50,75.64,75.55
14.36,14.36,45.49,71.22,66.46
18.69,18.69,61.60,74.64,66.59
22.21,22.21,59.01,73.89,61.02
23.57,23.57,52.80,73.76,59.10
26.33,26.33,50.54,76.88,57.99
24.69,24.69,49.26,72.78,54.75
26.60,26.60,48.80,75.99,51.67
26.27,26.27,47.72,73.58,50.11
24.24,24.24,46.73,72.82,49.27
22.24,22.24,45.64,74.85,52.08
18.09,18.09,43.75,73.47,55.86
18.70,18.70,46.98,74.61,64.43
17.99,17.99,52.65,70.75,82.27
13.78,13.78,51.33,58.54,83.66
14.60,14.60,49.95,56.20,80.41
17.22,17.22,47.57,51.28,83.07
20.09,20.09,47.43,49.08,78.14
22.22,22.22,47.21,50.95,79.32
25.31,25.31,45.71,47.58,82.22
25.95,25.95,43.75,51.31,78.42
24.52,24.52,45.89,51.80,77.61
24.10,24.10,50.78,56.12,74.15
32.24,32.24,56.57,62.90,70.49
37.09,37.09,69.94,69.84,67.43
38.76,38.76,65.11,77.78,63.08
37.12,37.12,71.94,84.60,54.14
36.54,36.54,64.53,80.90,50.86
36.16,36.16,63.57,77.44,50.50
35.67,35.67,53.99,76.41,46.36
34.93,34.93,57.07,76.33,46.48
34.15,34.15,61.67,80.97,42.08
32.39,32.39,56.35,79.64,43.50
33.47,33.47,56.77,79.82,42.91
32.33,32.33,55.23,77.60,44.22
30.73,30.73,53.23,76.68,41.90
31.87,31.87,52.17,79.00,41.57
29.91,29.91,50.91,79.76,41.69
30.56,30.56,49.69,80.26,41.52
29.29,29.29,49.38,77.49,41.53
27.85,27.85,47.81,78.48,38.88
27.85,27.85,46.74,76.60,38.92
22.08,22.08,46.54,78.62,38.81
16.82,16.82,46.24,77.35,38.70
19.99,19.99,61.96,78.77,36.25
16.57,16.57,58.09,78.69,36.29
18.65,18.65,53.02,77.05,36.79
20.95,20.95,50.11,77.47,37.32
23.65,23.65,50.10,74.52,37.15
24.52,24.52,49.08,78.10,37.15
23.97,23.97,47.93,76.75,35.77
24.72,24.72,47.18,78.41,36.31
26.03,26.03,46.44,75.56,35.32
24.81,24.81,52.96,75.63,33.88
27.94,27.94,59.48,75.70,38.38
40.68,40.68,65.62,75.42,37.77
38.84,38.84,76.32,84.93,38.42
34.10,34.10,63.49,73.50,38.88
33.68,33.68,60.63,72.89,40.31
34.26,34.26,60.06,76.45,35.06
34.40,34.40,61.36,76.10,32.87
33.81,33.81,59.66,80.17,35.19
32.30,32.30,54.57,78.23,32.01
31.93,31.93,52.42,76.50,32.15
32.38,32.38,53.37,77.99,33.11
32.11,32.11,54.92,72.98,33.30
31.73,31.73,53.10,78.49,33.74
33.26,33.26,53.71,78.82,33.10
31.97,31.97,51.75,77.50,35.19
35.47,35.47,50.75,79.51,34.09
33.11,33.11,49.15,74.81,35.67
33.27,33.27,47.30,76.96,42.44
30.89,30.89,46.06,76.29,51.50
25.78,25.78,45.70,76.49,56.95
19.96,19.96,45.07,78.93,62.37
17.98,17.98,55.55,74.20,72.06
14.42,14.42,61.47,77.04,80.47
10.08,10.08,53.06,72.12,83.87
12.59,12.59,49.22,72.27,80.59
15.48,15.48,48.08,75.09,80.18
17.86,17.86,46.77,73.28,79.40
20.28,20.28,46.40,75.54,78.15
22.40,22.40,44.83,74.41,83.38
21.29,21.29,43.36,72.58,78.75
22.17,22.17,42.38,73.81,81.19
20.12,20.12,42.21,71.72,80.34
24.23,24.23,52.80,71.52,79.83
22.72,22.72,51.06,75.40,83.12
24.75,24.75,50.11,72.05,80.08
26.27,26.27,48.73,74.64,82.16
28.94,28.94,47.56,71.15,81.39
30.55,30.55,46.83,64.74,81.87
31.53,31.53,44.68,59.28,81.55
31.81,31.81,43.44,63.16,78.49
32.47,32.47,42.50,57.33,82.77
31.54,31.54,42.13,60.09,78.06
33.52,33.52,47.46,54.67,80.83
34.70,34.70,51.83,59.34,79.67
34.18,34.18,50.67,52.27,80.14
34.09,34.09,48.53,57.14,80.98
35.70,35.70,47.75,50.56,79.08
38.11,38.11,45.76,55.80,79.32
38.67,38.67,45.14,54.37,75.35
38.02,38.02,43.34,58.19,69.11
34.58,34.58,43.23,54.90,63.78
27.97,27.97,48.63,53.85,61.10
19.51,19.51,52.88,57.83,61.27
19.17,19.17,65.40,67.67,78.16
20.81,20.81,71.19,79.26,81.89
23.89,23.89,69.81,83.22,79.60
26.83,26.83,65.84,82.53,81.13
30.43,30.43,65.58,82.44,80.24
33.02,33.02,65.74,82.47,81.60
36.03,36.03,64.04,77.60,79.29
35.23,35.23,61.68,76.52,80.48
36.90,36.90,61.86,81.24,79.09
33.63,33.63,58.24,77.38,76.36
36.08,36.08,56.99,72.29,66.29
36.85,36.85,58.19,77.96,62.60
36.38,36.38,57.16,76.98,57.10
36.56,36.56,54.83,70.47,52.22
36.60,36.60,54.82,72.67,48.92
36.00,36.00,54.57,72.77,46.40
38.00,38.00,52.58,68.45,45.37
39.61,39.61,51.29,66.06,47.72
37.35,37.35,52.13,62.53,51.72
31.37,31.37,51.11,57.43,54.37
21.13,21.13,50.83,62.64,60.48
19.43,19.43,54.36,66.35,80.38
16.76,16.76,52.03,65.40,82.93
20.37,20.37,51.04,70.04,78.33
22.72,22.72,49.57,71.24,80.56
25.73,25.73,47.61,72.24,78.84
29.50,29.50,47.26,73.34,81.25
31.72,31.72,44.65,73.47,79.77
30.45,30.45,43.70,75.00,80.80
27.94,27.94,47.29,75.91,78.79
20.39,20.39,56.31,75.16,77.63
17.81,17.81,61.97,75.17,66.64
22.82,22.82,74.08,81.36,67.53
25.42,25.42,69.91,77.70,62.68
29.87,29.87,67.09,78.60,57.32
34.05,34.05,69.10,76.29,57.92
36.14,36.14,69.93,74.40,52.34
36.92,36.92,64.51,75.38,51.13
37.70,37.70,65.17,77.11,50.48
35.85,35.85,64.48,77.93,46.53
37.85,37.85,63.54,71.59,46.11
37.49,37.49,59.34,77.92,45.83
37.89,37.89,61.48,75.96,45.60
37.83,37.83,60.06,74.78,42.21
35.39,35.39,57.25,72.32,42.77
35.98,35.98,58.43,72.70,43.87
36.78,36.78,58.00,75.16,46.13
37.36,37.36,54.13,69.21,50.12
37.08,37.08,53.11,72.19,47.72
37.87,37.87,52.79,72.67,50.13
36.44,36.44,51.07,70.57,48.87
26.05,26.05,49.44,70.32,51.74
19.54,19.54,53.93,67.69,73.24
14.82,14.82,52.72,66.62,80.26
18.29,18.29,51.94,65.87,80.08
20.96,20.96,50.08,63.85,81.75
23.77,23.77,48.39,62.20,79.70
25.68,25.68,47.86,66.09,81.08
28.25,28.25,46.16,61.11,78.99
28.29,28.29,45.82,61.57,78.89
24.65,24.65,46.17,64.49,79.72
17.15,17.15,44.45,62.61,71.09
19.77,19.77,53.52,62.14,64.74
25.79,25.79,62.88,64.59,61.87
30.75,30.75,54.65,59.43,55.73
28.02,28.02,51.44,62.08,53.02
33.17,33.17,49.54,66.97,48.57
34.00,34.00,49.01,62.31,46.81
32.43,32.43,48.36,65.58,44.48
31.02,31.02,48.12,67.88,45.15
31.45,31.45,44.84,64.31,45.68
26.38,26.38,44.57,64.87,47.68
18.22,18.22,43.76,67.08,52.68
20.99,20.99,51.81,65.67,74.61
15.52,15.52,51.44,61.55,82.28
19.06,19.06,50.78,60.63,80.76
23.10,23.10,48.43,58.22,83.04
27.99,27.99,47.83,56.25,80.86
30.08,30.08,46.73,54.68,80.96
30.55,30.55,45.48,52.64,80.08
31.88,31.88,43.86,51.28,80.36
31.50,31.50,43.38,53.08,78.91
27.10,27.10,44.85,55.74,74.45
27.68,27.68,55.23,52.16,66.78
35.17,35.17,64.64,70.14,69.56
34.98,34.98,70.09,80.28,64.47
34.20,34.20,71.87,85.89,59.92
37.55,37.55,66.43,81.97,59.41
37.12,37.12,68.62,83.55,57.20
37.17,37.17,67.88,82.70,57.29
37.83,37.83,64.91,76.79,57.47
36.64,36.64,64.32,79.30,55.69
34.96,34.96,62.60,81.26,50.65
35.67,35.67,61.74,75.15,44.89
36.62,36.62,60.44,73.45,40.03
35.05,35.05,60.53,77.73,35.63
34.45,34.45,58.67,74.23,34.76
35.48,35.48,56.26,70.94,31.45
33.39,33.39,55.50,73.17,30.61
34.40,34.40,53.76,70.11,32.99
34.00,34.00,51.31,68.24,32.17
32.68,32.68,51.58,62.29,32.86
30.64,30.64,51.80,61.98,35.48
25.87,25.87,49.98,61.95,32.34
23.45,23.45,56.32,63.97,30.58
20.56,20.56,62.80,64.73,31.17
25.16,25.16,54.92,66.42,29.39
26.93,26.93,51.80,68.34,29.28
29.93,29.93,50.58,72.87,27.00
31.18,31.18,49.04,72.34,24.96
28.07,28.07,48.69,72.87,27.25
26.90,26.90,47.38,75.63,25.71
27.70,27.70,45.58,76.01,24.46
27.92,27.92,46.51,75.43,26.18
24.74,24.74,53.14,76.18,26.94
34.18,34.18,61.05,72.82,36.31
34.37,34.37,74.68,87.04,43.18
36.31,36.31,68.00,77.59,43.40
40.04,40.04,72.04,76.84,41.02
42.61,42.61,69.73,76.25,40.35
42.89,42.89,69.90,75.72,37.97
42.37,42.37,65.86,73.34,36.49
41.34,41.34,65.83,78.70,36.03
40.12,40.12,64.99,77.50,35.37
39.30,39.30,63.49,71.47,35.61
38.13,38.13,62.56,75.53,37.46
38.29,38.29,63.13,78.37,37.62
37.53,37.53,60.10,72.46,37.48
36.65,36.65,58.20,68.82,37.74
36.01,36.01,59.00,76.30,38.84
35.82,35.82,57.72,75.04,39.51
37.60,37.60,55.47,64.56,41.44
35.53,35.53,54.62,73.76,42.44
31.54,31.54,54.26,72.51,45.82
23.68,23.68,51.32,68.39,51.49
11.49,11.49,50.11,70.43,52.47
11.78,11.78,64.80,66.93,80.64
9.86,9.86,56.02,64.94,82.09
17.46,17.46,51.52,63.21,78.68
19.89,19.89,49.08,62.65,81.81
19.81,19.81,47.78,60.31,79.41
22.51,22.51,47.11,62.31,80.88
25.25,25.25,45.82,61.22,80.16
26.98,26.98,43.74,60.88,81.53
29.53,29.53,43.61,60.96,79.48
29.62,29.62,44.15,60.92,82.67
31.95,31.95,57.38,62.05,73.23
33.21,33.21,66.10,75.61,80.91
27.59,27.59,70.76,83.46,80.98
28.18,28.18,70.23,84.22,80.27
28.88,28.88,67.81,80.68,81.13
29.82,29.82,67.31,83.90,80.28
32.83,32.83,66.67,82.77,78.29
33.73,33.73,64.72,74.75,80.48
33.79,33.79,64.31,78.81,79.39
33.16,33.16,64.12,81.25,79.01
34.01,34.01,61.31,75.09,79.57
39.30,39.30,60.00,73.30,77.21
37.63,37.63,60.11,77.60,81.67
38.81,38.81,56.90,75.40,79.38
38.38,38.38,54.30,69.49,79.82
39.45,39.45,55.29,70.34,79.86
39.31,39.31,54.84,71.17,80.78
38.61,38.61,50.41,66.20,78.38
36.17,36.17,48.07,61.70,71.71
33.37,33.37,48.09,64.43,65.05
25.67,25.67,45.57,58.69,64.42
21.87,21.87,62.98,60.18,73.81
12.51,12.51,67.43,75.74,82.85
18.73,18.73,70.11,85.52,84.17
21.95,21.95,69.57,86.45,80.66
26.48,26.48,65.27,84.60,81.91
28.13,28.13,65.82,84.30,79.49
30.75,30.75,56.24,79.79,79.86
30.71,30.71,55.52,80.39,82.41
31.07,31.07,58.04,81.18,81.11
31.07,31.07,56.63,83.20,76.56
29.59,29.59,55.26,81.62,77.12
32.47,32.47,54.03,82.86,66.58
33.32,33.32,51.80,80.63,67.46
34.91,34.91,51.30,83.04,56.55
33.66,33.66,49.77,82.73,57.49
34.29,34.29,48.85,83.46,57.05
33.99,33.99,47.95,82.67,55.13
33.27,33.27,46.54,80.82,56.57
29.41,29.41,44.86,82.98,54.40
24.39,24.39,44.28,81.32,57.33
18.71,18.71,43.57,83.13,58.13
18.99,18.99,50.00,81.20,75.84
14.43,14.43,51.58,83.18,83.65
14.43,14.43,50.97,80.86,84.29
17.51,17.51,48.72,81.71,80.73
19.80,19.80,47.16,80.74,80.64
22.69,22.69,46.62,80.39,80.33
26.16,26.16,45.29,82.09,79.62
27.00,27.00,43.58,80.46,81.32
26.82,26.82,44.59,81.66,81.72
22.73,22.73,47.79,79.32,74.91
17.09,17.09,62.90,80.44,82.29
14.73,14.73,66.88,77.19,77.08
19.65,19.65,73.38,80.70,73.32
25.21,25.21,65.48,76.05,73.95
29.00,29.00,55.06,75.23,68.59
30.96,30.96,61.57,78.32,63.37
33.56,33.56,60.86,81.96,60.80
33.69,33.69,58.20,81.85,59.73
34.40,34.40,52.77,78.53,59.30
34.72,34.72,52.01,80.13,57.71
36.34,36.34,50.42,76.76,58.15
35.92,35.92,55.13,79.79,56.69
36.55,36.55,53.78,77.04,56.02
36.85,36.85,53.41,80.39,56.32
36.10,36.10,51.31,80.63,53.33
36.09,36.09,50.28,79.58,51.30
34.21,34.21,48.85,79.34,53.18
34.59,34.59,47.40,78.05,51.27
34.05,34.05,46.44,79.38,54.46
29.10,29.10,45.50,78.78,54.21
21.43,21.43,43.65,80.59,61.96
16.40,16.40,47.69,79.33,69.26
18.63,18.63,52.79,80.53,79.42
22.74,22.74,51.41,79.17,81.41
28.34,28.34,49.99,78.27,79.45
28.51,28.51,47.43,79.27,80.77
28.97,28.97,47.22,77.49,79.46
29.64,29.64,46.77,80.48,78.38
30.64,30.64,45.39,77.44,79.47
29.68,29.68,44.74,79.12,76.96
22.64,22.64,45.59,77.58,74.18
14.82,14.82,47.16,77.44,68.42
17.13,17.13,61.53,77.89,63.38
22.07,22.07,58.32,77.41,58.92
25.50,25.50,52.75,77.82,57.31
25.00,25.00,50.16,77.88,53.13
27.12,27.12,49.54,78.18,55.09
28.02,28.02,48.68,76.67,48.36
28.19,28.19,47.29,78.26,52.16
26.11,26.11,46.43,76.43,54.31
22.30,22.30,45.61,77.69,54.76
16.86,16.86,43.84,77.11,59.69
16.45,16.45,48.89,76.28,69.20
16.68,16.68,53.52,77.41,80.92
14.75,14.75,51.50,69.34,84.79
17.31,17.31,49.66,60.41,80.83
20.89,20.89,48.57,47.71,82.38
24.22,24.22,47.40,47.43,80.13
26.88,26.88,46.62,43.66,78.49
29.00,29.00,45.21,39.63,82.69
29.27,29.27,44.60,40.77,77.70
28.48,28.48,47.35,38.47,80.52
27.68,27.68,51.60,53.34,77.43
33.85,33.85,60.19,61.65,79.95
32.41,32.41,70.74,69.92,74.94
31.81,31.81,66.79,78.51,70.73
31.93,31.93,72.46,84.68,63.00
32.90,32.90,65.68,79.06,58.67
32.24,32.24,63.23,77.21,52.60
33.98,33.98,56.10,75.21,51.34
32.52,32.52,55.76,77.84,50.26
33.45,33.45,60.12,80.36,47.64
30.83,30.83,56.46,81.07,47.13
33.27,33.27,55.55,79.97,45.97
30.00,30.00,55.55,76.64,46.26
31.87,31.87,53.81,78.01,39.50
32.62,32.62,51.70,78.26,41.80
30.14,30.14,51.14,80.66,40.08
31.17,31.17,49.54,78.45,39.30
30.64,30.64,48.99,79.05,38.80
30.75,30.75,47.07,77.72,37.16
28.07,28.07,46.28,77.29,37.03
22.95,22.95,46.48,78.31,37.67
16.82,16.82,45.28,77.21,35.77
16.78,16.78,64.68,79.71,34.80
17.42,17.42,56.91,77.41,35.20
19.22,19.22,53.01,78.15,33.63
22.98,22.98,49.83,75.04,33.14
24.13,24.13,49.10,76.90,32.61
24.07,24.07,49.08,76.95,33.20
23.87,23.87,47.89,77.93,32.12
25.62,25.62,46.84,77.74,32.24
26.00,26.00,46.19,75.26,29.67
24.74,24.74,49.54,76.83,29.68
29.95,29.95,62.16,74.65,34.47
41.53,41.53,68.62,77.16,42.60
37.27,37.27,74.85,82.39,47.33
35.63,35.63,64.97,73.13,39.16
35.40,35.40,59.10,71.41,46.27
36.41,36.41,63.52,77.97,37.99
35.80,35.80,63.73,75.59,33.89
35.16,35.16,66.05,79.89,32.97
33.42,33.42,62.12,78.81,31.20
32.82,32.82,61.76,76.20,31.31
33.75,33.75,63.60,78.88,30.97
33.46,33.46,60.67,74.47,30.66
33.57,33.57,58.72,78.88,29.30
35.29,35.29,57.15,78.59,29.42
35.91,35.91,54.09,77.74,29.18
37.51,37.51,51.00,79.25,29.35
36.09,36.09,49.33,74.39,28.09
37.41,37.41,47.32,77.38,28.81
35.83,35.83,46.31,76.91,27.73
30.97,30.97,47.07,76.88,26.90
25.34,25.34,47.57,78.88,26.74
18.64,18.64,57.20,77.16,25.62
18.25,18.25,61.37,76.46,27.06
25.37,25.37,54.02,76.98,27.02
27.13,27.13,50.96,74.07,27.20
30.56,30.56,49.94,77.29,27.12
31.12,31.12,48.84,76.55,27.19
31.01,31.01,48.72,76.34,26.65
33.09,33.09,47.63,78.21,26.72
30.54,30.54,46.26,74.02,27.00
30.71,30.71,44.90,76.73,26.82
27.08,27.08,45.59,74.51,27.06
26.96,26.96,54.64,70.98,27.04
30.65,30.65,53.21,65.25,27.04
31.23,31.23,51.58,62.69,25.34
31.52,31.52,50.70,63.67,24.18
32.26,32.26,49.40,61.66,24.54
31.30,31.30,49.29,60.36,22.96
31.44,31.44,47.76,60.46,23.25
29.63,29.63,45.91,60.47,23.16
30.14,30.14,45.83,59.63,22.80
30.46,30.46,44.95,59.46,21.96
29.92,29.92,51.12,59.41,22.15
37.10,37.10,53.81,58.51,22.12
47.28,47.28,52.42,57.67,21.46
51.49,51.49,50.77,56.76,19.14
53.64,53.64,49.94,54.97,19.51
54.55,54.55,48.76,52.69,29.76
50.08,50.08,47.95,50.63,46.20
44.98,44.98,48.67,49.02,52.71
33.72,33.72,45.80,48.89,55.80
22.37,22.37,50.99,53.20,60.32
13.73,13.73,55.57,54.72,68.05
13.13,13.13,67.61,77.59,81.40
20.25,20.25,71.18,82.73,83.10
23.14,23.14,69.99,80.97,82.38
19.75,19.75,68.60,73.27,82.06
21.69,21.69,69.25,76.81,82.77
24.51,24.51,65.93,72.32,80.99
27.28,27.28,64.34,69.21,81.83
27.60,27.60,51.80,66.43,77.76
27.84,27.84,55.90,67.17,73.81
26.36,26.36,60.60,70.35,68.87
27.53,27.53,58.84,73.22,64.28
27.12,27.12,56.93,72.75,61.78
25.12,25.12,53.81,70.47,59.19
26.66,26.66,53.34,70.51,61.28
30.10,30.10,50.32,68.74,64.66
29.98,29.98,49.99,70.60,63.69
27.81,27.81,48.75,72.52,62.80
25.93,25.93,47.31,74.23,61.89
25.30,25.30,45.28,73.25,61.50
19.97,19.97,43.44,71.63,61.75
23.25,23.25,46.39,70.56,67.64
19.03,19.03,52.20,68.74,82.70
13.07,13.07,50.99,65.18,84.78
15.86,15.86,48.98,67.87,82.07
18.68,18.68,46.80,67.90,82.11
21.38,21.38,45.91,65.03,82.19
24.22,24.22,45.50,66.04,81.18
25.75,25.75,44.59,68.61,81.95
23.18,23.18,42.74,70.21,78.75
22.41,22.41,44.83,71.81,78.99
22.69,22.69,45.96,71.00,79.84
25.47,25.47,59.58,71.05,73.17
22.75,22.75,57.33,71.15,72.70
19.71,19.71,51.69,70.89,68.48
20.96,20.96,48.80,70.79,65.14
22.03,22.03,48.98,70.66,60.12
25.17,25.17,47.84,71.72,59.92
25.63,25.63,46.71,70.94,60.31
23.81,23.81,45.43,70.35,59.78
26.61,26.61,45.39,70.62,58.60
31.59,31.59,43.60,71.72,56.28
31.81,31.81,47.45,71.21,54.18
31.38,31.38,53.46,70.12,53.88
33.41,33.41,52.43,70.33,53.83
35.16,35.16,51.28,70.77,52.11
34.94,34.94,49.78,69.96,48.19
34.97,34.97,48.90,69.16,49.24
33.98,33.98,48.15,68.36,50.99
30.72,30.72,46.44,68.57,53.93
29.29,29.29,44.66,67.02,57.16
24.23,24.23,44.11,65.85,58.25
15.75,15.75,43.45,66.47,57.46
17.82,17.82,51.80,65.25,77.13
15.10,15.10,50.91,62.72,83.40
17.91,17.91,50.10,62.97,81.57
20.70,20.70,47.99,63.72,81.16
23.44,23.44,46.96,65.57,81.52
26.95,26.95,46.30,64.56,79.76
28.78,28.78,45.00,65.25,80.17
29.02,29.02,44.12,64.67,79.25
26.26,26.26,44.02,64.96,72.83
21.05,21.05,44.38,63.25,68.61
19.57,19.57,56.27,64.05,64.84
16.74,16.74,61.45,66.01,58.43
17.42,17.42,53.38,65.21,54.74
19.34,19.34,50.99,65.07,50.27
21.20,21.20,49.02,64.91,44.17
23.23,23.23,48.80,66.29,45.40
24.62,24.62,48.39,65.76,45.03
28.54,28.54,46.51,65.26,43.22
27.83,27.83,44.89,64.76,45.07
20.53,20.53,44.04,66.49,48.28
28.59,28.59,43.72,57.82,50.18
38.45,38.45,51.88,47.82,80.81
28.72,28.72,49.94,35.43,83.71
14.89,14.89,49.60,27.15,78.38
15.28,15.28,46.78,17.40,80.68
17.24,17.24,45.73,20.38,82.10
17.26,17.26,45.22,18.43,80.19
19.30,19.30,43.33,11.74,79.12
19.16,19.16,42.13,18.82,81.04
22.65,22.65,42.17,32.62,80.53
21.84,21.84,43.57,43.36,77.49
21.93,21.93,54.54,56.30,77.27
25.73,25.73,65.92,81.14,76.26
25.38,25.38,71.85,83.09,71.47
29.06,29.06,67.32,78.08,68.81
33.41,33.41,67.97,76.33,61.88
31.34,31.34,67.92,76.81,58.51
31.09,31.09,65.99,74.51,59.47
30.01,30.01,66.07,75.24,59.46
30.55,30.55,59.87,62.71,58.93
29.31,29.31,56.18,68.08,58.03
31.82,31.82,61.65,73.33,60.04
33.86,33.86,59.61,73.05,59.18
32.56,32.56,57.50,73.95,57.81
29.45,29.45,54.20,72.37,54.00
35.31,35.31,51.43,70.95,53.09
38.76,38.76,49.57,68.98,55.13
38.65,38.65,50.09,69.23,55.11
37.71,37.71,49.57,72.06,56.81
35.60,35.60,48.51,72.38,58.55
30.45,30.45,48.27,69.55,59.18
25.12,25.12,50.96,68.83,57.30
17.24,17.24,57.90,68.91,55.29
14.18,14.18,61.88,70.39,54.88
18.47,18.47,54.25,70.80,51.32
23.10,23.10,51.67,71.09,50.86
27.50,27.50,50.65,69.93,50.42
33.01,33.01,49.08,68.94,51.58
36.15,36.15,48.49,68.01,52.61
36.50,36.50,47.98,68.40,48.82
37.04,37.04,46.13,68.90,43.56
34.38,34.38,46.30,68.26,49.17
31.56,31.56,47.63,68.80,53.81
34.22,34.22,60.82,76.58,54.48
30.87,30.87,73.39,86.29,57.14
29.04,29.04,66.56,77.02,52.21
33.51,33.51,67.32,72.98,52.91
34.91,34.91,66.36,74.41,54.01
36.12,36.12,67.48,78.12,55.25
33.64,33.64,67.14,74.45,53.85
34.52,34.52,63.07,72.88,54.33
35.70,35.70,61.22,72.52,52.23
36.73,36.73,57.66,75.86,53.11
39.30,39.30,57.32,72.52,53.71
39.27,39.27,58.24,71.87,55.49
40.56,40.56,57.45,72.33,53.43
39.19,39.19,59.86,72.72,49.76
36.86,36.86,52.13,71.45,45.86
35.70,35.70,51.03,70.85,49.08
35.89,35.89,50.37,71.17,48.04
38.01,38.01,54.81,72.78,46.88
36.08,36.08,49.31,70.48,49.13
28.91,28.91,50.40,69.88,48.44
21.37,21.37,53.07,71.22,49.22
18.23,18.23,64.99,68.97,50.49
19.43,19.43,56.35,69.52,52.30
23.43,23.43,52.39,68.93,54.54
27.66,27.66,51.39,70.32,55.68
31.56,31.56,49.33,67.66,56.33
36.23,36.23,49.62,69.84,56.07
38.85,38.85,48.43,66.93,53.79
38.53,38.53,47.06,67.75,49.04
37.65,37.65,47.14,68.05,50.10
37.86,37.86,46.12,67.37,52.71
33.66,33.66,51.96,65.88,53.01
32.39,32.39,53.44,65.82,53.36
34.55,34.55,53.23,63.17,52.62
36.14,36.14,51.19,65.77,49.69
38.08,38.08,50.47,63.80,48.23
38.76,38.76,49.12,63.24,49.24
38.71,38.71,47.99,62.55,49.28
36.16,36.16,47.42,63.50,50.31
38.38,38.38,46.44,61.85,50.73
38.75,38.75,45.48,62.71,52.35
38.42,38.42,47.32,62.86,56.17
38.24,38.24,55.07,61.84,57.56
37.56,37.56,53.13,61.46,56.63
36.75,36.75,52.22,60.34,53.87
36.97,36.97,50.18,61.23,52.42
36.00,36.00,48.61,59.57,52.68
36.59,36.59,48.75,61.68,53.82
35.73,35.73,48.27,59.73,54.23
32.63,32.63,46.06,59.36,53.63
29.39,29.39,48.49,55.33,56.01
19.00,19.00,54.80,59.27,57.09
17.36,17.36,61.90,61.01,78.98
10.25,10.25,67.82,77.66,82.26
15.02,15.02,67.66,82.04,80.09
21.58,21.58,68.99,85.29,82.26
23.30,23.30,64.67,80.82,79.14
25.25,25.25,65.59,83.99,79.60
27.73,27.73,63.81,79.65,81.77
32.18,32.18,61.73,74.89,77.97
33.97,33.97,62.07,81.24,81.17
32.92,32.92,60.38,78.13,78.25
30.80,30.80,57.28,72.62,73.26
31.59,31.59,57.51,76.36,68.92
29.31,29.31,57.91,76.33,64.36
28.87,28.87,55.51,74.06,62.24
30.72,30.72,55.58,68.21,61.14
32.21,32.21,56.59,72.75,61.05
36.44,36.44,54.56,69.97,54.98
33.30,33.30,51.28,62.64,56.71
29.99,29.99,52.31,65.03,54.08
27.30,27.30,51.74,60.27,55.25
19.32,19.32,52.46,56.92,58.78
19.38,19.38,55.03,65.19,77.83
17.87,17.87,52.42,65.82,81.66
21.76,21.76,52.08,68.22,80.16
25.96,25.96,49.84,71.16,81.61
28.45,28.45,48.27,72.19,80.26
30.48,30.48,47.11,72.40,80.17
32.29,32.29,45.09,73.85,80.95
33.40,33.40,43.90,73.86,80.12
30.99,30.99,44.99,75.71,81.22
24.33,24.33,46.18,75.49,76.49
19.59,19.59,53.50,74.83,71.96
26.00,26.00,65.74,78.94,69.96
31.24,31.24,69.60,79.83,59.41
35.99,35.99,62.50,75.25,58.62
39.66,39.66,63.18,70.26,56.29
41.06,41.06,64.95,77.24,56.98
39.98,39.98,61.58,77.11,60.10
39.19,39.19,58.86,73.32,62.25
37.45,37.45,58.85,74.55,62.88
35.58,35.58,57.85,77.52,63.60
32.48,32.48,52.88,75.63,63.23
32.01,32.01,56.85,72.86,62.19
30.11,30.11,56.13,76.04,62.34
28.62,28.62,54.29,73.83,62.47
29.48,29.48,53.21,72.18,63.69
31.55,31.55,52.79,72.32,65.32
31.42,31.42,51.69,74.04,64.67
32.60,32.60,48.04,71.54,65.03
32.16,32.16,48.63,68.81,63.61
28.39,28.39,49.44,71.20,63.58
23.80,23.80,46.98,69.98,63.98
26.64,26.64,49.15,66.22,70.60
24.11,24.11,53.15,66.81,81.29
30.39,30.39,51.66,66.50,81.96
36.08,36.08,49.38,62.94,79.66
37.66,37.66,48.56,62.99,78.50
38.62,38.62,46.73,61.47,79.88
35.92,35.92,46.71,53.46,78.64
34.05,34.05,45.53,55.05,78.28
31.91,31.91,45.62,56.36,78.09
26.98,26.98,44.99,51.52,74.34
17.48,17.48,49.20,58.64,68.60
15.82,15.82,63.58,56.52,61.28
19.39,19.39,56.88,60.79,57.03
23.94,23.94,53.05,63.55,50.79
28.64,28.64,49.58,62.59,50.41
30.61,30.61,48.75,63.86,50.79
29.48,29.48,48.26,64.23,55.49
29.20,29.20,46.76,66.58,58.31
28.57,28.57,45.45,63.60,59.24
25.13,25.13,44.32,67.16,59.20
23.47,23.47,43.37,64.93,61.11
30.13,30.13,48.31,65.60,75.11
28.88,28.88,52.03,66.10,80.44
26.64,26.64,50.74,61.94,77.58
28.27,28.27,48.65,63.75,77.75
27.32,27.32,47.91,65.69,78.08
27.43,27.43,46.51,64.32,77.48
28.85,28.85,46.36,61.92,76.97
29.10,29.10,43.93,65.19,78.09
29.06,29.06,42.52,64.15,78.26
28.43,28.43,42.79,61.96,77.90
25.50,25.50,44.24,60.05,77.53
30.05,30.05,58.80,66.36,76.14
26.01,26.01,65.80,74.81,77.61
27.89,27.89,61.77,76.24,77.92
26.34,26.34,67.44,78.85,78.36
26.29,26.29,63.36,78.67,78.96
27.13,27.13,62.57,80.66,76.96
28.59,28.59,60.56,80.83,77.21
27.74,27.74,57.86,79.81,78.63
28.51,28.51,55.98,78.41,76.05
26.39,26.39,53.81,78.85,77.50
29.73,29.73,56.28,77.75,78.43
33.03,33.03,53.73,74.42,77.26
32.65,32.65,54.25,75.41,77.84
32.60,32.60,51.18,74.06,76.89
33.53,33.53,50.75,71.70,76.99
33.84,33.84,48.82,72.95,76.98
35.23,35.23,47.34,71.34,75.86
33.80,33.80,46.47,72.02,78.04
30.89,30.89,45.85,73.95,78.21
24.19,24.19,45.35,73.80,76.69
18.03,18.03,46.71,72.74,78.14
18.88,18.88,64.90,74.63,78.35
17.13,17.13,56.15,73.56,76.58
21.18,21.18,51.78,73.23,76.42
24.32,24.32,49.29,73.93,76.74
27.29,27.29,48.30,73.54,75.74
29.31,29.31,48.03,71.85,75.85
30.48,30.48,46.46,73.21,76.22
29.62,29.62,44.97,72.79,76.71
30.78,30.78,44.41,71.33,76.08
28.95,28.95,43.36,71.94,76.24
34.06,34.06,49.73,71.12,76.08
35.49,35.49,52.58,68.89,75.51
34.83,34.83,51.38,70.18,75.15
33.93,33.93,49.14,69.94,75.08
35.18,35.18,48.42,68.03,76.08
35.34,35.34,45.98,69.13,74.29
36.75,36.75,45.52,68.15,75.22
35.73,35.73,43.97,65.87,74.64
34.84,34.84,43.16,67.13,74.01
31.13,31.13,42.77,67.46,75.28
27.53,27.53,44.40,65.83,74.49
28.41,28.41,53.03,66.31,76.29
26.12,26.12,51.01,65.45,76.00
27.96,27.96,49.56,62.76,75.53
26.81,26.81,47.31,62.13,78.06
28.10,28.10,46.60,63.80,72.06
29.76,29.76,46.21,63.02,78.28
30.34,30.34,44.82,61.98,68.62
27.41,27.41,43.51,62.78,74.22
25.04,25.04,44.77,60.80,70.80
18.59,18.59,45.80,58.24,72.41
17.34,17.34,59.54,59.91,71.14
14.05,14.05,59.57,60.38,70.85
18.39,18.39,53.55,59.53,72.96
22.21,22.21,50.15,60.92,70.48
25.07,25.07,49.11,60.30,73.96
27.60,27.60,48.96,59.03,70.27
30.55,30.55,47.14,57.84,73.45
37.36,37.36,46.08,60.06,68.72
38.57,38.57,44.72,60.15,74.33
35.33,35.33,43.09,59.23,69.02
34.11,34.11,45.50,60.24,73.49
35.97,35.97,53.27,58.48,68.57
34.29,34.29,51.35,50.04,73.00
32.25,32.25,50.12,35.75,72.30
29.59,29.59,48.13,36.58,72.49
28.12,28.12,47.17,29.86,69.09
29.73,29.73,47.16,27.86,71.92
30.33,30.33,45.50,26.61,69.85
30.04,30.04,43.76,26.83,70.38
31.90,31.90,44.29,32.12,68.26
28.67,28.67,42.58,28.18,63.38
31.93,31.93,51.18,30.57,59.83
31.00,31.00,52.36,33.17,58.89
31.52,31.52,52.06,31.89,61.30
31.32,31.32,49.25,29.63,59.97
32.46,32.46,48.53,21.95,58.06
34.49,34.49,47.14,7.79,57.13
35.76,35.76,45.54,7.98,57.13
35.53,35.53,44.14,9.05,63.01
32.21,32.21,43.73,19.53,56.37
23.40,23.40,44.42,40.87,59.68
17.71,17.71,52.12,49.02,65.56
25.94,25.94,62.73,79.86,81.42
31.22,31.22,53.44,88.96,79.80
29.66,29.66,49.66,86.57,83.36
26.72,26.72,46.64,85.14,77.29
24.17,24.17,46.23,83.03,82.92
20.99,20.99,45.94,81.49,81.64
23.44,23.44,44.75,82.52,79.56
23.16,23.16,42.50,81.87,79.79
24.52,24.52,42.33,81.46,76.38
19.77,19.77,42.29,80.33,74.90
20.89,20.89,51.28,78.25,70.11
17.37,17.37,52.03,78.00,65.30
16.30,16.30,50.70,74.65,64.71
17.32,17.32,49.31,73.39,65.20
19.46,19.46,48.78,74.70,63.78
21.65,21.65,48.12,71.75,64.73
22.23,22.23,46.56,68.36,64.49
21.30,21.30,45.32,67.04,64.39
19.95,19.95,44.10,70.54,61.88
16.48,16.48,42.89,71.57,62.76
14.73,14.73,46.72,69.14,72.35
14.32,14.32,51.94,68.35,82.03
13.22,13.22,50.00,72.10,79.96
15.14,15.14,48.17,67.17,82.91
17.21,17.21,46.14,67.14,79.41
18.71,18.71,45.47,69.32,82.80
20.76,20.76,45.62,72.54,82.36
21.82,21.82,43.44,69.74,79.49
21.67,21.67,43.01,69.52,81.49
20.74,20.74,43.58,71.98,77.25
19.59,19.59,44.61,74.41,78.50
17.31,17.31,61.35,73.92,75.20
12.23,12.23,56.56,82.32,71.46
13.51,13.51,52.21,86.54,68.45
17.77,17.77,48.87,83.60,61.22
19.24,19.24,48.65,85.80,61.68
22.30,22.30,47.72,81.70,59.42
22.51,22.51,46.73,82.24,60.25
21.33,21.33,46.25,82.47,61.59
22.29,22.29,45.34,81.40,64.21
18.26,18.26,44.16,82.49,64.01
16.36,16.36,48.51,78.55,64.03
15.55,15.55,53.17,80.55,64.51
16.19,16.19,51.92,79.03,62.92
19.30,19.30,50.36,78.12,62.29
21.58,21.58,49.75,78.96,62.48
19.48,19.48,48.61,77.74,63.82
21.40,21.40,48.05,78.09,64.24
21.33,21.33,45.84,77.95,63.85
20.11,20.11,45.51,77.12,64.40
16.29,16.29,44.11,77.34,64.29
12.93,12.93,43.17,76.16,65.18
16.12,16.12,53.19,77.07,80.74
11.18,11.18,50.73,75.33,82.16
12.43,12.43,50.13,74.24,81.49
13.62,13.62,47.49,74.72,80.43
17.73,17.73,46.60,73.20,80.76
21.19,21.19,46.35,68.66,81.21
23.17,23.17,44.42,68.99,79.80
24.05,24.05,43.67,69.18,77.08
21.50,21.50,43.88,68.57,77.22
14.15,14.15,44.65,69.58,72.32
17.41,17.41,56.78,67.98,67.36
22.41,22.41,60.85,78.97,74.60
18.22,18.22,52.84,82.96,72.81
18.89,18.89,49.80,78.13,71.01
20.52,20.52,48.30,81.62,68.92
21.28,21.28,47.47,78.41,67.24
22.97,22.97,46.45,76.56,65.99
22.78,22.78,45.19,77.21,65.09
22.98,22.98,43.98,72.94,67.79
21.12,21.12,42.95,77.14,68.12
21.18,21.18,42.66,75.49,67.28
24.46,24.46,52.17,73.73,82.37
20.21,20.21,50.51,74.63,81.25
19.71,19.71,48.81,70.34,82.21
19.76,19.76,47.38,73.11,79.70
20.51,20.51,45.42,71.79,80.92
23.66,23.66,44.85,71.48,80.88
23.30,23.30,42.87,71.77,79.86
21.24,21.24,41.58,69.83,79.02
19.73,19.73,43.06,70.57,79.03
14.93,14.93,43.01,69.13,74.11
16.83,16.83,49.57,72.43,72.05
21.52,21.52,53.18,84.87,72.20
19.28,19.28,51.68,88.79,66.42
13.45,13.45,50.17,84.55,67.70
19.19,19.19,49.19,85.63,65.07
21.08,21.08,47.57,82.90,65.64
22.73,22.73,47.63,81.68,65.21
23.70,23.70,45.83,83.50,66.07
24.31,24.31,45.42,83.51,64.42
24.91,24.91,44.61,83.05,66.29
24.51,24.51,44.96,81.21,65.55
24.75,24.75,54.60,78.73,65.66
31.32,31.32,52.69,79.31,67.05
36.16,36.16,51.22,77.37,67.17
33.23,33.23,49.52,75.59,67.69
26.45,26.45,49.36,72.19,66.71
21.72,21.72,49.18,72.85,64.04
23.28,23.28,47.53,70.67,66.02
24.63,24.63,45.67,70.18,67.55
23.90,23.90,46.88,70.37,66.45
19.16,19.16,48.29,73.19,64.50
18.09,18.09,59.47,69.49,63.88
21.35,21.35,60.40,71.18,67.09
19.88,19.88,53.66,70.85,64.82
16.57,16.57,50.67,73.44,63.82
21.67,21.67,49.83,67.81,66.00
23.25,23.25,48.33,70.80,70.04
25.25,25.25,48.11,73.12,69.63
29.04,29.04,46.99,75.58,68.43
29.62,29.62,45.37,73.52,66.81
25.53,25.53,44.74,73.37,66.09
24.72,24.72,47.16,75.74,66.09
27.74,27.74,54.79,76.97,63.04
23.47,23.47,53.48,85.28,64.75
22.60,22.60,52.08,85.72,65.72
25.89,25.89,49.67,83.57,65.82
29.05,29.05,48.90,85.51,64.10
30.63,30.63,48.47,81.71,63.95
33.59,33.59,47.37,82.59,62.74
28.76,28.76,45.23,81.82,64.35
27.21,27.21,45.59,81.40,64.69
23.35,23.35,44.75,82.42,64.81
26.64,26.64,52.39,79.48,63.10
29.26,29.26,53.20,80.14,64.17
31.89,31.89,52.77,78.08,65.05
30.62,30.62,50.59,78.63,65.34
31.23,31.23,49.61,78.69,64.04
32.92,32.92,48.91,77.44,65.10
35.31,35.31,47.76,78.40,65.18
35.61,35.61,46.91,76.86,65.07
30.52,30.52,47.16,77.76,63.79
21.72,21.72,47.00,77.11,64.14
15.07,15.07,53.68,76.17,64.65
14.19,14.19,63.92,76.22,64.82
18.72,18.72,56.10,75.88,64.81
24.29,24.29,52.66,75.67,64.08
30.31,30.31,51.39,74.59,63.88
32.26,32.26,49.64,74.36,65.12
32.85,32.85,49.20,74.82,66.28
35.95,35.95,48.94,74.10,65.42
37.18,37.18,47.03,74.11,62.28
35.05,35.05,47.77,73.85,62.46
35.83,35.83,45.70,72.93,64.65
39.14,39.14,52.79,73.86,64.39
40.45,40.45,52.71,73.38,63.47
39.70,39.70,51.71,72.91,63.03
35.71,35.71,48.91,72.38,63.93
29.11,29.11,48.95,72.80,63.35
24.72,24.72,47.84,71.69,70.79
24.85,24.85,46.50,72.15,79.72
22.64,22.64,44.97,71.91,79.89
22.54,22.54,44.25,71.55,79.26
19.36,19.36,43.00,72.14,79.95
21.94,21.94,46.79,72.05,79.77
29.21,29.21,52.49,71.02,80.16
32.72,32.72,51.04,69.98,81.96
32.84,32.84,48.82,65.49,79.32
27.20,27.20,46.61,54.64,81.34
22.35,22.35,45.25,53.86,76.77
23.13,23.13,44.58,54.51,80.60
22.97,22.97,42.53,53.62,82.31
20.55,20.55,41.57,53.71,79.28
18.80,18.80,43.97,55.52,81.60
15.34,15.34,46.00,56.21,78.93
17.57,17.57,61.83,69.36,84.70
12.91,12.91,56.17,85.68,82.08
9.78,9.78,49.13,86.45,82.21
9.18,9.18,46.05,83.47,78.42
11.28,11.28,45.05,83.32,80.34
13.30,13.30,44.33,80.90,82.70
16.06,16.06,43.41,80.96,81.10
16.70,16.70,41.67,80.26,78.87
17.59,17.59,40.71,80.98,79.05
16.02,16.02,40.39,81.36,80.25
17.71,17.71,45.17,78.85,80.47
21.58,21.58,50.68,75.47,80.14
21.37,21.37,49.63,75.58,78.01
19.78,19.78,47.57,75.68,83.11
18.74,18.74,47.02,74.85,80.32
19.27,19.27,45.71,71.55,82.35
19.70,19.70,45.31,69.46,81.71
19.14,19.14,43.12,73.30,81.40
17.25,17.25,40.87,70.79,81.11
16.72,16.72,40.97,71.68,79.68
12.71,12.71,41.50,70.73,81.54
13.80,13.80,51.44,70.18,79.63
13.52,13.52,50.65,69.18,82.72
15.24,15.24,50.71,69.82,81.06
16.59,16.59,48.12,72.09,81.04
18.72,18.72,47.12,71.72,82.89
20.35,20.35,46.17,69.69,78.03
20.73,20.73,44.76,70.98,80.43
19.44,19.44,43.07,73.74,77.42
17.45,17.45,43.37,74.50,80.20
13.47,13.47,43.81,73.22,81.30
13.82,13.82,53.81,73.23,80.27
10.43,10.43,60.74,74.34,81.47
11.83,11.83,52.36,75.52,78.81
11.57,11.57,49.50,73.55,79.33
13.24,13.24,48.40,73.82,80.96
13.34,13.34,47.59,74.48,78.84
15.11,15.11,47.11,75.05,79.64
17.23,17.23,45.52,74.42,80.69
16.79,16.79,43.95,74.37,78.55
15.95,15.95,42.90,73.84,77.45
14.23,14.23,43.18,74.04,81.32
15.18,15.18,53.09,74.10,77.85
14.11,14.11,51.58,74.05,79.10
15.01,15.01,50.94,72.86,81.69
16.39,16.39,48.66,72.90,79.62
18.46,18.46,47.23,72.79,76.41
17.26,17.26,46.82,71.68,79.52
17.36,17.36,45.76,71.71,79.78
17.77,17.77,44.02,72.12,79.70
18.66,18.66,43.96,71.56,80.42
16.79,16.79,43.37,71.84,77.29
18.45,18.45,48.42,71.63,77.97
19.02,19.02,52.69,71.34,77.41
19.79,19.79,51.98,70.99,79.56
20.19,20.19,49.45,71.69,82.18
20.89,20.89,48.73,71.46,77.03
20.35,20.35,47.04,70.65,74.54
22.30,22.30,46.95,70.82,77.11
22.63,22.63,45.55,71.25,75.70
21.91,21.91,44.43,70.56,79.60
19.45,19.45,44.47,70.87,78.85
17.74,17.74,48.28,70.87,78.46
14.42,14.42,64.29,70.55,76.73
19.71,19.71,55.36,71.50,74.43
24.14,24.14,51.23,71.10,80.86
22.01,22.01,47.70,70.31,78.18
18.82,18.82,47.08,69.53,76.01
18.95,18.95,46.85,70.06,75.64
20.52,20.52,45.08,69.25,74.87
20.13,20.13,43.35,69.67,77.17
19.53,19.53,43.45,69.71,78.52
19.90,19.90,43.88,69.48,77.03
19.11,19.11,49.19,70.23,76.04
20.55,20.55,51.52,69.74,71.65
18.85,18.85,51.02,69.78,76.52
16.68,16.68,49.11,69.15,77.23
17.12,17.12,48.05,69.93,75.18
16.63,16.63,47.03,69.84,75.01
17.89,17.89,46.67,69.48,74.24
21.40,21.40,45.33,69.12,73.64
21.25,21.25,42.83,69.08,75.37
17.98,17.98,44.59,68.03,75.51
14.73,14.73,47.12,69.39,74.07
15.57,15.57,65.81,72.51,79.91
13.27,13.27,69.34,76.22,76.28
15.82,15.82,70.92,75.16,78.78
17.15,17.15,68.44,73.77,77.89
18.91,18.91,66.88,75.61,73.92
19.19,19.19,65.00,77.66,77.16
19.72,19.72,63.30,77.89,75.95
18.00,18.00,63.99,78.36,77.13
19.05,19.05,62.13,77.53,77.02
15.58,15.58,63.21,77.50,75.50
16.89,16.89,60.92,76.01,75.58
16.30,16.30,61.32,74.55,75.03
17.68,17.68,59.71,73.01,76.76
16.22,16.22,59.88,71.95,76.74
16.76,16.76,58.34,69.94,78.66
18.49,18.49,57.09,67.00,75.97
18.94,18.94,56.91,67.51,76.45
16.84,16.84,56.57,68.88,76.33
14.54,14.54,54.72,69.76,75.53
11.42,11.42,51.96,70.52,76.31
8.68,8.68,53.24,71.26,75.98
8.01,8.01,63.63,71.17,74.71
8.53,8.53,55.07,70.32,75.59
11.49,11.49,52.20,69.74,76.79
14.68,14.68,50.12,68.99,77.18
16.72,16.72,49.33,67.71,75.82
18.86,18.86,48.06,66.05,76.46
21.36,21.36,47.83,63.19,74.83
20.43,20.43,45.28,62.30,73.30
21.19,21.19,45.59,61.28,73.19
15.78,15.78,43.55,59.73,76.25
19.35,19.35,51.37,58.88,76.03
18.82,18.82,52.48,60.75,75.90
21.50,21.50,52.39,61.49,77.08
22.62,22.62,50.33,61.48,74.69
23.05,23.05,49.09,61.74,76.55
24.03,24.03,48.54,60.88,72.83
23.54,23.54,46.85,61.71,74.75
22.97,22.97,45.26,63.57,68.29
23.51,23.51,44.16,64.06,75.41
23.70,23.70,43.38,64.58,70.10
22.73,22.73,47.00,64.31,76.64
26.36,26.36,53.22,64.22,72.97
25.79,25.79,51.51,63.43,75.73
26.37,26.37,49.57,62.59,77.89
25.01,25.01,46.80,61.38,74.32
25.24,25.24,45.57,62.19,75.44
25.92,25.92,45.60,62.84,73.57
25.57,25.57,44.09,63.15,72.62
21.58,21.58,42.49,63.32,72.20
18.67,18.67,44.19,63.43,72.76
14.01,14.01,44.68,63.39,72.85
15.70,15.70,60.86,63.44,72.29
17.13,17.13,57.85,62.99,72.92
22.13,22.13,52.08,62.94,71.47
27.84,27.84,49.06,62.93,72.40
27.63,27.63,48.15,62.66,67.63
24.45,24.45,47.66,62.27,72.10
24.65,24.65,46.41,61.69,71.77
23.91,23.91,45.52,61.53,71.32
22.28,22.28,44.31,60.80,71.20
19.44,19.44,43.01,60.30,69.68
23.25,23.25,47.11,59.45,69.16
28.79,28.79,53.77,58.80,68.94
29.36,29.36,52.43,57.49,68.22
28.95,28.95,51.11,57.18,67.69
28.79,28.79,50.14,56.63,64.48
32.10,32.10,49.11,55.99,65.50
28.52,28.52,48.65,55.24,62.89
24.93,24.93,46.93,54.40,62.13
23.47,23.47,45.23,54.07,58.78
24.55,24.55,45.21,54.02,58.08
24.59,24.59,44.83,54.12,58.27
22.41,22.41,53.07,45.82,59.47
22.04,22.04,53.07,40.11,57.43
25.08,25.08,52.83,23.79,63.89
27.18,27.18,49.88,14.86,61.08
26.32,26.32,49.14,10.43,59.62
25.82,25.82,48.60,6.25,57.62
26.58,26.58,46.85,5.83,57.35
24.63,24.63,46.36,15.12,58.46
22.98,22.98,45.57,31.66,58.40
18.76,18.76,45.92,44.28,56.69
21.18,21.18,58.10,61.74,71.05
18.93,18.93,66.05,75.90,79.55
21.33,21.33,70.48,82.62,81.66
25.66,25.66,69.94,84.79,79.25
24.44,24.44,65.34,80.65,79.89
27.03,27.03,67.20,84.34,81.70
28.79,28.79,65.62,81.06,81.61
29.30,29.30,62.70,76.19,78.09
25.70,25.70,61.67,79.00,77.00
24.92,24.92,61.17,80.09,68.11
23.24,23.24,59.96,74.16,65.53
28.52,28.52,59.03,74.72,57.16
29.00,29.00,59.60,77.67,57.28
30.08,30.08,57.94,73.85,54.97
32.18,32.18,55.14,71.99,54.64
33.49,33.49,54.85,71.82,55.12
27.48,27.48,53.23,71.82,53.81
29.80,29.80,51.54,69.19,50.89
30.39,30.39,50.56,65.41,53.65
28.19,28.19,51.50,66.17,52.72
22.21,22.21,50.85,56.86,56.31
25.58,25.58,52.43,55.57,73.09
23.55,23.55,52.92,56.45,77.25
26.89,26.89,51.37,63.84,83.53
31.46,31.46,49.36,67.32,81.11
31.94,31.94,48.32,68.88,81.50
33.20,33.20,46.56,70.75,82.12
34.16,34.16,45.36,71.27,82.74
34.28,34.28,43.40,72.40,79.92
31.19,31.19,42.51,73.02,81.86
26.00,26.00,44.01,74.27,73.81
15.37,15.37,45.97,74.32,70.62
20.77,20.77,64.63,75.09,68.26
22.02,22.02,71.05,81.33,56.96
25.68,25.68,64.18,75.68,62.42
28.66,28.66,63.55,65.83,57.48
29.63,29.63,63.23,75.42,55.25
30.92,30.92,65.36,79.00,56.47
31.57,31.57,61.52,71.55,57.44
28.69,28.69,61.61,73.54,58.23
29.72,29.72,59.94,78.34,56.07
30.77,30.77,57.35,75.69,52.24
29.12,29.12,57.15,71.67,48.35
23.70,23.70,56.58,76.69,48.18
23.79,23.79,56.14,75.78,51.04
23.02,23.02,53.59,70.87,50.30
26.00,26.00,53.83,74.55,49.55
24.70,24.70,51.86,74.51,52.58
25.75,25.75,49.22,72.27,54.34
26.96,26.96,48.89,70.65,54.44
25.27,25.27,49.03,72.30,53.43
19.17,19.17,47.71,72.55,56.40
19.41,19.41,47.70,68.57,60.35
22.08,22.08,54.43,68.87,79.27
21.21,21.21,51.67,68.86,83.69
22.93,22.93,50.22,67.19,79.16
25.06,25.06,48.11,65.99,81.97
26.04,26.04,47.31,65.44,79.39
28.13,28.13,47.07,63.01,81.49
29.12,29.12,46.96,62.51,80.46
24.14,24.14,44.61,61.79,75.14
18.76,18.76,45.44,58.80,69.08
11.36,11.36,45.21,57.15,65.39
14.49,14.49,59.44,56.56,54.33
20.85,20.85,59.82,53.03,55.34
25.52,25.52,53.32,53.56,51.11
25.80,25.80,50.52,49.32,49.17
27.52,27.52,49.12,58.94,50.50
32.03,32.03,48.69,56.35,52.81
30.80,30.80,47.92,57.41,51.62
30.14,30.14,46.54,60.35,51.88
25.55,25.55,44.93,60.72,51.75
19.93,19.93,44.12,55.01,50.91
18.20,18.20,45.62,51.49,57.78
19.83,19.83,52.43,41.55,81.46
18.94,18.94,50.90,40.54,82.14
21.86,21.86,49.57,45.58,77.80
24.04,24.04,47.76,40.09,79.58
24.52,24.52,46.63,41.83,79.20
27.03,27.03,47.06,41.30,82.05
31.71,31.71,45.56,42.64,79.19
33.22,33.22,44.05,44.33,79.03
30.16,30.16,44.38,51.47,72.28
24.52,24.52,46.09,57.08,68.75
29.87,29.87,60.47,58.50,65.34
30.23,30.23,67.72,79.80,67.57
24.86,24.86,66.74,83.27,61.89
29.12,29.12,66.77,86.37,58.14
32.36,32.36,65.54,81.90,57.49
29.40,29.40,66.52,84.64,58.28
31.71,31.71,64.57,81.29,60.39
31.28,31.28,62.43,77.13,59.39
29.99,29.99,63.06,81.32,56.82
32.63,32.63,59.88,79.20,50.97
32.98,32.98,61.22,74.52,45.89
30.38,30.38,58.76,77.15,37.48
28.83,28.83,58.30,76.28,35.89
31.84,31.84,55.83,75.86,36.31
32.27,32.27,54.18,71.26,38.87
33.17,33.17,53.91,72.97,40.25
32.71,32.71,52.59,72.12,38.61
31.29,31.29,50.40,67.37,32.48
29.57,29.57,49.72,67.61,32.30
28.54,28.54,49.34,63.78,35.12
19.83,19.83,49.27,61.92,38.68
18.02,18.02,62.03,61.85,39.60
17.96,17.96,58.91,62.53,39.33
23.64,23.64,53.87,65.96,38.77
25.61,25.61,51.58,69.12,37.37
26.14,26.14,50.07,69.74,33.58
26.97,26.97,49.10,68.31,29.07
26.71,26.71,47.88,73.30,32.13
28.19,28.19,47.01,74.17,37.45
27.49,27.49,46.89,74.59,37.26
23.67,23.67,45.89,75.03,35.01
22.20,22.20,56.18,75.69,34.60
29.81,29.81,65.87,76.86,38.59
29.46,29.46,71.99,82.86,42.51
32.75,32.75,66.54,79.25,42.07
36.23,36.23,69.57,77.26,41.46
39.10,39.10,68.09,76.00,39.53
39.78,39.78,66.73,79.13,37.88
40.31,40.31,64.44,74.09,34.78
39.14,39.14,64.78,78.71,32.83
37.57,37.57,62.17,73.44,33.22
38.61,38.61,60.14,75.80,32.61
36.64,36.64,61.36,74.92,33.52
36.15,36.15,61.22,77.82,34.27
35.07,35.07,58.73,73.64,33.22
33.98,33.98,57.45,68.71,35.46
35.06,35.06,57.69,76.72,37.83
35.59,35.59,55.27,74.79,38.15
35.38,35.38,54.26,68.84,38.05
34.45,34.45,53.10,72.86,37.86
31.04,31.04,52.39,74.23,36.18
20.47,20.47,50.78,71.54,34.01
14.47,14.47,55.37,69.48,33.15
15.20,15.20,62.74,71.88,34.96
20.58,20.58,55.37,70.86,36.00
25.86,25.86,52.33,66.56,35.99
29.25,29.25,50.63,69.73,36.38
30.71,30.71,50.05,69.08,34.93
32.15,32.15,49.55,62.62,33.16
32.78,32.78,48.17,65.91,31.37
32.92,32.92,46.53,67.81,31.33
32.80,32.80,45.81,62.87,33.33
33.20,33.20,45.99,63.59,33.33
34.57,34.57,54.39,66.48,33.82
34.69,34.69,53.15,62.10,34.43
34.74,34.74,52.93,64.05,34.64
33.70,33.70,50.63,64.42,35.04
33.50,33.50,50.11,61.35,34.56
32.64,32.64,49.03,63.34,33.46
32.06,32.06,48.03,62.60,32.98
32.05,32.05,46.85,62.02,32.66
31.85,31.85,46.41,61.51,32.33
31.66,31.66,45.62,61.52,32.65
31.38,31.38,49.23,61.37,32.59
30.66,30.66,53.92,61.15,31.84
29.99,29.99,53.25,60.86,31.51
31.09,31.09,51.42,60.57,30.38
31.87,31.87,50.05,60.17,28.38
32.97,32.97,48.82,59.68,27.19
34.76,34.76,48.38,59.16,29.29
34.31,34.31,46.68,58.53,33.55
30.14,30.14,45.04,57.85,42.51
23.77,23.77,45.80,57.44,46.09
23.07,23.07,51.86,57.38,50.73
18.49,18.49,66.59,71.75,79.42
10.75,10.75,64.92,79.52,80.40
14.52,14.52,69.93,89.22,80.43
17.69,17.69,66.51,88.23,80.42
20.52,20.52,63.29,83.76,78.02
23.58,23.58,61.75,83.55,80.03
26.69,26.69,52.70,79.61,78.47
26.58,26.58,53.75,82.93,74.91
28.44,28.44,56.15,83.02,68.77
32.60,32.60,55.75,84.11,63.62
33.32,33.32,55.78,82.02,56.30
35.13,35.13,53.05,81.99,55.39
36.00,36.00,52.91,82.87,51.64
37.18,37.18,50.49,83.47,46.67
35.44,35.44,49.75,83.67,44.18
34.39,34.39,48.06,81.72,41.99
34.10,34.10,48.12,83.66,41.68
34.76,34.76,46.03,81.48,43.42
30.76,30.76,44.56,82.87,47.49
24.01,24.01,44.43,80.43,53.32
22.34,22.34,45.21,83.21,58.86
21.98,21.98,54.27,82.20,77.57
18.31,18.31,52.26,82.94,83.32
21.04,21.04,51.13,81.79,78.51
21.83,21.83,48.73,80.16,81.45
25.55,25.55,48.04,82.20,77.53
28.56,28.56,47.32,80.77,80.43
30.80,30.80,45.20,82.41,78.13
29.85,29.85,43.31,79.64,79.27
27.06,27.06,44.13,81.99,78.72
17.92,17.92,52.27,79.78,73.53
15.32,15.32,66.01,80.98,71.17
17.03,17.03,68.58,78.46,62.17
21.38,21.38,72.40,84.72,57.56
25.85,25.85,60.93,77.40,51.95
30.35,30.35,56.40,74.55,55.35
32.53,32.53,65.01,81.29,52.10
33.96,33.96,60.09,80.46,48.19
32.72,32.72,61.05,83.79,47.07
32.42,32.42,53.95,78.87,48.34
32.15,32.15,50.59,76.55,48.22
32.38,32.38,55.67,78.71,46.93
33.56,33.56,54.83,76.20,44.55
33.07,33.07,55.02,80.73,44.78
35.03,35.03,53.01,81.13,46.60
35.43,35.43,51.33,79.25,44.70
35.50,35.50,50.80,81.17,43.80
35.96,35.96,49.31,78.16,44.05
37.33,37.33,47.03,77.79,44.76
35.37,35.37,45.64,80.62,49.66
31.13,31.13,44.96,79.22,57.97
20.50,20.50,43.80,81.44,61.43
23.60,23.60,52.53,80.21,71.82
20.56,20.56,52.59,79.03,81.03
20.53,20.53,51.66,79.46,83.69
21.84,21.84,49.61,76.34,80.30
25.28,25.28,48.85,80.27,79.79
27.59,27.59,47.28,77.24,79.78
29.96,29.96,46.15,79.48,76.95
28.49,28.49,45.07,79.00,78.36
24.74,24.74,44.37,78.05,69.70
18.07,18.07,44.62,78.69,67.34
12.95,12.95,50.92,77.90,62.11
14.86,14.86,64.11,77.54,59.27
20.54,20.54,54.96,78.69,55.74
24.01,24.01,51.87,78.73,48.52
25.13,25.13,49.72,78.27,48.26
28.27,28.27,48.91,79.65,45.89
29.77,29.77,48.64,77.26,45.17
28.37,28.37,47.24,78.73,46.49
30.08,30.08,45.19,66.94,47.63
24.47,24.47,45.14,60.02,56.87
16.70,16.70,45.63,61.28,61.10
19.94,19.94,55.54,44.81,75.18
14.40,14.40,52.74,50.35,80.63
16.47,16.47,52.66,46.09,82.72
20.23,20.23,49.41,46.30,78.56
22.82,22.82,48.71,47.87,79.12
26.12,26.12,47.44,46.26,77.72
29.06,29.06,46.04,43.55,79.19
30.93,30.93,44.36,47.44,78.71
30.71,30.71,43.75,51.68,76.54
26.91,26.91,47.31,56.49,70.38
26.34,26.34,55.13,61.32,69.16
34.96,34.96,64.95,75.55,64.14
33.53,33.53,63.97,81.90,59.67
37.21,37.21,68.48,89.12,56.33
40.71,40.71,61.60,88.25,52.65
41.74,41.74,63.99,85.59,50.06
43.65,43.65,57.18,81.15,46.35
43.38,43.38,51.16,82.78,45.47
42.02,42.02,53.79,84.29,42.48
41.59,41.59,55.93,85.11,41.49
40.45,40.45,52.97,82.65,42.29
39.70,39.70,55.97,84.42,39.18
37.82,37.82,53.03,82.48,37.83
38.41,38.41,52.82,84.17,36.00
36.44,36.44,50.81,82.55,37.01
35.32,35.32,50.19,84.16,36.56
35.05,35.05,48.97,83.37,36.11
34.36,34.36,47.67,83.52,34.53
33.80,33.80,46.75,82.50,34.63
32.03,32.03,46.80,80.40,35.11
27.33,27.33,45.93,83.53,33.84
22.70,22.70,53.36,82.05,34.49
18.67,18.67,63.29,83.59,33.12
25.65,25.65,54.98,79.67,34.08
27.41,27.41,51.81,82.08,33.72
27.90,27.90,49.99,80.78,33.94
28.09,28.09,49.91,82.04,33.39
29.89,29.89,48.98,81.25,33.18
31.25,31.25,48.41,80.30,33.87
30.58,30.58,46.79,82.41,33.46
30.26,30.26,46.64,80.90,35.54
30.39,30.39,56.14,81.29,36.00
35.75,35.75,63.60,77.15,42.86
38.19,38.19,65.19,81.23,49.81
38.10,38.10,69.08,81.48,53.54
37.56,37.56,54.40,76.82,51.61
38.75,38.75,57.89,77.71,52.22
38.47,38.47,61.66,82.10,49.11
38.09,38.09,55.61,82.53,48.08
37.58,37.58,53.89,81.15,49.26
39.39,39.39,52.26,80.86,49.22
38.90,38.90,48.25,76.70,48.69
37.63,37.63,50.78,79.88,45.72
39.03,39.03,54.34,76.52,48.57
37.37,37.37,53.51,81.71,47.03
38.23,38.23,51.88,80.22,48.18
38.38,38.38,50.29,79.71,48.06
36.98,36.98,49.51,80.58,47.21
37.32,37.32,48.56,78.77,47.62
36.64,36.64,47.25,79.12,45.55
33.57,33.57,46.37,79.11,43.24
28.80,28.80,47.08,80.66,40.72
22.79,22.79,45.86,79.74,41.63
20.20,20.20,63.84,80.88,46.32
20.86,20.86,57.19,78.60,46.66
21.20,21.20,53.28,79.53,43.96
23.34,23.34,51.19,78.72,64.03
25.35,25.35,49.61,78.67,66.69
26.28,26.28,48.32,79.98,64.02
29.45,29.45,47.54,77.93,63.36
30.02,30.02,46.12,81.09,62.18
30.84,30.84,46.02,77.09,61.09
31.14,31.14,44.32,79.13,59.78
31.04,31.04,49.06,78.43,58.43
31.49,31.49,53.87,77.60,57.07
30.48,30.48,53.02,79.13,57.22
31.54,31.54,50.60,78.17,57.79
32.53,32.53,50.21,78.32,57.57
31.26,31.26,48.84,78.21,57.28
31.79,31.79,48.34,78.26,57.16
30.16,30.16,47.31,76.76,56.41
29.09,29.09,48.85,78.50,61.28
26.16,26.16,45.75,67.52,62.94
28.32,28.32,45.04,64.41,64.45
29.61,29.61,54.31,58.52,64.08
28.65,28.65,53.02,59.51,63.34
29.64,29.64,52.13,59.81,62.86
30.55,30.55,50.17,60.16,61.23
30.33,30.33,49.35,56.83,60.36
31.37,31.37,48.73,59.52,57.53
31.80,31.80,47.35,56.89,56.92
31.35,31.35,46.69,58.26,57.47
28.94,28.94,46.97,47.60,56.45
21.24,21.24,46.63,50.68,57.05
16.74,16.74,60.19,63.58,71.15
9.54,9.54,68.44,77.55,78.97
14.52,14.52,69.31,83.62,79.82
23.44,23.44,69.86,84.39,81.33
24.59,24.59,66.90,81.30,80.19
23.79,23.79,66.25,83.50,80.82
26.48,26.48,64.85,82.70,80.10
28.06,28.06,63.53,75.98,73.62
27.37,27.37,62.91,78.31,71.33
28.12,28.12,62.32,81.95,65.90
29.72,29.72,60.81,72.16,61.95
35.58,35.58,58.76,75.36,58.34
37.82,37.82,58.33,78.06,56.03
38.82,38.82,56.56,74.48,55.51
35.35,35.35,54.88,70.76,54.43
31.98,31.98,55.14,70.12,52.61
31.91,31.91,53.66,72.52,52.00
35.96,35.96,51.60,66.13,53.28
33.17,33.17,52.20,61.34,54.04
26.17,26.17,51.58,61.68,55.69
18.26,18.26,51.11,60.92,56.26
12.79,12.79,53.51,60.77,72.57
10.92,10.92,53.15,65.23,78.81
13.43,13.43,51.69,66.55,80.61
19.12,19.12,49.89,69.12,81.85
23.35,23.35,48.09,70.97,79.84
26.29,26.29,46.22,70.04,81.48
29.81,29.81,45.46,74.28,79.35
30.34,30.34,44.34,74.07,79.88
28.44,28.44,47.11,72.86,80.37
21.73,21.73,51.26,75.42,72.05
14.56,14.56,53.29,76.53,69.35
14.11,14.11,66.56,72.37,65.39
14.09,14.09,75.34,84.38,62.18
17.30,17.30,65.81,76.89,61.99
21.55,21.55,68.99,78.47,59.14
24.31,24.31,67.90,73.44,59.55
23.27,23.27,67.67,78.70,57.27
24.81,24.81,65.22,73.27,56.82
24.13,24.13,67.05,77.85,56.53
23.73,23.73,63.14,76.46,56.60
21.54,21.54,60.51,72.47,55.69
20.78,20.78,61.28,76.34,55.56
19.52,19.52,60.95,78.48,54.57
19.26,19.26,58.63,71.49,55.56
18.18,18.18,57.60,70.14,58.58
19.31,19.31,59.00,76.19,59.43
22.67,22.67,55.70,74.30,57.05
23.85,23.85,54.20,65.91,58.21
23.36,23.36,53.71,74.14,58.47
21.47,21.47,51.94,73.42,57.77
17.87,17.87,50.23,66.81,60.33
16.20,16.20,51.66,68.86,64.04
18.50,18.50,53.63,69.88,80.87
15.87,15.87,51.78,64.18,84.07
16.89,16.89,50.80,60.24,76.90
19.71,19.71,49.10,66.67,80.73
22.65,22.65,47.17,62.70,80.32
25.11,25.11,47.11,61.26,82.40
26.78,26.78,46.23,65.10,79.72
23.00,23.00,45.44,60.00,75.78
18.38,18.38,50.91,62.88,68.14
14.30,14.30,50.62,63.68,64.76
16.72,16.72,61.35,60.37,57.05
17.15,17.15,58.58,61.86,56.24
20.65,20.65,53.53,64.81,55.34
20.71,20.71,50.16,60.94,55.02
19.82,19.82,49.60,63.24,54.23
21.34,21.34,49.45,67.15,53.77
23.11,23.11,47.72,63.05,53.79
22.05,22.05,46.73,65.04,53.98
20.74,20.74,44.84,67.48,53.73
14.30,14.30,44.06,63.79,55.48
13.18,13.18,46.33,60.18,62.03
13.25,13.25,52.73,58.86,80.09
10.75,10.75,51.38,57.07,83.54
16.83,16.83,50.26,57.43,78.42
19.04,19.04,47.86,56.71,79.73
20.84,20.84,47.35,56.69,80.86
23.84,23.84,46.44,56.38,80.70
27.82,27.82,44.96,55.96,80.18
26.82,26.82,42.58,55.99,79.55
25.61,25.61,44.64,55.83,71.99
22.18,22.18,47.81,56.34,69.97
28.78,28.78,59.78,60.00,63.01
31.46,31.46,68.77,76.99,68.94
27.76,27.76,68.53,83.93,63.56
25.97,25.97,68.22,84.32,60.07
27.04,27.04,66.03,81.82,58.95
26.77,26.77,66.90,86.00,58.36
27.80,27.80,65.15,79.17,60.90
28.61,28.61,63.11,76.78,58.81
26.24,26.24,63.84,82.01,55.30
27.62,27.62,60.24,78.81,49.27
26.40,26.40,60.41,72.24,45.08
26.90,26.90,58.88,75.48,43.52
28.48,28.48,58.57,78.52,46.86
28.03,28.03,56.13,74.08,49.34
29.26,29.26,55.24,68.56,51.21
30.12,30.12,54.81,72.68,51.38
29.61,29.61,52.38,69.92,50.12
30.20,30.20,50.47,63.99,47.90
31.36,31.36,51.70,64.53,45.12
26.75,26.75,50.90,60.65,40.74
19.38,19.38,51.80,61.97,37.34
19.19,19.19,63.57,65.45,35.93
16.33,16.33,58.75,65.53,34.45
22.64,22.64,53.80,66.42,36.36
26.01,26.01,51.32,71.78,38.45
26.61,26.61,50.00,71.12,36.34
27.71,27.71,49.55,74.05,36.12
28.26,28.26,48.81,75.00,35.99
28.12,28.12,48.15,74.30,36.35
27.92,27.92,49.15,75.69,37.27
24.66,24.66,49.90,76.83,38.98
21.72,21.72,57.30,76.70,43.87
24.30,24.30,67.40,77.52,52.21
24.27,24.27,73.77,82.54,51.87
28.69,28.69,64.78,78.50,49.39
30.58,30.58,71.05,78.37,47.39
33.89,33.89,68.68,75.74,42.39
33.43,33.43,65.68,78.08,41.59
34.21,34.21,65.71,75.17,47.52
32.04,32.04,64.35,77.29,48.59
30.24,30.24,63.15,73.44,47.37
28.72,28.72,59.27,76.74,45.16
29.49,29.49,61.71,76.19,41.72
32.82,32.82,60.76,75.81,40.81
34.43,34.43,57.85,72.74,40.59
35.12,35.12,57.36,72.04,39.92
36.51,36.51,57.49,74.51,39.21
35.73,35.73,54.15,74.39,37.02
36.39,36.39,53.59,67.13,36.51
35.36,35.36,54.23,72.87,35.28
29.47,29.47,52.51,71.56,33.93
20.79,20.79,51.35,68.70,32.72
15.33,15.33,58.23,69.14,34.36
18.76,18.76,62.68,67.93,35.75
22.97,22.97,54.52,67.55,35.70
25.91,25.91,52.64,59.64,35.26
30.02,30.02,51.58,65.32,37.84
30.51,30.51,50.24,66.66,39.34
32.41,32.41,49.93,61.63,39.12
33.92,33.92,48.96,66.11,40.02
34.64,34.64,48.36,64.90,40.19
34.54,34.54,47.02,62.24,37.76
34.71,34.71,45.90,65.54,35.72
34.24,34.24,54.92,63.65,35.93
36.13,36.13,52.99,59.71,35.18
36.22,36.22,52.01,66.78,35.30
37.37,37.37,51.40,63.84,36.35
35.36,35.36,50.12,61.32,36.51
34.21,34.21,49.32,64.79,35.55
35.99,35.99,48.32,62.79,32.73
35.69,35.69,46.95,62.34,32.31
37.03,37.03,46.52,61.76,30.74
37.83,37.83,45.91,61.09,31.34
39.97,39.97,50.98,60.44,32.97
39.45,39.45,53.77,60.05,33.42
38.32,38.32,53.00,59.46,32.33
37.88,37.88,51.49,57.61,31.20
37.64,37.64,51.18,42.54,29.43
39.62,39.62,48.33,22.51,26.28
38.03,38.03,48.11,10.84,23.77
37.54,37.54,46.13,10.60,23.47
35.71,35.71,45.15,24.41,27.56
29.47,29.47,45.44,37.33,38.25
15.71,15.71,51.67,47.63,53.89
13.15,13.15,65.53,74.31,82.18
10.90,10.90,66.56,78.39,82.31
18.11,18.11,70.80,88.73,79.66
23.20,23.20,64.41,85.70,82.54
28.57,28.57,63.55,84.56,77.54
32.05,32.05,60.24,81.16,81.14
31.81,31.81,48.52,80.69,79.27
30.06,30.06,54.73,82.07,75.98
30.87,30.87,57.94,83.98,69.85
32.07,32.07,55.24,83.56,63.62
32.29,32.29,54.65,81.17,59.47
33.33,33.33,53.33,82.93,54.55
38.01,38.01,51.93,81.83,50.15
37.72,37.72,50.39,84.00,45.50
36.00,36.00,49.39,81.65,45.98
35.41,35.41,48.33,83.40,41.64
36.83,36.83,47.71,82.16,38.70
36.06,36.06,46.16,82.58,43.41
32.59,32.59,44.54,81.63,47.76
25.22,25.22,43.68,81.10,53.37
14.48,14.48,46.54,83.50,61.49
14.34,14.34,53.50,81.89,81.72
10.47,10.47,50.42,82.67,82.35
13.45,13.45,49.23,79.79,78.20
18.86,18.86,47.18,81.94,82.71
21.48,21.48,46.33,80.36,77.92
23.65,23.65,46.38,82.01,80.75
26.32,26.32,45.07,80.84,80.42
26.20,26.20,43.70,81.16,77.00
23.16,23.16,46.11,81.55,79.11
15.91,15.91,57.34,79.92,72.87
14.77,14.77,66.36,79.88,70.57
18.94,18.94,69.71,78.30,67.52
22.48,22.48,71.81,82.93,61.59
25.43,25.43,58.38,75.71,55.09
28.43,28.43,59.76,75.47,54.03
30.78,30.78,63.90,80.21,52.38
30.94,30.94,58.54,81.76,48.82
31.61,31.61,57.96,81.53,46.70
30.83,30.83,51.41,80.76,47.61
32.63,32.63,50.45,74.89,47.28
32.73,32.73,52.61,79.34,43.79
32.49,32.49,54.40,77.54,44.56
34.41,34.41,53.70,78.97,44.90
33.98,33.98,52.36,83.24,44.23
35.61,35.61,50.41,78.47,41.39
32.59,32.59,49.12,81.73,43.65
33.76,33.76,48.58,78.12,42.20
34.95,34.95,46.80,78.00,45.28
30.78,30.78,45.28,80.42,50.16
24.23,24.23,45.34,78.31,55.42
19.85,19.85,44.15,82.64,58.83
21.94,21.94,52.30,78.77,75.15
20.80,20.80,51.55,79.74,82.76
22.46,22.46,50.91,77.92,83.75
22.03,22.03,48.40,77.46,79.29
23.90,23.90,47.77,78.42,81.14
26.26,26.26,46.72,78.45,80.33
28.35,28.35,45.62,78.62,79.44
27.77,27.77,44.27,78.27,80.16
24.10,24.10,44.67,78.11,75.98
15.39,15.39,44.12,76.95,69.53
13.40,13.40,53.76,78.39,67.24
18.47,18.47,62.53,76.69,61.88
21.25,21.25,53.98,78.87,57.39
23.79,23.79,51.32,77.98,52.60
25.54,25.54,48.96,77.99,49.35
26.03,26.03,48.90,79.16,47.75
25.12,25.12,48.25,76.31,47.21
27.60,27.60,46.86,79.32,45.66
30.38,30.38,45.30,73.88,53.08
20.54,20.54,44.16,65.78,57.25
17.22,17.22,44.83,58.87,59.42
18.52,18.52,53.89,50.83,78.87
14.38,14.38,51.59,48.14,82.73
17.31,17.31,51.26,42.32,83.27
17.91,17.91,49.33,45.55,79.90
19.81,19.81,48.37,41.85,80.22
23.05,23.05,46.54,39.19,79.11
27.35,27.35,45.37,38.95,79.52
29.27,29.27,43.55,41.93,80.94
29.63,29.63,43.43,43.65,78.08
24.44,24.44,46.26,55.24,70.91
26.13,26.13,53.15,61.30,68.39
34.23,34.23,63.84,76.41,63.96
35.30,35.30,63.12,83.29,55.28
37.64,37.64,70.36,89.52,56.57
40.82,40.82,61.39,87.05,51.95
42.06,42.06,63.18,82.77,50.26
41.90,41.90,56.13,82.74,45.12
40.14,40.14,50.36,81.55,44.18
40.54,40.54,55.76,84.46,42.98
39.57,39.57,53.40,82.80,42.97
37.91,37.91,52.71,83.90,42.77
35.05,35.05,55.49,83.05,39.88
36.93,36.93,53.00,82.87,38.60
36.49,36.49,52.61,82.93,37.47
34.09,34.09,50.74,82.41,39.74
33.58,33.58,49.80,84.27,38.98
34.54,34.54,48.83,82.50,36.72
33.69,33.69,47.63,83.24,36.30
34.14,34.14,46.70,79.60,36.44
30.89,30.89,47.16,82.59,37.50
24.97,24.97,46.89,81.56,34.98
24.70,24.70,54.88,83.01,37.15
21.00,21.00,62.59,80.84,35.98
25.60,25.60,54.57,80.95,35.12
26.48,26.48,51.18,81.65,36.14
27.68,27.68,50.22,80.24,35.28
29.94,29.94,49.28,81.37,35.34
31.45,31.45,49.11,78.76,33.97
31.38,31.38,47.87,82.15,35.77
30.66,30.66,46.05,80.28,35.11
30.39,30.39,47.92,81.61,35.30
30.07,30.07,58.03,78.87,38.05
37.54,37.54,63.59,76.18,46.53
38.63,38.63,73.04,84.74,52.72
36.48,36.48,65.68,79.86,51.12
35.77,35.77,58.15,76.79,49.05
37.33,37.33,60.63,75.01,49.50
37.51,37.51,63.21,83.66,45.68
35.69,35.69,56.11,81.05,45.98
35.48,35.48,53.88,80.84,41.72
34.37,34.37,52.07,79.60,43.94
33.47,33.47,50.60,77.46,41.25
34.31,34.31,53.56,77.88,40.34
33.44,33.44,54.19,79.17,41.63
34.91,34.91,53.43,79.20,39.51
34.03,34.03,52.15,81.48,38.64
35.09,35.09,50.41,80.37,40.91
35.30,35.30,48.65,79.14,39.66
35.50,35.50,48.10,80.31,42.98
35.42,35.42,46.14,76.90,48.09
28.31,28.31,45.71,81.10,51.85
21.75,21.75,44.34,79.57,57.07
17.53,17.53,47.14,80.09,63.05
21.52,21.52,64.59,80.24,83.51
17.81,17.81,55.02,76.16,84.43
15.22,15.22,50.72,79.47,81.46
19.95,19.95,47.48,75.58,83.63
19.80,19.80,46.68,77.85,79.70
21.43,21.43,46.25,77.54,82.10
23.54,23.54,44.34,77.52,81.25
23.34,23.34,42.33,77.81,83.24
24.67,24.67,41.86,77.15,82.10
23.62,23.62,41.42,76.54,79.74
26.27,26.27,46.98,75.91,81.16
27.44,27.44,50.82,64.04,83.36
28.77,28.77,50.40,59.31,82.83
29.79,29.79,48.53,60.08,80.89
31.35,31.35,47.50,48.78,82.10
31.97,31.97,45.32,52.54,82.20
34.32,34.32,44.60,50.01,81.30
33.87,33.87,42.39,51.49,81.38
33.82,33.82,41.81,47.39,81.00
32.98,32.98,40.59,50.21,80.46
32.79,32.79,42.20,50.49,80.89
36.23,36.23,52.12,48.71,77.31
33.98,33.98,50.97,48.96,80.96
33.32,33.32,49.75,46.13,77.87
34.82,34.82,47.92,44.52,80.43
35.13,35.13,46.90,43.15,78.06
35.76,35.76,46.34,44.40,69.63
35.15,35.15,43.82,41.20,69.88
33.30,33.30,43.09,50.84,62.39
28.78,28.78,45.88,46.95,59.85
18.10,18.10,52.29,52.73,58.34
17.86,17.86,60.90,63.03,74.10
13.05,13.05,68.04,76.27,78.18
14.07,14.07,68.76,80.70,80.84
18.30,18.30,67.16,84.09,82.17
19.38,19.38,64.83,79.78,79.47
22.36,22.36,65.47,81.82,81.82
26.48,26.48,63.90,81.30,81.48
28.35,28.35,61.64,74.13,79.13
27.04,27.04,60.41,78.32,79.99
26.00,26.00,59.23,79.32,73.29
26.43,26.43,57.30,74.31,69.75
27.29,27.29,57.00,75.37,61.79
27.98,27.98,56.92,76.31,53.70
29.45,29.45,55.39,74.52,49.73
30.59,30.59,54.39,70.50,48.27
31.86,31.86,54.66,72.01,44.54
31.21,31.21,52.82,71.76,42.65
29.85,29.85,50.62,65.37,39.84
28.32,28.32,51.00,64.00,44.84
23.15,23.15,50.63,60.34,49.63
15.21,15.21,50.54,59.82,52.89
17.86,17.86,54.15,64.47,73.76
13.18,13.18,52.40,65.61,80.96
16.87,16.87,52.05,66.44,79.35
19.45,19.45,49.38,72.35,82.20
20.77,20.77,48.02,71.60,79.32
23.36,23.36,46.80,70.95,80.77
26.67,26.67,45.24,74.29,80.03
26.64,26.64,43.55,75.45,79.37
26.00,26.00,45.39,74.24,81.88
20.68,20.68,53.18,75.29,78.81
15.37,15.37,58.64,76.58,71.09
26.61,26.61,67.90,74.62,70.34
30.78,30.78,73.58,82.13,59.68
32.39,32.39,65.94,78.70,61.87
36.18,36.18,70.48,76.50,55.93
37.11,37.11,68.80,73.22,56.20
38.80,38.80,66.85,79.82,52.00
40.79,40.79,64.36,72.83,52.29
40.66,40.66,66.18,79.39,50.31
40.36,40.36,63.13,74.64,49.30
39.37,39.37,60.86,74.51,48.81
39.23,39.23,60.58,75.94,46.33
38.23,38.23,61.03,77.94,44.55
37.80,37.80,58.51,73.31,44.29
35.82,35.82,57.49,69.62,41.75
34.94,34.94,58.59,77.04,41.92
36.33,36.33,55.04,74.86,41.00
35.76,35.76,53.96,65.77,40.66
33.51,33.51,52.34,73.57,44.34
27.38,27.38,51.54,73.77,46.69
20.38,20.38,49.75,68.84,53.93
16.48,16.48,52.27,67.33,62.46
19.10,19.10,52.97,70.10,79.73
26.88,26.88,51.49,66.69,84.69
30.68,30.68,50.06,59.17,80.33
30.34,30.34,48.12,67.24,81.95
30.24,30.24,47.03,62.81,81.64
29.74,29.74,46.39,60.58,83.27
28.35,28.35,45.02,64.47,80.02
25.49,25.49,45.51,61.01,80.95
19.85,19.85,44.19,60.94,76.30
12.58,12.58,47.80,64.60,72.07
15.58,15.58,60.73,60.10,64.44
19.32,19.32,57.17,59.60,60.31
22.02,22.02,52.48,66.69,58.04
25.40,25.40,49.41,60.35,53.40
25.95,25.95,49.02,63.35,48.74
29.53,29.53,48.03,67.19,47.79
30.86,30.86,46.98,65.19,45.18
29.24,29.24,45.54,63.45,47.38
22.30,22.30,44.58,67.00,48.56
17.72,17.72,43.25,63.73,50.77
20.19,20.19,47.37,57.47,66.09
16.38,16.38,52.43,56.33,80.12
14.74,14.74,49.94,55.55,84.12
17.46,17.46,47.93,55.15,79.90
20.15,20.15,47.68,53.10,80.48
23.10,23.10,45.81,49.02,81.68
26.15,26.15,45.46,44.09,82.02
27.30,27.30,43.15,42.72,80.56
27.30,27.30,42.14,47.26,82.88
27.30,27.30,43.71,52.74,77.18
21.89,21.89,45.54,53.23,77.79
29.88,29.88,60.11,61.32,71.13
33.78,33.78,69.35,76.78,71.72
32.50,32.50,69.82,84.02,69.19
33.60,33.60,67.26,83.09,63.10
33.79,33.79,66.89,81.60,59.23
33.10,33.10,67.04,83.72,56.17
34.77,34.77,64.51,79.26,57.62
33.70,33.70,62.25,77.11,55.91
31.68,31.68,62.07,80.21,51.74
34.04,34.04,60.01,79.69,46.94
32.18,32.18,60.09,71.70,40.73
33.94,33.94,58.76,75.16,35.56
32.40,32.40,58.20,77.56,32.34
32.34,32.34,55.61,72.95,30.27
32.40,32.40,54.92,70.06,35.47
32.42,32.42,54.08,72.00,34.71
31.62,31.62,51.90,69.07,31.17
32.24,32.24,50.34,64.37,34.35
30.75,30.75,51.35,63.84,32.88
25.98,25.98,50.27,60.76,34.36
22.66,22.66,49.77,62.69,32.47
21.65,21.65,64.77,65.17,32.28
20.40,20.40,55.99,62.78,32.31
26.71,26.71,53.15,69.13,31.57
26.60,26.60,50.57,72.34,30.48
29.04,29.04,49.42,70.61,30.06
28.93,28.93,48.86,73.41,28.80
28.39,28.39,47.76,75.70,27.45
29.16,29.16,46.09,75.01,26.96
27.38,27.38,46.37,75.47,27.97
26.02,26.02,47.05,75.86,27.89
31.15,31.15,52.35,77.51,29.54
38.83,38.83,68.16,80.27,35.06
36.42,36.42,68.43,78.22,35.57
36.23,36.23,63.33,73.84,35.62
37.08,37.08,64.05,73.18,34.60
36.49,36.49,65.52,77.35,32.43
36.23,36.23,63.14,74.81,30.01
35.42,35.42,60.41,74.22,27.40
33.68,33.68,61.14,76.87,25.08
32.18,32.18,58.72,74.90,25.19
32.23,32.23,55.79,76.03,23.87
31.88,31.88,57.75,74.82,23.94
30.52,30.52,56.55,74.05,24.04
31.97,31.97,54.77,73.23,23.11
30.27,30.27,53.08,72.91,24.28
30.91,30.91,52.74,73.97,25.47
31.93,31.93,50.45,71.76,29.89
31.44,31.44,48.49,71.02,34.76
28.69,28.69,48.09,70.77,41.87
24.29,24.29,48.39,69.96,44.47
16.69,16.69,47.43,69.01,49.61
16.04,16.04,58.11,65.02,70.44
11.19,11.19,59.41,65.64,78.47
13.62,13.62,52.08,63.33,82.20
16.85,16.85,48.47,60.14,81.59
19.07,19.07,47.20,59.57,80.85
20.41,20.41,45.97,57.83,81.51
23.61,23.61,45.31,51.15,81.87
24.37,24.37,43.97,52.03,81.02
24.19,24.19,42.48,52.95,83.60
24.31,24.31,41.51,49.49,80.15
23.32,23.32,43.26,55.15,79.52
28.18,28.18,51.54,55.32,80.71
26.61,26.61,49.83,56.65,76.61
27.93,27.93,49.06,58.52,81.90
28.97,28.97,47.19,58.56,79.62
29.65,29.65,45.99,60.34,81.25
31.06,31.06,45.61,58.30,81.82
31.72,31.72,43.70,49.66,82.21
30.96,30.96,41.37,29.41,79.72
32.51,32.51,41.43,19.11,83.00
31.04,31.04,40.82,14.66,75.15
36.24,36.24,47.56,9.33,80.10
37.08,37.08,50.41,4.00,80.88
36.60,36.60,49.94,0.02,79.75
35.39,35.39,47.84,-0.00,81.51
36.22,36.22,46.85,-0.00,79.38
36.75,36.75,45.42,-0.00,77.72
37.41,37.41,43.89,1.93,71.36
36.71,36.71,42.38,14.87,65.90
33.98,33.98,42.54,30.02,63.13
26.92,26.92,44.45,42.18,53.04
20.94,20.94,54.44,48.49,57.01
18.09,18.09,66.31,76.04,82.53
13.96,13.96,66.70,78.82,83.96
17.61,17.61,70.36,86.84,78.87
21.83,21.83,65.61,85.99,82.80
25.57,25.57,65.68,83.95,76.80
28.40,28.40,57.85,79.69,79.52
29.92,29.92,49.49,81.17,81.40
28.95,28.95,55.92,81.53,78.17
28.58,28.58,57.09,83.95,80.05
25.77,25.77,52.47,81.76,73.23
28.54,28.54,54.88,82.93,66.87
30.26,30.26,51.93,81.48,62.55
34.71,34.71,52.11,82.86,52.85
31.94,31.94,49.85,82.21,52.33
29.52,29.52,49.13,82.77,49.53
31.41,31.41,48.39,83.47,49.83
31.64,31.64,46.93,81.89,49.42
30.11,30.11,45.64,82.57,48.59
25.43,25.43,44.81,79.80,52.42
15.84,15.84,43.24,83.15,55.91
13.22,13.22,45.85,81.70,65.73
13.53,13.53,52.53,83.33,81.96
8.80,8.80,50.47,80.93,83.32
11.26,11.26,49.35,81.52,79.52
13.30,13.30,47.58,80.89,82.47
17.12,17.12,46.70,80.95,79.57
21.56,21.56,46.12,81.96,79.46
25.44,25.44,45.06,80.26,81.86
26.86,26.86,44.01,82.26,77.47
24.17,24.17,44.85,80.43,79.68
17.95,17.95,56.61,81.08,78.51
17.23,17.23,67.36,78.38,75.42
18.06,18.06,68.00,77.64,69.81
26.00,26.00,71.90,81.02,68.98
28.94,28.94,56.26,73.64,59.07
31.98,31.98,60.93,77.54,59.37
32.17,32.17,62.51,79.94,55.66
33.82,33.82,56.77,81.88,55.35
32.63,32.63,56.31,80.40,51.45
34.42,34.42,51.90,80.75,53.44
33.23,33.23,48.46,76.36,52.79
32.66,32.66,51.33,78.56,48.68
34.98,34.98,53.85,76.49,47.26
33.01,33.01,53.19,80.60,46.51
35.48,35.48,52.34,80.72,45.22
33.53,33.53,50.31,78.27,43.11
33.57,33.57,49.28,81.37,42.97
34.51,34.51,48.48,77.26,44.18
32.18,32.18,46.83,79.40,45.99
28.97,28.97,45.83,78.32,48.77
21.24,21.24,44.65,79.95,56.91
15.23,15.23,44.70,80.09,61.75
16.93,16.93,53.74,79.92,79.03
11.33,11.33,51.04,78.99,81.84
12.30,12.30,50.21,77.93,83.88
13.56,13.56,47.62,77.84,81.77
16.49,16.49,46.97,77.50,80.38
19.53,19.53,46.75,78.92,80.54
22.50,22.50,45.19,76.87,81.46
23.23,23.23,45.05,79.32,80.83
22.59,22.59,46.52,76.27,78.84
15.97,15.97,45.04,77.37,74.00
16.41,16.41,55.81,77.67,65.36
15.99,15.99,61.65,75.75,65.41
19.83,19.83,53.57,79.08,59.30
26.49,26.49,50.17,76.40,56.22
25.87,25.87,49.45,68.83,51.78
26.18,26.18,47.96,64.01,52.39
26.28,26.28,48.15,61.81,53.56
26.04,26.04,46.89,61.66,54.02
25.99,25.99,44.71,59.64,55.40
20.93,20.93,44.11,51.55,56.95
15.03,15.03,43.54,45.74,58.23
18.58,18.58,52.12,30.96,81.57
12.51,12.51,51.64,19.45,83.86
14.62,14.62,51.12,10.97,83.06
16.79,16.79,48.13,0.00,82.77
19.96,19.96,47.17,-0.00,79.51
24.41,24.41,46.86,-0.00,80.74
27.10,27.10,44.47,5.38,81.12
29.12,29.12,42.85,22.96,81.24
27.77,27.77,42.64,37.25,81.22
23.04,23.04,44.66,43.02,75.85
28.63,28.63,55.73,61.15,75.15
33.89,33.89,64.48,76.61,70.81
35.16,35.16,64.12,83.88,64.88
36.13,36.13,70.14,89.38,57.10
39.85,39.85,61.26,84.74,53.87
41.32,41.32,63.00,84.06,52.01
41.26,41.26,54.54,81.43,46.70
40.61,40.61,50.73,82.35,46.18
39.88,39.88,55.75,82.87,41.32
39.63,39.63,52.64,83.68,42.42
37.48,37.48,53.33,84.38,42.44
36.64,36.64,54.94,82.29,38.18
37.44,37.44,52.95,83.09,39.73
35.38,35.38,52.46,81.26,38.74
33.56,33.56,50.69,84.14,40.99
33.15,33.15,49.65,82.79,39.76
33.49,33.49,49.21,83.71,38.32
33.16,33.16,47.85,80.99,39.83
32.32,32.32,46.57,81.34,39.32
29.72,29.72,46.97,82.57,40.35
23.86,23.86,46.44,81.76,39.10
21.96,21.96,57.05,82.67,40.46
20.60,20.60,61.25,79.95,39.60
24.39,24.39,54.53,82.36,39.62
25.89,25.89,51.17,80.21,38.09
28.11,28.11,50.59,81.49,39.37
29.88,29.88,49.05,78.87,37.78
30.52,30.52,48.90,81.35,38.24
30.98,30.98,47.87,80.98,37.73
31.50,31.50,46.73,81.33,38.50
31.34,31.34,47.06,80.73,38.66
29.35,29.35,58.96,78.11,39.12
38.53,38.53,62.57,78.02,41.63
37.65,37.65,72.73,84.54,48.00
34.87,34.87,64.29,78.41,50.59
35.28,35.28,55.68,75.71,47.66
34.55,34.55,58.13,78.68,49.96
35.80,35.80,61.44,81.65,47.03
34.21,34.21,57.07,83.25,44.58
32.84,32.84,53.55,79.26,42.40
32.77,32.77,50.92,79.71,43.52
31.31,31.31,49.77,78.53,42.70
32.32,32.32,52.27,76.97,42.01
30.96,30.96,53.93,80.03,41.95
32.82,32.82,53.10,78.54,40.89
32.18,32.18,51.36,82.41,42.50
31.99,31.99,50.42,79.38,40.36
33.40,33.40,48.64,79.72,42.60
31.68,31.68,47.72,79.29,44.03
32.76,32.76,46.16,77.00,48.42
27.40,27.40,45.18,81.67,52.01
20.16,20.16,44.35,79.09,58.24
12.89,12.89,48.08,80.84,65.40
15.52,15.52,64.39,79.31,82.88
11.13,11.13,54.98,78.02,84.84
11.73,11.73,50.54,77.69,80.61
13.75,13.75,48.09,77.65,84.03
17.64,17.64,47.16,77.42,78.58
20.45,20.45,46.61,78.09,80.12
23.45,23.45,45.49,77.78,80.88
23.15,23.15,43.08,77.02,81.32
24.69,24.69,42.76,78.17,82.17
22.98,22.98,42.19,74.89,78.66
26.76,26.76,49.21,78.15,82.90
27.71,27.71,51.01,75.17,83.66
28.17,28.17,50.72,76.67,81.34
29.44,29.44,47.95,77.68,81.38
31.07,31.07,47.66,75.23,82.00
33.08,33.08,46.11,77.92,83.42
33.25,33.25,44.75,73.07,79.93
33.74,33.74,42.95,64.45,81.95
33.74,33.74,41.55,58.49,79.89
32.90,32.90,41.03,56.20,82.10
33.70,33.70,43.71,50.46,81.04
36.65,36.65,51.78,49.21,78.50
34.70,34.70,50.65,49.13,82.43
33.83,33.83,48.88,47.96,79.52
34.21,34.21,46.89,48.00,79.71
35.80,35.80,45.66,46.71,80.11
37.81,37.81,45.11,45.82,79.35
37.64,37.64,43.52,44.20,78.54
34.12,34.12,42.64,45.25,70.35
30.62,30.62,43.68,40.84,64.99
21.42,21.42,46.22,44.95,63.40
19.69,19.69,62.12,61.70,75.63
12.11,12.11,67.80,77.90,80.54
15.41,15.41,68.24,81.69,81.30
22.56,22.56,67.03,84.32,83.67
27.07,27.07,63.79,80.72,80.83
29.49,29.49,64.07,84.97,81.93
32.75,32.75,61.50,79.46,81.12
31.33,31.33,59.55,74.59,81.04
31.91,31.91,59.82,81.56,82.14
29.97,29.97,58.74,78.37,80.56
30.85,30.85,56.72,73.19,74.60
33.41,33.41,56.55,75.86,70.33
30.53,30.53,56.68,77.47,61.57
30.72,30.72,54.79,73.70,56.91
32.53,32.53,54.38,69.77,52.91
37.34,37.34,53.79,72.90,50.32
37.36,37.36,52.21,69.77,44.47
36.68,36.68,50.88,63.62,45.83
37.09,37.09,50.87,64.71,51.88
28.99,28.99,50.98,59.87,50.21
17.11,17.11,50.95,58.84,56.19
18.31,18.31,54.62,65.82,78.51
12.97,12.97,51.36,64.80,82.11
14.95,14.95,51.15,67.66,78.89
17.57,17.57,48.92,70.55,81.61
19.72,19.72,47.59,71.03,79.58
22.50,22.50,46.18,72.46,80.12
25.39,25.39,43.85,73.44,80.50
27.06,27.06,43.02,73.03,81.29
25.96,25.96,44.05,75.07,80.57
19.95,19.95,48.04,75.28,80.42
19.63,19.63,57.80,75.23,76.15
21.29,21.29,68.34,78.09,76.64
22.38,22.38,73.75,78.60,70.28
29.95,29.95,65.40,77.99,64.99
31.91,31.91,70.26,75.33,62.03
34.85,34.85,68.76,71.50,56.97
34.72,34.72,66.91,77.44,50.79
37.29,37.29,64.73,74.18,50.01
35.74,35.74,63.92,77.04,45.24
36.45,36.45,62.60,72.94,42.90
36.86,36.86,59.74,76.24,42.53
36.87,36.87,62.18,75.16,41.57
35.99,35.99,60.74,75.95,42.55
35.37,35.37,58.02,72.65,40.99
35.86,35.86,57.23,70.97,41.61
35.14,35.14,57.13,74.77,43.24
34.97,34.97,53.83,74.16,44.12
35.52,35.52,53.55,67.46,49.17
36.79,36.79,52.69,71.78,52.67
34.22,34.22,51.43,72.58,49.82
26.07,26.07,48.14,68.76,51.65
16.38,16.38,50.76,67.48,64.93
15.75,15.75,52.61,68.72,78.96
15.55,15.55,51.37,66.10,83.00
18.45,18.45,49.78,61.83,80.32
20.54,20.54,48.59,65.95,81.30
22.45,22.45,47.09,63.30,81.08
24.76,24.76,46.91,59.24,82.48
25.22,25.22,45.14,63.59,79.67
24.99,24.99,46.11,61.45,79.52
18.73,18.73,44.44,60.33,73.63
14.98,14.98,48.43,64.69,68.59
19.74,19.74,63.75,61.09,62.58
29.66,29.66,55.68,59.62,58.62
33.36,33.36,52.64,65.67,54.29
34.57,34.57,50.78,62.61,50.98
30.19,30.19,49.59,61.70,46.96
29.39,29.39,48.52,67.04,44.56
28.87,28.87,47.24,65.85,45.06
26.02,26.02,45.49,63.44,46.59
22.40,22.40,44.25,63.71,46.45
15.95,15.95,43.31,59.55,49.67
20.95,20.95,48.25,57.80,68.74
18.55,18.55,51.74,55.64,78.66
18.48,18.48,50.30,54.35,82.60
20.31,20.31,48.95,52.88,80.80
23.05,23.05,47.60,49.04,80.15
25.81,25.81,45.84,43.98,81.62
31.63,31.63,45.73,38.18,82.74
30.14,30.14,43.45,38.33,80.81
29.64,29.64,42.92,47.46,82.52
27.52,27.52,44.44,52.44,77.99
23.96,23.96,50.01,48.95,80.21
31.50,31.50,60.41,60.96,73.26
29.34,29.34,70.88,79.93,70.99
27.68,27.68,69.95,82.92,68.78
30.14,30.14,66.67,82.74,63.16
33.72,33.72,65.41,82.70,55.72
35.05,35.05,65.25,82.98,52.88
37.41,37.41,62.69,77.60,55.29
36.58,36.58,62.43,78.04,53.49
37.26,37.26,61.90,80.15,49.03
36.14,36.14,59.68,78.20,45.73
34.01,34.01,59.05,72.29,41.21
34.02,34.02,58.12,76.92,40.27
33.87,33.87,56.28,76.72,38.00
35.98,35.98,53.56,71.64,35.14
29.85,29.85,52.96,72.11,34.80
30.76,30.76,51.90,72.36,30.67
29.95,29.95,50.78,69.62,28.81
31.61,31.61,48.82,65.96,30.01
28.68,28.68,49.79,65.59,30.40
25.50,25.50,48.61,62.78,30.58
20.34,20.34,48.89,60.14,27.72
19.35,19.35,65.07,61.53,28.87
22.94,22.94,56.30,62.17,27.97
23.56,23.56,52.33,68.34,26.14
26.79,26.79,50.32,67.64,25.78
25.60,25.60,49.12,68.02,25.45
27.76,27.76,49.10,70.79,24.11
28.13,28.13,47.58,71.66,26.02
28.11,28.11,45.92,73.86,25.50
26.38,26.38,46.44,74.61,23.89
22.87,22.87,48.94,74.21,25.25
26.57,26.57,58.12,74.05,32.10
33.46,33.46,72.04,82.36,40.28
31.99,31.99,70.64,79.04,41.25
35.70,35.70,67.71,79.37,39.37
39.76,39.76,67.96,76.34,39.22
41.19,41.19,69.45,75.41,37.22
40.65,40.65,64.76,75.73,34.44
39.69,39.69,65.27,76.27,33.81
38.07,38.07,64.32,77.49,33.86
37.93,37.93,62.81,71.09,34.18
38.02,38.02,58.91,77.31,33.12
37.45,37.45,61.67,75.09,33.03
37.61,37.61,59.85,74.96,32.62
35.29,35.29,56.96,71.57,33.07
33.75,33.75,56.93,72.00,36.71
32.82,32.82,57.25,75.87,37.57
34.11,34.11,53.62,67.73,39.08
33.59,33.59,52.70,72.51,40.76
31.54,31.54,51.19,72.82,45.12
25.11,25.11,49.33,71.05,47.72
12.84,12.84,48.08,71.73,53.82
13.63,13.63,60.45,68.68,73.27
13.21,13.21,58.61,68.88,80.83
16.44,16.44,51.41,67.12,80.16
18.31,18.31,48.73,65.16,81.65
19.89,19.89,47.40,65.53,80.40
21.50,21.50,46.59,65.64,81.07
24.46,24.46,44.95,60.78,80.53
25.08,25.08,44.13,61.35,80.54
25.27,25.27,43.16,63.67,82.20
24.64,24.64,41.59,61.86,80.62
24.85,24.85,44.87,60.14,78.58
28.52,28.52,52.29,62.53,80.81
27.92,27.92,50.63,61.56,76.18
29.38,29.38,48.86,59.34,81.38
31.44,31.44,47.38,61.91,80.14
32.61,32.61,46.44,59.68,82.20
33.35,33.35,45.97,57.13,79.68
34.80,34.80,44.48,60.93,82.65
33.62,33.62,42.01,58.20,79.18
34.35,34.35,42.06,57.61,82.22
33.40,33.40,41.24,56.94,75.60
37.98,37.98,49.40,56.67,78.76
37.30,37.30,50.31,56.21,81.03
37.34,37.34,49.51,54.58,80.15
36.27,36.27,47.45,51.51,81.23
36.91,36.91,46.94,37.30,79.09
37.13,37.13,45.19,25.83,77.47
37.32,37.32,43.77,17.90,71.12
36.40,36.40,42.20,21.72,65.45
33.99,33.99,42.27,27.99,61.43
27.01,27.01,44.68,45.77,52.61
20.46,20.46,56.50,49.49,61.75
16.55,16.55,65.23,77.01,82.79
11.15,11.15,65.03,79.25,84.63
16.14,16.14,67.34,86.98,80.18
20.39,20.39,62.82,85.85,82.84
23.35,23.35,62.15,82.01,78.65
26.00,26.00,57.06,81.02,79.45
28.06,28.06,49.48,79.15,83.13
26.21,26.21,54.66,82.53,79.54
28.58,28.58,54.06,81.29,81.53
26.91,26.91,51.50,82.04,75.87
27.44,27.44,54.58,82.63,72.54
26.80,26.80,51.50,80.73,68.39
32.40,32.40,51.08,82.56,58.99
30.23,30.23,49.59,81.05,58.06
28.46,28.46,49.10,83.41,52.11
32.39,32.39,47.69,81.75,48.94
32.62,32.62,46.12,82.78,47.20
27.91,27.91,45.23,79.84,48.58
25.04,25.04,44.07,81.68,51.06
18.52,18.52,43.14,81.90,55.08
15.51,15.51,47.09,82.50,67.80
12.37,12.37,51.86,82.42,80.84
9.94,9.94,50.98,80.17,83.65
12.44,12.44,48.69,81.88,80.52
16.68,16.68,47.04,79.68,82.53
20.21,20.21,46.67,81.59,80.41
24.95,24.95,45.97,79.80,79.50
26.82,26.82,43.56,81.86,82.68
27.90,27.90,43.29,80.43,78.02
24.27,24.27,46.31,81.32,78.72
17.21,17.21,59.23,80.22,77.79
15.46,15.46,66.99,76.89,76.88
17.13,17.13,71.69,83.21,73.41
23.64,23.64,66.55,79.77,69.38
28.32,28.32,57.11,75.75,63.60
31.65,31.65,57.25,74.10,55.49
33.29,33.29,63.98,82.86,52.70
33.81,33.81,55.71,80.63,47.53
32.95,32.95,53.53,80.62,47.89
32.25,32.25,51.44,79.98,49.10
32.40,32.40,49.41,76.53,46.78
31.66,31.66,53.19,78.63,44.76
31.78,31.78,53.53,78.04,45.56
33.81,33.81,53.41,79.56,44.63
32.36,32.36,51.61,80.90,42.74
34.03,34.03,50.64,80.28,42.44
33.68,33.68,49.29,79.33,42.17
33.93,33.93,48.72,80.02,41.48
34.92,34.92,46.59,76.58,43.42
29.87,29.87,45.64,80.89,47.59
22.07,22.07,44.45,79.96,53.58
13.06,13.06,43.54,80.10,59.35
16.25,16.25,53.28,80.99,81.76
11.76,11.76,50.75,77.13,81.80
14.38,14.38,50.30,80.21,81.28
17.49,17.49,47.64,76.24,82.16
20.96,20.96,47.09,78.31,79.22
23.96,23.96,46.44,78.90,80.99
27.40,27.40,45.30,77.47,80.73
27.02,27.02,44.25,79.67,80.22
21.72,21.72,44.36,76.88,76.33
13.70,13.70,44.83,77.24,71.44
15.43,15.43,57.96,77.53,66.65
17.02,17.02,60.94,77.50,60.44
18.64,18.64,53.45,77.54,54.86
22.01,22.01,50.26,79.16,51.11
26.76,26.76,49.78,77.59,50.16
25.07,25.07,48.10,76.90,44.32
26.23,26.23,48.04,61.93,47.73
28.20,28.20,46.92,64.06,53.88
25.60,25.60,45.37,60.95,57.28
18.34,18.34,43.83,58.06,60.17
13.60,13.60,43.62,50.96,60.65
17.49,17.49,53.48,39.40,82.79
13.30,13.30,51.21,35.01,85.30
15.24,15.24,50.32,28.18,81.89
17.31,17.31,47.37,20.68,83.05
20.18,20.18,47.27,7.89,78.33
23.42,23.42,46.80,4.82,80.84
25.64,25.64,44.84,23.15,80.81
26.21,26.21,42.78,44.35,81.63
27.08,27.08,44.45,47.05,80.10
22.08,22.08,48.94,56.27,78.52
24.95,24.95,56.75,63.07,74.90
30.04,30.04,64.41,75.99,68.41
35.18,35.18,64.83,86.24,62.25
36.95,36.95,65.64,88.00,56.66
41.62,41.62,60.47,85.26,53.55
42.58,42.58,62.34,85.03,52.57
42.23,42.23,52.23,80.75,44.70
42.38,42.38,48.30,82.67,43.20
42.44,42.44,53.96,82.81,41.35
41.13,41.13,52.04,84.43,42.16
38.41,38.41,53.21,83.05,40.25
39.48,39.48,54.76,83.43,34.68
39.04,39.04,52.96,81.26,37.80
37.44,37.44,52.12,83.01,36.59
34.33,34.33,50.33,83.63,37.49
35.12,35.12,49.19,83.50,33.51
34.22,34.22,48.80,83.23,36.07
34.32,34.32,47.84,80.23,34.52
33.13,33.13,46.19,82.78,35.82
29.76,29.76,46.58,81.28,35.47
23.98,23.98,46.70,82.87,34.68
22.07,22.07,59.13,80.20,35.77
22.36,22.36,59.95,82.40,33.97
25.42,25.42,53.54,81.02,34.47
26.56,26.56,51.28,81.44,34.47
29.08,29.08,50.40,80.56,34.86
30.43,30.43,49.30,79.10,33.60
29.59,29.59,48.48,82.42,33.13
29.89,29.89,47.76,80.48,33.64
31.79,31.79,46.49,81.73,32.85
31.19,31.19,49.47,78.12,34.02
28.76,28.76,61.79,80.99,36.64
38.68,38.68,61.74,75.57,46.36
37.08,37.08,69.76,86.84,53.49
35.91,35.91,60.73,77.46,49.34
38.03,38.03,58.13,77.05,46.84
36.36,36.36,60.79,78.57,47.55
37.95,37.95,60.00,81.51,44.00
37.13,37.13,59.08,83.81,46.71
35.60,35.60,52.23,78.83,46.77
34.83,34.83,54.81,80.07,45.83
34.17,34.17,54.96,77.52,44.04
34.64,34.64,55.68,77.29,42.97
32.52,32.52,54.84,78.51,44.76
35.65,35.65,53.49,79.69,45.45
34.46,34.46,51.53,81.63,42.57
35.06,35.06,50.02,80.16,38.33
35.41,35.41,49.20,78.21,49.06
33.70,33.70,48.02,75.18,55.59
34.78,34.78,50.52,71.72,59.34
32.53,32.53,57.86,67.24,60.48
25.66,25.66,59.84,66.16,59.42
20.95,20.95,60.31,64.71,60.40
20.26,20.26,63.65,67.77,62.13
22.68,22.68,55.67,67.33,63.01
27.42,27.42,51.75,66.49,63.94
28.76,28.76,49.50,67.66,63.53
31.22,31.22,49.02,66.03,62.70
31.98,31.98,48.49,66.39,62.76
31.64,31.64,47.81,64.56,61.82
32.80,32.80,45.02,66.04,60.00
28.90,28.90,45.51,60.99,55.88
23.29,23.29,51.28,66.51,44.81
32.97,32.97,59.52,71.56,31.76
29.96,29.96,62.63,80.79,36.18
33.03,33.03,64.26,87.40,38.92
36.78,36.78,62.94,89.27,37.02
39.51,39.51,58.90,86.53,34.93
39.93,39.93,59.38,83.70,33.45
40.21,40.21,54.02,80.50,31.64
40.69,40.69,53.11,82.41,31.44
40.30,40.30,55.78,85.30,33.06
37.51,37.51,52.44,83.03,35.74
39.26,39.26,56.42,84.49,36.46
38.88,38.88,55.20,80.58,37.48
38.46,38.46,54.06,82.77,38.45
36.76,36.76,54.35,83.84,38.81
36.10,36.10,52.22,84.37,38.13
35.82,35.82,51.98,83.36,37.25
35.26,35.26,50.15,81.89,35.90
35.17,35.17,48.30,83.00,39.16
31.59,31.59,46.55,81.45,43.43
25.29,25.29,48.67,82.50,48.51
16.33,16.33,61.92,79.81,57.46
14.46,14.46,67.22,84.26,79.31
8.67,8.67,71.41,85.37,83.56
11.41,11.41,56.74,78.48,82.54
15.50,15.50,63.26,72.10,81.42
19.76,19.76,67.55,74.75,81.35
22.69,22.69,66.20,71.32,79.95
25.53,25.53,63.93,68.04,80.15
27.17,27.17,55.40,69.35,78.26
27.41,27.41,50.68,63.44,72.89
26.80,26.80,58.42,67.76,69.33
25.69,25.69,57.80,73.45,65.44
28.41,28.41,56.05,73.63,62.33
25.75,25.75,54.01,69.95,61.76
26.94,26.94,50.92,70.61,61.12
27.09,27.09,50.32,69.17,60.32
28.94,28.94,49.54,71.13,59.51
30.26,30.26,48.81,72.01,59.93
30.47,30.47,48.36,73.11,61.41
27.22,27.22,46.25,72.15,65.05
20.84,20.84,44.16,69.84,65.95
18.01,18.01,42.79,68.68,66.27
20.43,20.43,52.20,70.40,80.50
14.50,14.50,50.75,67.89,83.73
15.30,15.30,50.19,66.54,82.54
17.94,17.94,47.51,66.87,81.53
20.51,20.51,46.36,67.35,82.28
23.93,23.93,45.64,69.58,80.88
25.75,25.75,44.60,70.53,80.71
25.13,25.13,43.15,72.15,79.91
25.48,25.48,44.33,72.14,77.59
22.75,22.75,45.19,71.55,77.22
23.10,23.10,54.06,71.27,71.39
17.95,17.95,61.00,70.90,66.01
22.28,22.28,53.45,71.98,62.80
24.38,24.38,50.36,71.21,61.22
26.61,26.61,49.24,71.37,62.58
21.45,21.45,47.71,71.99,62.31
24.10,24.10,48.17,73.16,61.41
26.53,26.53,46.31,72.19,60.18
26.53,26.53,45.16,71.73,59.23
26.72,26.72,44.93,72.31,58.28
27.87,27.87,44.25,72.21,56.09
29.11,29.11,54.18,71.54,52.02
26.90,26.90,52.52,71.14,52.82
26.30,26.30,51.64,70.42,52.04
30.10,30.10,50.43,70.59,50.70
32.84,32.84,49.23,68.94,49.23
32.88,32.88,49.59,68.43,48.84
30.94,30.94,47.05,68.99,40.47
27.41,27.41,45.42,69.05,53.46
21.50,21.50,44.57,66.07,57.13
15.79,15.79,43.23,65.35,56.63
14.48,14.48,48.65,66.38,69.28
13.73,13.73,51.89,66.63,83.04
15.66,15.66,51.02,66.72,82.31
18.35,18.35,48.16,66.23,80.73
21.72,21.72,47.87,65.77,81.78
24.97,24.97,45.84,65.61,79.09
28.93,28.93,45.82,64.26,80.08
28.37,28.37,44.33,64.67,77.35
25.98,25.98,43.67,66.14,73.15
22.44,22.44,44.65,65.07,71.23
20.07,20.07,50.18,64.82,67.82
15.38,15.38,64.30,65.33,59.66
18.35,18.35,55.22,66.84,58.26
21.50,21.50,52.33,66.01,57.72
22.64,22.64,49.68,65.91,58.19
25.71,25.71,48.70,66.56,57.69
26.12,26.12,48.45,67.67,55.85
28.42,28.42,46.82,67.14,51.28
25.18,25.18,44.23,65.71,49.71
19.19,19.19,44.28,66.15,49.92
19.11,19.11,43.02,64.83,50.63
24.06,24.06,49.23,63.66,74.14
19.00,19.00,51.59,60.44,82.44
15.23,15.23,49.87,49.33,78.50
14.95,14.95,47.22,38.27,83.22
16.90,16.90,46.71,24.50,80.96
17.25,17.25,45.10,17.70,77.44
19.92,19.92,44.79,10.86,80.86
20.12,20.12,42.80,15.81,79.40
20.35,20.35,42.15,28.19,79.73
19.35,19.35,42.80,44.99,77.42
20.22,20.22,49.48,52.09,78.29
27.87,27.87,61.85,79.81,73.85
22.21,22.21,69.60,86.40,70.99
23.44,23.44,67.82,84.88,65.15
23.60,23.60,65.77,76.95,62.42
27.41,27.41,67.12,80.53,61.40
25.81,25.81,63.16,74.96,59.59
24.60,24.60,63.17,70.10,58.00
24.76,24.76,55.29,70.85,56.73
25.87,25.87,54.34,71.44,54.75
26.24,26.24,59.20,71.36,52.61
28.59,28.59,56.25,76.66,51.53
31.86,31.86,55.82,76.01,53.77
34.60,34.60,52.93,73.60,53.18
35.78,35.78,51.55,72.47,54.69
34.13,34.13,50.17,71.51,56.23
33.07,33.07,48.89,72.86,56.31
31.94,31.94,48.60,74.49,53.59
32.55,32.55,47.36,76.14,52.24
31.80,31.80,47.81,74.22,49.14
24.27,24.27,49.93,72.51,51.19
14.66,14.66,55.06,73.74,56.54
15.90,15.90,64.37,72.36,59.64
21.89,21.89,56.02,71.62,59.15
25.19,25.19,52.14,71.39,58.12
28.05,28.05,51.25,72.49,57.57
30.79,30.79,51.12,71.17,58.58
33.03,33.03,49.57,70.47,59.24
37.29,37.29,48.42,70.19,60.08
39.66,39.66,47.25,71.89,59.79
39.05,39.05,48.55,72.74,58.27
36.83,36.83,49.58,72.43,52.74
34.84,34.84,54.97,73.24,48.16
34.06,34.06,69.39,82.75,51.20
34.07,34.07,65.47,77.81,53.23
38.99,38.99,63.03,70.75,53.70
38.18,38.18,66.57,74.20,58.78
40.02,40.02,62.91,75.86,54.85
39.28,39.28,63.91,74.67,54.15
41.04,41.04,60.14,74.24,51.55
40.89,40.89,57.34,71.65,54.33
39.81,39.81,57.38,73.59,53.16
39.48,39.48,53.48,72.49,55.47
37.41,37.41,55.94,73.82,55.27
37.50,37.50,54.80,72.21,57.18
38.93,38.93,56.56,75.51,56.54
41.14,41.14,51.80,71.43,54.99
42.03,42.03,49.76,70.47,53.80
41.97,41.97,48.96,71.02,53.14
42.14,42.14,52.17,71.52,53.90
39.76,39.76,49.45,70.23,47.98
33.54,33.54,48.86,69.71,46.76
24.18,24.18,51.10,70.52,46.75
15.83,15.83,62.70,68.92,47.31
17.55,17.55,58.76,69.33,50.94
23.41,23.41,53.52,70.73,54.63
26.55,26.55,51.59,70.71,55.68
26.72,26.72,50.04,69.79,55.68
28.24,28.24,48.99,69.70,56.12
28.00,28.00,47.80,67.44,57.00
29.26,29.26,46.63,68.45,56.67
33.26,33.26,46.32,66.64,55.30
36.56,36.56,46.31,66.70,52.96
38.65,38.65,49.84,66.66,52.00
37.96,37.96,54.19,68.92,50.19
38.70,38.70,52.67,65.28,43.41
38.89,38.89,51.33,67.70,45.97
36.84,36.84,49.89,66.05,48.84
36.31,36.31,48.60,68.35,47.95
34.64,34.64,48.92,65.54,43.13
34.49,34.49,46.66,63.76,35.74
34.85,34.85,45.34,61.65,32.22
37.18,37.18,45.60,60.63,42.87
38.31,38.31,45.40,61.30,46.71
38.93,38.93,54.00,59.84,47.95
39.14,39.14,53.20,60.73,45.76
35.54,35.54,52.35,61.33,37.61
37.35,37.35,50.59,59.33,36.20
37.15,37.15,49.82,58.58,45.24
36.28,36.28,49.32,58.68,47.79
40.30,40.30,48.36,56.95,49.42
36.78,36.78,49.00,58.04,49.93
34.11,34.11,46.60,56.60,54.97
22.25,22.25,51.99,55.34,55.90
21.12,21.12,58.96,61.21,70.01
10.95,10.95,65.70,75.42,82.25
14.38,14.38,68.20,82.83,82.18
19.13,19.13,68.20,85.33,81.17
21.30,21.30,63.18,81.65,80.69
22.45,22.45,64.49,84.99,81.95
25.63,25.63,63.67,82.37,81.67
28.20,28.20,60.72,75.59,79.97
31.70,31.70,60.11,79.81,79.10
29.76,29.76,59.86,81.22,74.53
29.68,29.68,58.38,73.37,68.28
32.66,32.66,57.11,74.72,64.93
31.16,31.16,57.42,79.17,60.85
31.80,31.80,56.27,73.84,59.64
32.11,32.11,54.64,71.21,58.23
31.81,31.81,54.89,72.38,57.61
33.43,33.43,53.59,71.48,61.65
32.33,32.33,51.21,67.63,60.12
30.20,30.20,51.44,60.39,56.98
27.17,27.17,53.02,62.68,52.28
18.85,18.85,52.72,61.67,52.99
16.29,16.29,53.52,61.60,69.22
16.38,16.38,53.05,65.34,81.80
18.48,18.48,51.94,68.14,83.02
21.66,21.66,49.87,69.78,80.89
26.14,26.14,48.41,72.01,81.18
28.67,28.67,46.21,73.09,81.25
32.33,32.33,45.45,73.34,81.37
33.22,33.22,43.25,74.88,79.80
30.79,30.79,44.86,75.01,79.41
25.91,25.91,46.55,76.16,74.71
14.68,14.68,55.30,76.20,71.07
13.62,13.62,66.44,72.33,65.06
11.57,11.57,73.74,85.98,62.02
23.30,23.30,64.71,77.82,62.48
32.06,32.06,69.60,77.11,61.28
37.93,37.93,65.95,77.14,61.05
40.33,40.33,64.75,78.60,61.41
40.77,40.77,62.60,72.77,59.37
39.37,39.37,64.33,78.56,56.82
37.48,37.48,61.26,77.58,57.23
37.64,37.64,59.09,72.51,56.10
37.64,37.64,59.99,75.43,56.81
36.65,36.65,59.78,79.29,59.29
36.41,36.41,57.13,72.86,59.89
35.80,35.80,55.84,69.60,62.19
35.26,35.26,56.73,76.83,66.08
36.24,36.24,55.40,74.59,64.34
37.66,37.66,53.06,66.53,60.05
35.56,35.56,52.06,73.84,62.17
31.42,31.42,50.72,73.44,63.77
23.20,23.20,48.63,68.59,63.33
16.98,16.98,49.94,70.56,63.75
17.74,17.74,53.51,67.79,83.28
20.66,20.66,51.21,64.10,82.49
20.99,20.99,50.09,64.88,80.61
20.13,20.13,48.86,66.22,80.44
24.46,24.46,46.85,61.50,81.79
27.30,27.30,46.89,62.43,78.92
29.88,29.88,45.69,65.14,80.41
29.88,29.88,44.21,63.07,76.67
23.85,23.85,45.28,63.89,70.74
13.75,13.75,45.77,64.40,66.64
14.29,14.29,60.99,60.65,59.87
18.70,18.70,60.05,64.81,56.07
24.82,24.82,53.10,63.41,56.11
30.26,30.26,49.94,61.77,53.34
31.37,31.37,49.25,65.00,45.63
33.76,33.76,48.67,66.66,44.78
33.31,33.31,48.23,64.43,49.35
29.37,29.37,46.02,65.33,48.95
26.71,26.71,43.91,67.52,49.82
23.66,23.66,42.71,64.15,58.81
22.83,22.83,45.22,65.44,73.44
25.31,25.31,52.64,67.53,80.35
22.40,22.40,50.30,65.10,78.99
22.06,22.06,49.79,64.19,78.99
24.01,24.01,48.14,66.48,78.47
23.65,23.65,47.00,63.96,79.27
25.72,25.72,46.75,62.10,79.29
26.92,26.92,45.01,65.57,79.91
25.19,25.19,42.78,63.01,78.55
25.32,25.32,43.72,56.11,78.39
21.20,21.20,43.85,54.59,80.17
23.94,23.94,52.58,60.07,78.24
25.54,25.54,67.15,73.91,79.99
25.32,25.32,60.80,73.14,80.52
25.70,25.70,67.99,79.23,79.17
25.53,25.53,64.27,79.58,81.22
25.71,25.71,63.82,81.61,78.85
26.06,26.06,59.60,80.36,79.98
25.63,25.63,56.83,78.14,79.36
24.65,24.65,57.35,79.88,77.61
24.77,24.77,53.68,78.87,80.06
24.35,24.35,55.51,76.30,80.22
26.42,26.42,54.67,76.39,78.75
25.61,25.61,54.47,75.38,80.67
26.33,26.33,51.94,72.00,79.93
27.47,27.47,50.50,72.93,79.27
28.87,28.87,49.26,73.00,77.16
30.15,30.15,47.38,71.07,78.00
30.35,30.35,47.14,73.38,78.17
27.43,27.43,45.23,72.90,78.26
22.78,22.78,46.92,72.43,77.75
16.96,16.96,47.55,74.00,79.29
19.25,19.25,60.76,73.80,78.55
15.89,15.89,58.38,72.42,77.43
17.04,17.04,52.31,74.09,78.49
20.91,20.91,49.64,73.72,78.48
25.39,25.39,49.07,72.16,76.09
26.35,26.35,47.78,73.11,77.51
28.77,28.77,46.34,72.70,78.25
27.89,27.89,45.29,70.86,76.36
27.93,27.93,44.80,72.07,76.70
26.65,26.65,42.88,71.80,76.99
27.71,27.71,46.80,69.93,76.72
31.10,31.10,53.20,70.81,76.84
29.44,29.44,51.93,70.13,76.09
29.83,29.83,50.77,67.89,76.67
29.44,29.44,48.37,69.07,76.14
29.45,29.45,47.92,69.21,75.73
28.79,28.79,47.69,67.35,76.67
25.22,25.22,45.38,68.35,75.16
22.85,22.85,42.99,67.47,75.56
19.58,19.58,42.33,65.56,75.77
18.12,18.12,42.13,65.38,75.00
21.57,21.57,51.40,66.03,77.91
19.48,19.48,51.11,64.65,75.83
17.69,17.69,50.46,64.19,77.48
19.11,19.11,48.28,64.51,73.30
22.57,22.57,47.28,62.49,74.01
23.48,23.48,46.81,61.52,74.64
26.41,26.41,45.60,63.01,71.86
26.81,26.81,44.98,62.85,75.34
25.93,25.93,44.20,61.36,71.55
20.95,20.95,44.36,62.08,76.04
21.61,21.61,53.88,60.38,70.80
15.07,15.07,61.84,59.01,75.12
16.20,16.20,53.44,59.80,73.10
22.01,22.01,49.70,61.02,73.58
24.25,24.25,48.12,59.58,73.60
25.41,25.41,47.27,54.31,74.90
28.36,28.36,47.21,43.87,73.57
28.34,28.34,45.59,39.58,72.65
28.11,28.11,44.05,39.34,73.12
27.66,27.66,43.59,39.47,72.03
26.34,26.34,43.41,39.31,73.34
31.36,31.36,53.17,38.54,69.55
28.45,28.45,51.79,34.64,74.06
30.63,30.63,51.73,34.08,68.91
29.93,29.93,49.46,35.35,73.51
30.08,30.08,48.72,33.29,61.12
29.40,29.40,48.61,42.52,65.33
27.42,27.42,47.06,40.90,59.60
26.10,26.10,46.60,42.06,60.99
26.40,26.40,46.39,36.32,57.45
24.18,24.18,45.37,34.17,57.28
25.42,25.42,49.61,28.69,56.31
28.57,28.57,54.39,24.82,55.45
28.89,28.89,52.84,18.03,54.37
28.19,28.19,51.07,11.58,53.71
27.53,27.53,50.46,5.86,55.41
28.27,28.27,49.01,0.90,54.83
30.37,30.37,48.42,0.13,53.45
29.51,29.51,46.53,11.44,53.07
26.91,26.91,45.00,20.99,52.75
20.63,20.63,45.22,41.21,54.81
14.37,14.37,47.49,45.93,54.55
12.26,12.26,64.84,75.36,82.39
5.87,5.87,55.50,89.44,82.14
9.86,9.86,50.48,87.66,82.08
15.45,15.45,46.58,84.30,79.76
21.06,21.06,45.69,84.25,79.70
24.28,24.28,45.92,80.88,82.75
26.98,26.98,43.85,81.46,78.90
27.87,27.87,42.54,81.07,78.71
27.45,27.45,42.20,81.21,73.98
25.39,25.39,41.75,81.22,69.45
27.15,27.15,47.26,79.23,67.22
27.26,27.26,51.55,76.35,63.18
25.67,25.67,51.48,72.25,60.25
23.28,23.28,49.30,76.24,57.88
25.00,25.00,48.96,75.45,60.51
26.06,26.06,46.73,73.62,63.51
27.30,27.30,46.62,70.56,62.63
25.84,25.84,44.61,73.96,62.02
23.68,23.68,43.42,71.75,62.91
19.69,19.69,42.78,73.48,64.52
14.41,14.41,42.65,72.45,66.66
14.14,14.14,52.22,73.96,84.09
11.35,11.35,50.08,70.81,82.24
17.01,17.01,49.07,68.16,84.04
20.99,20.99,46.50,71.89,79.73
22.85,22.85,45.73,74.93,81.22
26.10,26.10,45.38,71.69,82.51
28.09,28.09,43.03,72.01,79.53
28.86,28.86,41.66,73.18,81.54
28.42,28.42,43.32,76.13,76.39
24.47,24.47,48.62,73.25,76.33
14.25,14.25,59.26,74.26,78.57
11.50,11.50,59.73,76.60,71.81
14.26,14.26,53.22,85.44,71.43
20.36,20.36,49.74,82.65,64.11
17.00,17.00,48.84,82.82,60.69
21.44,21.44,47.54,81.88,59.43
24.73,24.73,47.73,79.63,58.65
26.31,26.31,46.62,81.90,59.13
23.90,23.90,45.19,78.50,59.98
24.50,24.50,44.14,80.98,61.92
23.96,23.96,45.33,78.07,62.15
25.52,25.52,53.97,78.37,62.95
23.64,23.64,52.25,78.29,63.38
23.66,23.66,51.64,76.26,64.46
23.97,23.97,49.67,77.88,60.50
26.06,26.06,48.87,75.64,64.00
26.89,26.89,48.21,77.16,64.58
28.98,28.98,46.43,77.10,64.15
27.03,27.03,45.18,74.75,63.88
25.84,25.84,44.52,75.31,64.60
19.07,19.07,43.62,75.51,66.07
19.13,19.13,49.96,75.47,76.05
17.52,17.52,51.49,74.45,83.05
22.23,22.23,51.13,72.93,80.35
23.04,23.04,48.03,67.98,81.09
24.26,24.26,47.25,70.03,79.81
26.14,26.14,46.02,69.79,81.96
28.95,28.95,44.64,69.49,78.41
29.19,29.19,43.83,68.97,79.20
28.12,28.12,45.11,69.84,77.66
19.76,19.76,44.90,69.77,73.95
14.37,14.37,52.76,68.45,68.75
19.20,19.20,63.51,75.01,65.03
24.12,24.12,54.45,83.45,64.60
27.32,27.32,51.24,79.55,59.82
27.92,27.92,48.96,80.85,59.79
27.45,27.45,48.02,80.22,58.80
29.23,29.23,48.44,73.81,59.81
30.13,30.13,47.02,79.31,59.82
27.10,27.10,44.65,77.26,61.26
23.20,23.20,44.13,77.60,59.61
18.76,18.76,43.10,77.96,57.85
21.53,21.53,49.58,73.57,75.23
11.49,11.49,49.79,76.00,81.79
12.42,12.42,49.38,71.74,81.78
15.00,15.00,47.12,72.88,80.43
17.91,17.91,45.64,72.88,80.00
21.21,21.21,44.97,71.58,82.64
25.11,25.11,43.63,72.33,78.57
26.01,26.01,42.29,70.49,80.10
28.74,28.74,43.38,70.74,80.08
28.46,28.46,43.97,70.33,76.46
24.71,24.71,47.30,68.58,74.86
34.69,34.69,54.63,81.24,68.06
26.40,26.40,51.98,87.13,66.73
28.52,28.52,50.59,84.30,64.35
35.29,35.29,48.93,82.89,59.04
33.25,33.25,48.44,82.03,58.40
33.14,33.14,47.44,81.42,57.70
35.54,35.54,47.07,82.29,57.91
36.18,36.18,45.59,82.49,58.42
32.43,32.43,44.99,81.85,56.96
28.43,28.43,44.12,80.66,56.93
32.46,32.46,52.41,78.88,54.73
31.45,31.45,52.84,79.12,55.78
31.92,31.92,52.36,75.76,55.86
32.69,32.69,50.24,74.47,55.99
32.65,32.65,49.56,75.68,54.66
33.99,33.99,48.76,72.73,56.87
35.07,35.07,47.13,70.07,58.27
32.39,32.39,46.43,69.10,58.38
32.04,32.04,46.86,70.50,57.14
27.90,27.90,47.36,69.74,57.57
22.68,22.68,54.57,67.74,58.15
20.54,20.54,63.12,68.44,57.54
26.10,26.10,54.73,73.05,53.58
21.63,21.63,51.96,68.42,54.88
24.43,24.43,49.98,69.33,57.23
30.09,30.09,49.32,71.52,58.94
30.71,30.71,48.59,73.18,55.34
30.04,30.04,46.58,71.57,54.45
30.60,30.60,45.38,71.44,55.59
29.87,29.87,45.39,74.22,56.27
28.53,28.53,45.14,75.04,51.34
36.95,36.95,53.96,74.07,52.91
36.09,36.09,54.45,80.70,55.25
32.38,32.38,52.96,85.20,54.22
33.77,33.77,50.57,82.21,52.96
32.73,32.73,49.60,84.00,52.30
33.42,33.42,49.02,80.41,52.72
33.71,33.71,47.18,80.97,55.00
33.99,33.99,46.11,80.76,55.86
35.01,35.01,45.18,79.99,55.52
33.93,33.93,44.02,80.70,53.50
34.86,34.86,48.71,77.24,54.17
34.95,34.95,53.77,79.04,55.11
35.39,35.39,52.66,77.00,55.99
35.29,35.29,50.55,75.99,54.20
34.21,34.21,49.82,77.00,54.01
34.05,34.05,48.20,75.89,53.95
35.86,35.86,47.45,75.85,54.92
34.38,34.38,46.10,75.79,53.25
31.07,31.07,45.47,74.94,52.87
25.27,25.27,46.63,75.00,53.29
15.52,15.52,47.41,72.96,57.57
14.69,14.69,64.80,74.91,57.69
19.17,19.17,57.68,73.34,54.52
22.06,22.06,53.91,72.69,54.02
25.68,25.68,50.25,71.78,55.73
28.48,28.48,49.56,71.84,55.30
30.65,30.65,49.51,72.29,52.38
30.41,30.41,48.83,71.59,51.71
31.91,31.91,47.69,71.59,51.70
30.45,30.45,46.21,69.70,54.80
31.26,31.26,45.69,72.15,50.98
33.56,33.56,50.67,71.02,50.48
35.08,35.08,53.60,69.30,49.65
34.49,34.49,52.58,68.89,53.07
34.26,34.26,50.51,70.89,50.39
35.86,35.86,49.51,68.50,51.88
39.70,39.70,49.10,69.23,54.91
37.73,37.73,47.31,69.77,66.35
36.98,36.98,47.06,70.08,68.05
33.96,33.96,44.17,70.73,68.41
27.88,27.88,43.96,70.41,68.31
20.72,20.72,43.58,65.16,68.14
23.11,23.11,54.32,55.39,78.09
23.66,23.66,52.58,53.84,79.79
25.68,25.68,51.74,52.18,77.23
26.25,26.25,49.31,51.94,79.43
26.06,26.06,48.14,51.13,76.67
28.54,28.54,47.55,49.39,80.49
27.54,27.54,45.77,47.64,77.73
26.19,26.19,44.52,49.98,78.42
23.47,23.47,45.52,53.88,80.38
16.12,16.12,46.80,53.08,78.65
15.80,15.80,58.83,64.03,80.86
10.70,10.70,60.48,82.73,82.31
9.36,9.36,52.00,87.65,82.58
15.56,15.56,48.30,83.51,82.35
19.35,19.35,47.49,84.33,79.51
22.40,22.40,45.93,81.03,81.91
22.70,22.70,46.00,78.97,80.59
22.15,22.15,44.47,81.30,80.08
20.70,20.70,43.14,81.44,77.87
20.49,20.49,42.06,80.99,80.39
20.75,20.75,42.96,78.88,81.21
21.50,21.50,53.04,76.78,78.66
19.50,19.50,51.08,77.74,80.98
20.96,20.96,50.11,75.50,78.07
21.89,21.89,48.44,73.87,80.29
22.63,22.63,47.06,72.14,79.22
23.97,23.97,46.66,72.17,80.56
24.25,24.25,45.32,70.61,80.29
22.52,22.52,43.00,70.40,80.54
23.26,23.26,43.22,70.12,79.92
20.70,20.70,42.65,72.56,81.07
20.79,20.79,49.05,69.38,79.41
20.69,20.69,52.22,70.45,81.15
21.29,21.29,51.45,70.67,79.84
22.34,22.34,48.93,72.27,81.56
23.96,23.96,48.24,67.98,77.61
25.98,25.98,47.11,69.75,80.42
28.67,28.67,46.62,73.04,78.42
27.52,27.52,44.55,74.39,78.47
25.00,25.00,44.32,72.69,80.05
17.39,17.39,44.21,72.80,79.08
10.35,10.35,47.23,74.39,77.02
9.32,9.32,64.35,75.64,76.98
7.95,7.95,55.03,73.56,78.87
12.19,12.19,51.16,73.49,79.20
18.71,18.71,48.73,74.56,77.34
23.88,23.88,47.56,75.30,79.00
27.50,27.50,47.61,74.39,78.13
30.09,30.09,45.81,74.02,77.21
28.76,28.76,43.39,74.18,77.81
26.85,26.85,43.17,74.07,78.36
20.52,20.52,43.63,74.34,78.82
20.32,20.32,51.54,74.08,80.60
17.48,17.48,51.19,72.90,79.89
15.68,15.68,51.35,72.69,80.51
15.78,15.78,48.80,72.72,81.58
16.76,16.76,48.23,71.60,76.49
19.18,19.18,47.50,71.51,77.63
21.52,21.52,46.07,71.86,78.76
22.72,22.72,44.97,71.40,78.05
24.32,24.32,44.05,71.57,77.67
24.04,24.04,43.16,71.44,77.26
22.48,22.48,45.57,70.85,77.68
25.77,25.77,53.59,70.29,77.49
24.70,24.70,52.18,71.30,78.00
24.58,24.58,50.37,70.84,79.49
26.51,26.51,49.31,69.63,77.93
28.11,28.11,47.81,70.41,77.09
29.05,29.05,47.82,70.61,76.52
29.77,29.77,46.40,69.87,77.73
26.08,26.08,44.54,70.36,75.66
23.55,23.55,45.90,70.24,78.09
19.06,19.06,48.38,70.49,77.12
17.72,17.72,61.36,71.02,76.74
21.18,21.18,58.64,70.95,75.88
23.24,23.24,52.94,70.03,76.54
25.92,25.92,50.01,70.36,76.63
27.55,27.55,48.99,70.59,76.15
28.02,28.02,48.13,69.87,74.96
29.42,29.42,47.14,70.04,75.12
29.57,29.57,46.34,70.21,74.16
29.90,29.90,44.96,70.05,75.24
29.69,29.69,43.94,70.64,74.24
28.67,28.67,47.34,70.24,75.07
31.25,31.25,53.80,70.14,74.22
31.28,31.28,52.48,69.83,75.79
30.74,30.74,50.64,70.27,73.09
31.69,31.69,48.92,70.35,73.85
33.25,33.25,48.16,69.86,73.95
34.31,34.31,47.11,69.71,74.07
37.49,37.49,45.76,69.34,74.85
37.51,37.51,43.09,68.94,72.99
34.78,34.78,45.82,68.89,68.57
28.69,28.69,53.48,68.70,66.77
31.86,31.86,62.14,73.47,72.51
27.57,27.57,69.28,77.21,76.35
28.27,28.27,68.98,76.95,77.82
29.10,29.10,71.01,76.23,75.04
29.49,29.49,68.12,72.88,76.26
31.34,31.34,67.74,78.82,75.70
32.35,32.35,63.98,77.30,75.45
32.35,32.35,64.44,77.83,75.59
31.74,31.74,62.95,76.80,73.75
31.34,31.34,63.17,76.47,76.55
33.14,33.14,63.78,75.61,73.72
36.14,36.14,63.29,73.63,76.48
34.62,34.62,62.62,71.92,73.97
34.21,34.21,62.64,70.37,76.79
35.62,35.62,61.46,68.56,74.88
36.23,36.23,61.03,65.38,76.60
38.19,38.19,60.15,65.21,73.68
38.11,38.11,59.65,66.40,76.49
35.35,35.35,58.41,67.70,73.91
31.49,31.49,57.10,68.39,75.43
22.80,22.80,57.69,68.81,74.10
20.01,20.01,66.23,68.00,73.57
17.93,17.93,59.37,68.00,74.31
22.65,22.65,54.52,67.98,74.32
25.61,25.61,52.07,67.23,75.05
28.92,28.92,50.81,65.74,72.39
30.72,30.72,50.07,63.49,75.05
31.84,31.84,46.71,62.73,73.72
32.64,32.64,45.81,61.82,74.76
33.28,33.28,44.52,60.45,71.82
32.24,32.24,43.41,58.23,75.14
33.96,33.96,47.79,59.31,70.70
35.91,35.91,52.46,59.79,74.25
33.88,33.88,51.93,60.09,71.82
33.61,33.61,49.66,59.76,74.41
34.47,34.47,48.73,58.95,71.23
35.40,35.40,46.99,59.37,73.80
36.48,36.48,46.66,60.78,72.17
36.14,36.14,44.45,62.48,73.21
35.38,35.38,42.86,63.10,71.15
34.98,34.98,42.52,63.46,72.67
33.27,33.27,42.43,63.40,71.18
40.00,40.00,52.79,63.16,70.78
36.81,36.81,51.33,62.44,71.75
37.22,37.22,51.14,60.95,69.70
37.06,37.06,48.29,62.02,71.46
38.75,38.75,47.00,62.39,69.91
40.25,40.25,45.49,62.32,72.00
39.60,39.60,43.74,61.86,69.22
36.99,36.99,43.20,61.71,70.86
32.13,32.13,44.31,62.68,68.05
25.64,25.64,50.03,63.25,71.42
26.51,26.51,63.07,64.19,79.05
21.39,21.39,61.56,62.76,78.08
22.78,22.78,53.58,62.41,77.05
26.58,26.58,50.73,62.34,77.95
28.79,28.79,49.27,62.14,76.49
30.71,30.71,47.93,61.65,75.31
36.61,36.61,48.89,60.02,76.95
36.60,36.60,45.98,58.06,70.12
33.17,33.17,43.22,57.81,67.54
33.16,33.16,42.43,57.00,68.43
32.92,32.92,42.44,57.64,67.45
39.97,39.97,53.33,58.04,65.79
37.53,37.53,50.99,59.06,65.85
37.02,37.02,51.11,58.24,61.37
36.12,36.12,48.90,57.03,57.61
37.04,37.04,47.60,56.99,53.48
36.95,36.95,47.17,56.16,48.36
34.07,34.07,45.80,55.22,42.06
27.59,27.59,44.41,54.59,41.38
22.99,22.99,49.77,52.43,53.12
20.24,20.24,56.62,55.31,81.93
17.43,17.43,51.54,50.65,79.45
19.44,19.44,52.54,50.18,77.59
20.99,20.99,51.56,50.67,77.19
22.64,22.64,50.13,49.31,77.09
25.23,25.23,49.87,44.96,76.59
26.04,26.04,48.08,35.02,76.57
28.81,28.81,47.75,21.98,76.17
28.03,28.03,45.96,14.80,75.89
26.34,26.34,45.85,27.75,75.90
22.90,22.90,50.29,37.51,76.06
21.26,21.26,61.05,54.78,76.61
20.66,20.66,68.81,73.44,76.10
23.96,23.96,71.91,84.48,78.34
27.98,27.98,70.36,86.29,76.78
30.05,30.05,68.87,85.83,76.27
33.97,33.97,69.10,86.23,76.30
39.51,39.51,69.42,86.22,75.96
43.20,43.20,67.79,80.18,75.88
44.29,44.29,66.30,79.69,75.61
45.35,45.35,68.24,84.08,75.60
47.28,47.28,65.17,80.44,75.40
47.18,47.18,63.33,71.81,75.24
47.26,47.26,63.84,80.44,74.93
45.75,45.75,61.59,78.94,74.77
42.83,42.83,59.11,71.83,74.66
42.75,42.75,59.01,74.89,74.76
44.36,44.36,59.33,74.32,74.39
45.84,45.84,56.84,70.41,74.22
44.78,44.78,55.91,67.25,74.18
41.11,41.11,56.61,62.04,73.99
35.90,35.90,54.85,62.99,73.85
31.44,31.44,55.48,64.09,74.04
33.37,33.37,54.77,68.16,83.97
33.14,33.14,52.62,68.48,82.37
35.17,35.17,51.01,72.61,81.91
37.20,37.20,48.37,72.90,81.36
38.59,38.59,45.13,74.16,80.31
40.01,40.01,44.41,75.53,79.05
39.11,39.11,41.47,75.55,77.94
36.63,36.63,39.20,76.41,74.09
33.29,33.29,43.07,77.89,73.94
24.09,24.09,51.41,77.57,73.16
21.37,21.37,63.01,74.59,73.12
14.11,14.11,73.04,84.58,73.49
21.18,21.18,69.01,79.77,73.33
24.73,24.73,68.19,78.99,73.11
29.14,29.14,69.34,76.91,73.25
32.54,32.54,71.15,76.27,73.08
35.25,35.25,66.75,75.06,72.87
36.41,36.41,67.04,79.94,72.93
36.91,36.91,66.23,77.43,72.86
36.97,36.97,64.30,73.01,72.84
35.40,35.40,61.32,78.99,72.77
34.49,34.49,62.22,76.98,73.02
36.04,36.04,61.57,75.55,72.67
35.87,35.87,59.19,73.04,72.58
36.24,36.24,60.06,73.92,72.61
37.23,37.23,59.38,75.75,72.44
37.22,37.22,56.36,72.25,72.32
38.66,38.66,55.66,75.02,72.35
37.64,37.64,54.68,73.89,72.35
37.05,37.05,52.78,72.19,72.08
36.21,36.21,50.95,72.43,72.04
38.68,38.68,54.28,71.82,71.83
33.98,33.98,52.97,68.84,69.85
29.69,29.69,52.73,69.79,78.85
29.70,29.70,50.17,65.55,80.17
33.40,33.40,49.22,64.74,79.18
35.60,35.60,47.43,67.59,80.48
36.84,36.84,45.44,60.49,78.79
34.53,34.53,44.00,61.62,77.26
32.06,32.06,43.51,65.83,73.53
25.28,25.28,43.89,61.83,72.25
21.69,21.69,54.89,60.91,72.52
18.12,18.12,62.33,66.51,71.68
19.51,19.51,54.34,62.01,71.44
21.52,21.52,51.33,65.33,70.91
24.83,24.83,48.80,68.52,70.86
26.95,26.95,48.57,64.53,70.81
27.51,27.51,47.69,66.77,70.67
30.63,30.63,46.37,69.19,70.53
31.41,31.41,44.09,66.71,70.72
30.94,30.94,43.33,65.69,70.75
27.41,27.41,42.95,67.75,70.24
27.25,27.25,52.17,58.78,70.19
29.05,29.05,51.94,58.61,75.40
31.07,31.07,51.11,56.91,82.23
31.30,31.30,48.63,55.41,81.16
33.46,33.46,47.31,54.71,79.60
36.60,36.60,45.93,53.40,79.52
39.25,39.25,43.46,52.49,81.33
40.38,40.38,41.58,53.24,80.14
39.95,39.95,40.50,55.03,77.35
39.04,39.04,43.91,57.09,79.26
38.01,38.01,56.75,51.60,77.20
38.82,38.82,65.85,73.72,80.65
37.70,37.70,71.23,82.95,76.93
37.59,37.59,73.85,86.85,81.72
38.16,38.16,68.22,82.39,79.83
39.73,39.73,70.42,85.44,79.11
41.77,41.77,69.10,82.78,79.78
40.87,40.87,66.90,76.75,81.99
41.59,41.59,66.05,80.43,76.82
40.58,40.58,65.77,81.08,80.52
39.58,39.58,64.09,75.72,76.21
43.60,43.60,62.21,75.43,77.27
41.85,41.85,63.41,78.73,79.16
42.83,42.83,61.10,75.62,78.79
41.42,41.42,57.96,73.05,78.35
41.70,41.70,59.35,73.53,79.73
42.04,42.04,57.82,70.70,79.00
41.33,41.33,55.04,67.63,77.84
39.50,39.50,55.23,63.02,78.48
36.69,36.69,56.25,63.05,73.21
30.83,30.83,55.53,57.87,79.76
29.84,29.84,60.28,64.65,76.35
27.39,27.39,62.20,64.23,79.11
31.96,31.96,54.36,69.24,74.84
35.45,35.45,50.75,71.28,80.36
38.73,38.73,48.78,73.40,77.25
39.88,39.88,46.66,73.70,80.10
40.43,40.43,45.91,74.07,77.16
38.92,38.92,43.57,75.52,76.59
35.89,35.89,42.47,76.63,75.49
31.81,31.81,45.64,76.48,79.10
38.47,38.47,59.88,76.32,79.03
31.71,31.71,60.10,72.27,82.32
27.28,27.28,74.74,84.84,81.45
29.52,29.52,68.42,76.16,79.44
32.02,32.02,70.65,76.25,78.68
34.22,34.22,69.54,76.14,77.50
37.24,37.24,68.49,74.08,78.60
38.04,38.04,66.63,70.84,78.62
38.39,38.39,67.27,77.86,78.52
38.66,38.66,65.19,76.54,77.90
41.09,41.09,62.32,70.83,78.36
42.21,42.21,62.62,74.29,76.30
39.70,39.70,62.89,77.59,77.86
39.59,39.59,59.82,72.11,73.51
39.59,39.59,58.19,66.89,76.60
40.17,40.17,59.41,75.74,72.68
40.25,40.25,58.45,73.91,75.51
40.83,40.83,56.26,66.86,71.83
40.10,40.10,55.80,73.14,73.67
35.89,35.89,55.17,72.53,72.03
28.57,28.57,52.55,69.81,73.68
18.18,18.18,52.01,70.47,71.83
20.08,20.08,64.97,69.62,76.99
18.55,18.55,55.75,66.50,80.03
22.93,22.93,52.18,63.46,78.21
26.28,26.28,50.12,67.09,77.14
28.06,28.06,49.58,61.38,76.70
30.03,30.03,48.13,64.69,76.26
32.34,32.34,47.21,64.39,75.86
41.63,41.63,49.02,61.39,73.91
36.72,36.72,45.66,64.67,59.00
30.81,30.81,44.52,62.63,49.78
31.30,31.30,50.50,59.30,44.42
32.33,32.33,52.92,65.44,41.21
32.55,32.55,52.49,62.44,44.78
32.88,32.88,50.51,61.73,41.25
34.84,34.84,49.54,65.28,41.75
34.02,34.02,47.22,62.74,42.21
32.20,32.20,47.53,60.93,42.57
28.27,28.27,45.55,60.13,47.73
27.37,27.37,45.19,59.20,51.31
25.86,25.86,46.12,59.20,81.32
24.87,24.87,46.11,57.61,79.36
27.58,27.58,53.62,57.48,77.90
27.47,27.47,51.98,57.63,77.22
27.91,27.91,51.29,57.41,76.71
28.17,28.17,49.35,56.97,76.48
29.79,29.79,48.55,56.54,76.28
30.74,30.74,48.44,56.14,76.02
32.13,32.13,46.74,55.79,75.98
31.46,31.46,44.11,55.68,75.70
29.65,29.65,45.11,56.04,75.67
23.58,23.58,48.80,56.11,76.18
24.31,24.31,63.18,64.36,73.67
17.36,17.36,67.62,78.54,66.05
23.79,23.79,69.18,87.71,66.24
24.70,24.70,69.42,87.99,74.11
28.90,28.90,67.39,86.37,73.55
33.64,33.64,66.88,84.54,73.27
37.92,37.92,56.48,82.12,72.63
42.66,42.66,53.37,82.08,72.66
42.59,42.59,62.16,84.25,72.41
42.90,42.90,61.35,84.87,71.82
43.70,43.70,59.66,83.22,71.99
41.88,41.88,57.15,83.86,71.89
42.49,42.49,54.03,81.04,71.47
42.10,42.10,53.37,84.33,71.71
40.88,40.88,50.52,83.49,71.53
38.49,38.49,49.26,84.51,71.18
37.92,37.92,48.52,82.01,71.52
35.96,35.96,46.24,82.41,71.11
34.79,34.79,43.47,83.15,71.02
30.43,30.43,44.06,82.30,71.60
24.00,24.00,42.86,83.62,72.02
24.40,24.40,50.00,81.81,81.41
24.81,24.81,51.05,83.54,79.19
28.90,28.90,50.39,81.03,82.38
30.69,30.69,47.86,82.41,81.63
32.30,32.30,46.30,79.95,80.79
35.66,35.66,45.61,81.87,80.75
35.05,35.05,43.13,81.33,77.02
32.80,32.80,42.13,81.52,77.76
28.39,28.39,43.88,81.35,74.22
20.24,20.24,51.14,78.83,70.52
17.38,17.38,64.15,80.56,69.90
17.20,17.20,67.24,76.57,69.03
20.71,20.71,75.31,85.03,68.81
25.57,25.57,61.09,74.95,69.50
30.75,30.75,58.72,76.79,69.72
34.70,34.70,64.61,76.60,69.85
34.84,34.84,65.32,81.82,69.68
34.39,34.39,63.85,82.47,69.69
34.02,34.02,57.79,78.40,69.56
34.73,34.73,57.26,79.43,69.23
33.17,33.17,54.80,78.53,69.81
34.18,34.18,55.51,75.99,69.89
33.59,33.59,54.48,79.19,69.22
34.80,34.80,54.39,81.11,69.63
35.79,35.79,52.64,79.83,69.62
36.01,36.01,51.15,81.75,69.06
36.86,36.86,49.73,78.23,69.31
36.86,36.86,47.27,80.20,69.24
37.23,37.23,46.52,78.79,68.74
37.36,37.36,45.61,79.56,69.00
34.07,34.07,44.67,82.00,68.30
29.43,29.43,47.81,79.10,69.16
23.56,23.56,53.65,82.02,68.59
20.98,20.98,52.30,78.24,73.56
23.01,23.01,49.55,79.61,82.72
29.20,29.20,47.77,79.04,83.22
30.57,30.57,46.59,77.45,81.12
30.85,30.85,46.22,80.92,77.16
30.14,30.14,44.90,78.14,83.00
28.68,28.68,43.97,79.26,80.27
21.73,21.73,44.70,77.74,73.32
14.70,14.70,47.43,78.05,71.64
21.01,21.01,61.98,77.68,67.53
25.57,25.57,57.72,79.12,68.78
29.14,29.14,52.74,78.19,66.88
30.35,30.35,49.74,78.97,67.70
31.76,31.76,49.50,78.83,67.49
32.39,32.39,48.62,77.84,67.02
32.32,32.32,47.04,78.89,66.75
31.61,31.61,46.18,76.27,67.09
31.58,31.58,45.75,79.34,66.73
28.48,28.48,44.27,77.00,66.69
22.82,22.82,48.27,71.36,66.65
18.96,18.96,53.46,62.60,66.85
17.77,17.77,52.55,53.98,68.51
20.10,20.10,50.32,51.36,82.33
23.50,23.50,48.80,46.34,80.61
24.81,24.81,47.65,46.92,79.92
27.87,27.87,47.26,44.45,78.46
30.06,30.06,45.43,47.72,78.67
30.83,30.83,43.41,52.15,79.68
31.13,31.13,45.01,53.53,80.30
29.61,29.61,48.65,58.93,80.15
34.10,34.10,61.17,70.32,77.51
32.29,32.29,65.62,79.68,77.52
30.42,30.42,72.34,88.58,79.01
29.47,29.47,69.66,88.06,80.35
29.26,29.26,66.57,84.04,76.02
32.00,32.00,65.25,84.22,79.28
31.73,31.73,52.64,78.94,80.68
30.83,30.83,58.91,83.07,78.86
32.30,32.30,61.70,82.71,77.69
31.92,31.92,61.94,83.97,78.40
32.00,32.00,60.28,82.98,79.56
31.79,31.79,54.94,81.52,79.64
31.22,31.22,54.20,83.46,79.16
31.87,31.87,53.00,82.80,77.56
32.78,32.78,50.65,84.24,77.85
34.72,34.72,47.54,81.85,80.89
36.26,36.26,46.36,83.86,78.86
35.91,35.91,44.16,81.84,77.24
32.46,32.46,43.00,83.58,80.82
27.30,27.30,44.46,81.75,77.23
19.56,19.56,44.88,83.39,79.14
18.58,18.58,64.85,83.21,78.60
18.80,18.80,55.94,83.09,78.63
20.32,20.32,52.01,82.70,77.62
23.40,23.40,49.44,80.60,77.36
26.92,26.92,48.14,83.06,77.52
29.27,29.27,47.60,81.44,78.14
31.51,31.51,45.50,83.45,78.29
31.20,31.20,43.69,80.67,75.75
33.32,33.32,44.47,82.56,76.94
28.27,28.27,53.92,80.90,79.44
30.59,30.59,65.48,81.34,76.96
34.34,34.34,65.73,75.75,77.18
31.21,31.21,73.74,84.70,76.62
32.95,32.95,58.75,75.45,75.25
32.62,32.62,61.76,75.83,75.11
34.03,34.03,67.52,82.27,75.94
33.52,33.52,62.07,80.42,75.64
32.92,32.92,63.19,84.27,76.20
33.34,33.34,57.90,79.92,78.24
32.03,32.03,55.48,78.38,77.33
31.77,31.77,55.26,81.13,76.17
35.83,35.83,54.46,78.55,76.40
34.96,34.96,54.86,83.00,77.73
35.28,35.28,52.72,81.01,76.63
35.74,35.74,50.81,82.03,75.13
36.33,36.33,48.36,80.54,76.96
37.23,37.23,47.36,79.69,78.52
37.42,37.42,45.60,79.77,75.68
35.50,35.50,44.10,80.67,76.30
33.95,33.95,44.49,80.59,75.77
29.84,29.84,45.07,81.11,77.26
31.31,31.31,58.75,80.83,74.47
23.17,23.17,59.92,80.02,66.33
17.41,17.41,52.90,80.87,70.35
19.49,19.49,53.50,77.62,67.30
15.81,15.81,52.30,81.24,78.65
14.15,14.15,49.36,79.07,77.40
16.49,16.49,47.92,80.74,76.25
19.39,19.39,46.67,80.94,75.83
20.44,20.44,45.21,78.67,75.16
22.25,22.25,44.83,80.77,74.74
23.00,23.00,47.50,78.40,74.72
28.55,28.55,55.10,78.96,73.74
27.69,27.69,52.20,79.52,67.27
29.96,29.96,51.39,79.75,59.19
30.59,30.59,49.53,79.19,49.68
29.78,29.78,48.51,80.25,44.03
30.09,30.09,48.59,77.35,42.53
30.82,30.82,46.73,68.57,42.69
33.67,33.67,44.72,64.94,51.48
32.85,32.85,44.57,62.13,56.99
25.25,25.25,44.01,65.31,59.83
22.71,22.71,50.98,59.47,60.74
25.40,25.40,55.42,61.74,77.51
21.07,21.07,53.31,57.29,79.40
18.93,18.93,50.60,61.77,78.20
20.38,20.38,50.16,56.06,77.50
23.12,23.12,49.50,61.90,76.66
25.35,25.35,47.63,57.18,76.87
25.06,25.06,46.90,60.12,76.49
24.43,24.43,47.17,55.58,76.24
19.72,19.72,51.96,55.95,76.89
14.60,14.60,56.93,59.78,76.94
15.06,15.06,67.51,71.88,78.27
17.41,17.41,70.56,80.90,79.73
21.46,21.46,72.29,85.46,78.08
26.49,26.49,67.86,83.52,77.60
29.62,29.62,69.72,83.60,80.79
33.77,33.77,69.53,84.72,76.59
31.31,31.31,66.99,78.05,72.80
30.26,30.26,64.97,77.97,73.63
30.59,30.59,66.11,82.12,73.71
31.42,31.42,63.24,78.15,73.24
34.54,34.54,60.90,70.85,73.04
35.98,35.98,60.89,78.13,72.66
37.93,37.93,60.07,77.48,72.52
38.41,38.41,57.22,70.42,72.28
40.42,40.42,57.46,72.82,72.26
40.43,40.43,57.23,71.42,72.36
41.94,41.94,53.93,68.33,72.08
39.60,39.60,52.46,64.76,71.73
38.39,38.39,52.47,59.22,71.67
33.45,33.45,52.32,60.10,71.54
30.49,30.49,54.33,63.05,71.32
30.05,30.05,54.47,65.26,79.80
29.07,29.07,53.21,67.45,81.93
31.31,31.31,51.11,72.24,80.54
34.14,34.14,48.62,71.71,82.68
36.77,36.77,46.49,71.83,73.61
38.25,38.25,44.56,74.06,82.68
38.09,38.09,43.16,75.29,77.55
35.04,35.04,42.31,74.14,77.56
32.09,32.09,45.47,74.64,74.69
23.12,23.12,55.46,76.80,71.72
19.66,19.66,64.69,70.65,71.33
16.88,16.88,73.52,85.27,71.52
21.77,21.77,68.07,78.61,71.71
26.17,26.17,70.21,78.04,71.59
31.90,31.90,70.59,76.01,71.69
33.68,33.68,70.97,72.06,70.84
35.41,35.41,66.18,74.09,70.55
34.85,34.85,67.59,78.03,70.32
35.50,35.50,65.07,76.69,69.94
34.60,34.60,62.63,71.33,70.71
34.06,34.06,61.70,76.05,70.51
34.54,34.54,62.94,78.45,70.83
35.29,35.29,60.81,71.96,70.14
35.95,35.95,58.91,70.76,70.25
36.60,36.60,60.01,75.10,69.65
36.67,36.67,58.22,74.30,70.33
36.98,36.98,55.55,65.64,69.61
37.10,37.10,54.82,73.28,70.12
35.67,35.67,55.59,73.63,69.40
36.01,36.01,52.49,68.09,69.84
32.68,32.68,50.48,71.83,69.26
37.13,37.13,54.45,69.22,68.77
32.41,32.41,52.68,65.90,70.52
31.47,31.47,51.83,67.37,78.42
31.12,31.12,49.81,63.58,83.33
33.14,33.14,48.13,62.38,80.59
35.21,35.21,46.73,64.58,79.72
35.30,35.30,44.68,62.92,79.52
33.35,33.35,44.18,61.29,79.53
29.76,29.76,45.09,64.83,76.36
21.81,21.81,45.10,60.12,74.49
17.49,17.49,56.81,59.97,69.58
15.73,15.73,61.62,65.52,69.24
17.05,17.05,53.91,60.53,69.14
20.05,20.05,50.60,62.12,68.98
22.25,22.25,49.30,65.89,67.95
25.40,25.40,48.17,64.80,68.09
27.84,27.84,47.43,62.84,68.34
30.54,30.54,45.95,66.95,68.08
31.62,31.62,43.75,66.23,67.90
31.13,31.13,42.87,64.22,67.62
27.20,27.20,42.81,65.69,68.15
31.58,31.58,52.93,66.50,67.55
28.79,28.79,51.12,64.01,79.20
30.47,30.47,50.37,60.04,80.99
31.72,31.72,47.76,58.38,82.25
33.51,33.51,46.72,56.94,77.19
35.31,35.31,46.09,55.94,81.30
37.48,37.48,43.82,55.78,79.22
37.49,37.49,41.57,55.74,80.51
37.21,37.21,42.10,55.88,77.70
36.14,36.14,45.24,51.22,81.56
37.97,37.97,57.19,54.32,77.10
36.68,36.68,67.86,75.35,80.91
35.14,35.14,70.97,83.91,76.65
36.26,36.26,71.28,85.26,79.54
37.16,37.16,67.20,82.26,75.18
37.16,37.16,68.27,85.14,79.19
38.22,38.22,66.43,82.52,79.75
38.24,38.24,65.60,76.13,80.89
38.35,38.35,64.90,79.35,75.72
37.34,37.34,64.72,82.22,79.01
36.64,36.64,62.37,74.83,76.98
42.84,42.84,60.61,75.22,76.26
40.89,40.89,61.32,78.98,79.34
40.69,40.69,58.59,75.11,73.75
40.09,40.09,56.01,71.49,76.33
40.39,40.39,56.78,71.42,77.74
41.14,41.14,56.58,71.69,78.14
39.98,39.98,52.69,65.16,77.13
38.24,38.24,53.37,64.36,78.32
35.45,35.45,53.97,61.36,72.50
27.42,27.42,53.30,55.03,79.40
26.15,26.15,59.97,63.60,74.45
22.75,22.75,60.75,65.97,74.46
28.52,28.52,53.36,69.22,75.05
32.94,32.94,50.31,71.37,77.21
35.51,35.51,48.69,72.15,76.98
36.39,36.39,46.28,72.93,78.29
38.63,38.63,45.65,75.82,76.36
37.86,37.86,44.24,75.05,76.78
35.92,35.92,43.36,74.98,77.05
32.04,32.04,46.69,76.71,77.27
29.07,29.07,57.05,76.62,76.98
37.32,37.32,64.91,72.87,79.29
30.64,30.64,74.89,83.41,82.72
25.84,25.84,65.81,76.44,80.02
27.89,27.89,70.38,75.88,79.17
31.03,31.03,68.73,72.87,78.44
34.31,34.31,67.63,77.26,78.96
36.28,36.28,64.54,70.54,78.20
36.09,36.09,66.74,77.10,80.29
36.91,36.91,64.26,75.08,78.06
41.64,41.64,61.23,71.04,79.02
41.77,41.77,61.78,74.76,74.70
38.88,38.88,60.33,77.19,77.29
39.50,39.50,58.61,70.32,74.40
39.61,39.61,57.45,68.13,76.67
40.03,40.03,59.32,74.92,75.51
40.43,40.43,57.13,73.66,74.44
41.54,41.54,54.88,63.68,73.65
40.10,40.10,54.51,72.98,72.81
37.23,37.23,53.30,73.06,73.43
31.09,31.09,51.07,67.02,72.86
23.64,23.64,54.51,69.53,74.87
19.86,19.86,64.08,70.52,80.54
20.81,20.81,55.28,65.16,78.46
24.29,24.29,51.90,61.63,77.41
27.22,27.22,49.68,67.96,76.34
30.07,30.07,48.80,62.16,75.77
32.54,32.54,48.27,63.20,75.87
39.14,39.14,49.90,66.07,74.14
36.19,36.19,46.20,61.05,57.80
32.83,32.83,45.00,63.93,49.52
33.59,33.59,45.02,63.57,43.15
33.60,33.60,51.00,59.35,45.08
33.18,33.18,52.33,62.91,41.65
34.39,34.39,52.04,65.34,42.93
35.71,35.71,50.28,62.23,41.43
36.33,36.33,48.89,64.46,41.54
36.32,36.32,47.65,66.90,43.38
32.32,32.32,46.15,63.35,49.28
25.71,25.71,45.31,62.87,50.64
26.44,26.44,48.36,61.42,64.70
24.71,24.71,45.92,60.68,81.75
24.72,24.72,47.37,60.16,79.69
26.01,26.01,53.42,60.01,78.56
26.91,26.91,51.77,60.12,78.06
27.28,27.28,50.86,59.88,77.44
28.43,28.43,49.07,59.16,77.25
29.39,29.39,48.02,58.91,77.06
30.82,30.82,47.04,58.71,76.89
31.80,31.80,46.07,58.32,76.74
30.63,30.63,44.00,58.05,76.77
27.61,27.61,45.88,57.57,76.71
22.15,22.15,52.09,57.04,76.89
22.89,22.89,65.14,67.28,76.65
19.14,19.14,66.94,79.88,70.71
24.25,24.25,67.90,86.65,70.95
31.35,31.35,68.46,88.82,72.14
36.74,36.74,65.32,86.52,72.21
38.56,38.56,62.40,83.18,71.91
36.49,36.49,51.67,82.27,72.08
39.55,39.55,52.94,81.48,71.69
39.81,39.81,59.29,84.65,71.21
42.09,42.09,55.36,83.30,71.34
42.12,42.12,57.45,84.10,71.10
41.84,41.84,54.69,81.56,70.88
41.11,41.11,53.31,82.28,71.03
40.80,40.80,51.83,83.60,70.89
39.25,39.25,49.60,83.78,70.62
37.82,37.82,49.02,83.51,70.75
37.65,37.65,48.37,81.11,70.39
35.50,35.50,46.44,83.13,70.53
32.47,32.47,44.66,81.31,70.56
26.96,26.96,44.14,83.14,70.18
19.61,19.61,43.98,80.84,70.01
22.28,22.28,52.05,83.16,81.35
25.18,25.18,51.64,81.37,76.92
28.94,28.94,50.49,81.74,81.88
30.37,30.37,48.03,81.05,79.69
32.05,32.05,47.00,79.76,80.02
34.44,34.44,46.01,81.89,80.79
35.55,35.55,43.74,80.43,76.82
33.16,33.16,43.36,81.89,73.98
29.33,29.33,43.90,78.80,71.48
21.65,21.65,49.84,80.83,69.31
17.36,17.36,61.72,78.58,69.62
18.21,18.21,67.73,76.16,69.05
22.52,22.52,76.30,83.89,67.54
28.28,28.28,63.89,75.02,68.98
30.39,30.39,59.69,75.51,69.47
35.80,35.80,61.98,78.60,68.80
35.92,35.92,59.61,81.50,69.02
35.87,35.87,63.51,80.87,69.14
34.79,34.79,55.07,80.53,68.68
36.03,36.03,56.78,77.34,68.79
34.35,34.35,60.28,80.42,68.92
36.00,36.00,56.08,74.63,68.83
35.53,35.53,54.78,80.21,68.79
36.35,36.35,54.25,80.66,68.70
37.32,37.32,51.90,79.13,68.55
37.57,37.57,50.75,81.44,68.84
37.33,37.33,48.79,76.75,68.34
37.83,37.83,47.78,80.64,68.07
37.66,37.66,46.54,76.98,68.28
38.08,38.08,45.31,80.06,68.19
36.06,36.06,44.50,80.63,67.68
35.88,35.88,48.43,79.16,67.97
33.06,33.06,53.51,80.76,67.79
26.59,26.59,52.14,78.19,68.30
25.45,25.45,50.04,78.93,74.41
23.91,23.91,48.63,77.68,80.97
25.34,25.34,47.56,78.91,76.99
26.48,26.48,46.92,77.94,79.99
26.55,26.55,45.25,79.28,80.33
24.64,24.64,44.64,77.86,80.16
20.28,20.28,45.10,77.94,74.58
13.73,13.73,48.43,77.12,74.21
15.34,15.34,63.99,76.48,71.75
23.18,23.18,55.73,78.55,67.64
28.63,28.63,52.71,76.41,67.42
29.20,29.20,49.77,79.75,66.77
29.91,29.91,48.76,76.84,66.38
31.44,31.44,48.63,78.08,66.56
31.25,31.25,47.60,77.71,66.17
32.04,32.04,46.12,76.24,65.81
32.29,32.29,45.16,78.33,66.20
29.49,29.49,44.26,76.68,65.88
23.97,23.97,49.43,77.58,65.85
19.54,19.54,53.15,76.20,66.66
22.04,22.04,52.66,76.84,79.20
26.62,26.62,50.00,72.74,79.51
26.21,26.21,48.88,65.42,80.05
26.31,26.31,46.71,57.37,80.37
29.26,29.26,46.95,49.65,81.40
31.49,31.49,44.76,50.83,76.97
31.50,31.50,43.44,49.13,80.22
29.86,29.86,45.21,54.63,78.96
27.81,27.81,53.29,60.04,79.68
34.35,34.35,60.73,71.93,77.40
30.08,30.08,63.93,80.45,78.48
28.97,28.97,72.34,89.81,79.33
29.91,29.91,66.02,87.07,78.68
30.34,30.34,64.99,86.29,78.67
35.18,35.18,60.57,83.85,76.76
37.47,37.47,48.47,80.74,77.44
35.15,35.15,56.39,82.70,77.44
35.69,35.69,58.74,83.26,77.26
37.63,37.63,56.91,84.05,76.20
37.81,37.81,56.06,81.95,76.22
36.07,36.07,53.04,83.47,75.23
37.06,37.06,52.08,81.78,76.47
37.06,37.06,50.36,84.08,75.45
36.91,36.91,48.67,81.17,77.39
37.23,37.23,45.94,83.16,75.14
39.19,39.19,45.09,82.12,75.96
37.59,37.59,43.51,82.20,76.64
33.93,33.93,43.74,82.51,76.15
28.55,28.55,44.66,80.85,78.22
25.16,25.16,47.11,83.58,74.92
23.95,23.95,64.62,81.94,77.16
24.29,24.29,55.35,83.37,77.37
28.76,28.76,51.91,80.14,77.18
30.50,30.50,49.30,82.30,77.84
32.19,32.19,47.98,81.26,75.93
34.17,34.17,47.26,82.71,77.87
35.87,35.87,45.48,81.92,78.09
35.72,35.72,43.24,81.30,76.41
36.54,36.54,44.17,82.69,75.91
32.56,32.56,50.10,80.80,76.56
35.83,35.83,63.29,81.40,77.60
40.71,40.71,69.96,77.73,75.77
37.53,37.53,72.43,84.43,75.82
39.43,39.43,59.89,73.09,77.05
39.75,39.75,57.48,77.16,75.80
39.57,39.57,63.04,81.34,77.57
39.00,39.00,59.04,81.79,72.56
37.92,37.92,60.83,83.68,74.86
36.62,36.62,53.89,80.14,75.17
34.18,34.18,50.17,76.93,74.31
30.02,30.02,55.63,80.37,75.71
32.17,32.17,53.73,79.22,73.20
34.05,34.05,55.51,79.95,78.83
26.26,26.26,50.90,82.65,81.70
21.04,21.04,48.19,79.12,78.82
22.40,22.40,46.69,80.61,78.64
25.23,25.23,47.33,76.95,78.90
27.04,27.04,46.88,68.89,77.94
26.37,26.37,44.41,70.09,77.34
24.50,24.50,45.17,67.45,76.53
19.94,19.94,45.81,67.60,76.76
23.67,23.67,60.72,63.94,75.92
23.11,23.11,59.91,67.23,72.11
27.64,27.64,52.76,63.56,66.19
36.34,36.34,50.18,68.23,64.12
37.82,37.82,49.17,63.99,64.07
39.44,39.44,49.20,66.57,64.29
39.25,39.25,47.82,63.86,63.07
43.04,43.04,45.88,66.66,62.94
43.21,43.21,44.99,61.56,60.20
39.71,39.71,46.66,65.57,54.88
30.18,30.18,57.78,63.09,50.84
21.91,21.91,63.74,79.45,57.39
25.81,25.81,65.45,83.37,72.03
26.45,26.45,69.52,89.16,81.62
31.71,31.71,66.33,88.18,79.07
32.74,32.74,66.21,84.52,78.20
30.96,30.96,57.21,80.29,77.40
30.84,30.84,53.43,82.35,77.18
33.71,33.71,57.59,84.30,76.86
35.64,35.64,59.98,83.42,76.46
37.36,37.36,57.68,75.04,76.60
44.71,44.71,54.77,63.72,75.55
38.71,38.71,55.40,62.44,62.02
33.38,33.38,56.55,60.60,51.50
34.43,34.43,59.03,59.95,50.07
34.19,34.19,55.61,60.19,50.45
33.07,33.07,55.52,59.89,51.46
32.41,32.41,49.87,59.02,51.13
30.16,30.16,47.11,60.00,52.62
25.81,25.81,45.62,56.02,56.88
20.08,20.08,46.75,59.40,56.64
22.91,22.91,59.70,58.46,73.16
23.44,23.44,69.54,77.41,83.56
21.17,21.17,69.78,78.35,82.36
27.52,27.52,69.23,76.32,81.39
29.16,29.16,68.11,73.36,80.15
27.41,27.41,68.36,73.82,80.88
27.61,27.61,66.22,69.28,81.88
28.49,28.49,64.83,65.51,81.46
35.67,35.67,58.81,60.28,81.52
34.84,34.84,53.95,66.38,81.92
32.27,32.27,61.11,69.63,79.90
31.76,31.76,59.88,71.53,79.77
30.21,30.21,58.41,71.58,79.47
28.87,28.87,54.76,69.58,79.19
27.06,27.06,50.81,65.71,79.51
29.83,29.83,51.82,66.17,80.25
29.80,29.80,51.03,66.09,80.80
28.19,28.19,48.95,69.48,81.81
29.65,29.65,47.80,70.81,80.84
27.24,27.24,45.50,70.52,80.87
25.29,25.29,41.97,69.44,80.03
26.10,26.10,46.40,66.37,79.07
28.27,28.27,51.26,65.57,79.46
28.21,28.21,50.59,65.96,80.26
28.79,28.79,48.16,67.21,80.47
29.57,29.57,46.93,67.47,79.79
31.11,31.11,45.78,66.18,79.34
31.45,31.45,45.25,64.95,79.97
31.52,31.52,42.79,61.41,80.41
29.71,29.71,41.96,64.67,80.39
29.33,29.33,43.70,65.59,80.96
27.43,27.43,45.06,65.55,79.75
29.14,29.14,62.76,65.14,78.85
29.60,29.60,55.60,65.92,78.34
29.73,29.73,51.52,67.23,78.45
30.22,30.22,47.37,68.19,80.03
30.10,30.10,46.97,67.55,80.57
31.24,31.24,46.49,66.84,80.90
32.10,32.10,44.96,66.45,80.40
31.41,31.41,43.40,67.38,79.48
30.76,30.76,42.88,66.44,79.38
30.00,30.00,42.17,66.29,78.85
31.37,31.37,46.87,66.75,77.74
32.65,32.65,51.72,67.99,77.85
31.47,31.47,51.00,66.92,78.96
30.74,30.74,48.40,66.18,79.96
30.93,30.93,48.02,66.59,79.91
30.95,30.95,46.20,66.96,80.24
32.69,32.69,46.25,66.25,79.09
32.56,32.56,43.99,65.80,78.09
31.51,31.51,42.58,64.95,77.56
31.69,31.69,42.21,65.69,77.83
30.55,30.55,41.56,64.04,78.10
38.70,38.70,52.25,63.54,79.07
36.76,36.76,50.35,63.67,78.34
37.07,37.07,49.90,64.05,77.25
37.11,37.11,47.40,61.48,78.32
37.17,37.17,45.85,60.81,79.13
38.60,38.60,45.33,61.09,78.68
38.40,38.40,43.44,62.62,78.29
36.14,36.14,41.98,62.00,78.28
33.25,33.25,42.97,61.68,77.41
29.29,29.29,44.47,60.51,78.13
32.44,32.44,58.58,60.74,77.04
30.28,30.28,60.16,58.33,81.25
26.42,26.42,52.10,58.81,80.98
28.50,28.50,48.72,60.28,79.37
30.73,30.73,47.59,59.41,77.87
33.64,33.64,44.90,59.46,78.30
35.94,35.94,44.86,59.43,77.84
36.11,36.11,43.48,60.11,76.87
37.80,37.80,42.39,60.06,76.98
45.89,45.89,44.74,60.38,76.17
44.40,44.40,45.14,61.52,64.91
39.27,39.27,52.91,62.45,50.89
38.80,38.80,51.30,62.18,45.47
37.39,37.39,50.51,53.43,43.30
37.11,37.11,47.74,45.42,38.76
37.70,37.70,47.64,37.19,30.15
38.67,38.67,47.67,24.56,32.16
39.29,39.29,44.99,16.21,37.98
36.48,36.48,42.59,19.69,43.65
29.38,29.38,43.87,31.74,46.24
23.79,23.79,45.07,43.43,54.77
28.21,28.21,56.95,62.93,83.01
27.04,27.04,69.80,81.66,81.51
25.23,25.23,68.36,79.24,81.58
25.54,25.54,68.54,77.72,80.38
28.19,28.19,68.25,73.15,82.60
29.31,29.31,67.95,73.20,80.15
29.40,29.40,65.45,66.53,79.63
29.36,29.36,65.89,69.46,81.63
29.08,29.08,55.96,61.03,79.71
28.99,28.99,55.54,64.83,80.54
27.44,27.44,61.69,69.44,79.71
28.28,28.28,59.73,70.54,80.32
28.18,28.18,58.60,72.42,78.96
28.19,28.19,55.04,70.74,80.46
29.25,29.25,50.27,65.92,78.72
28.35,28.35,49.54,66.13,79.74
29.19,29.19,51.28,66.26,79.57
28.71,28.71,49.73,68.46,78.63
26.58,26.58,49.05,70.47,81.23
25.32,25.32,46.59,71.08,78.38
24.65,24.65,45.20,67.55,78.62
26.58,26.58,58.54,63.83,78.64
23.58,23.58,58.75,64.52,79.60
23.75,23.75,51.39,66.04,77.58
25.79,25.79,49.09,69.20,78.90
25.84,25.84,47.94,69.31,78.82
25.51,25.51,47.02,68.17,78.59
26.05,26.05,45.76,63.70,79.30
25.25,25.25,44.42,63.19,77.64
25.31,25.31,43.91,63.23,79.31
24.19,24.19,45.56,65.19,76.26
24.21,24.21,51.49,65.14,78.37
32.98,32.98,63.28,75.44,79.65
30.34,30.34,73.91,84.74,78.29
28.04,28.04,63.91,75.84,77.22
26.64,26.64,67.78,67.51,77.00
25.90,25.90,63.87,74.70,80.12
25.87,25.87,67.77,74.97,79.12
25.78,25.78,66.43,73.30,78.72
23.16,23.16,61.20,70.63,76.20
24.36,24.36,60.48,69.50,77.65
21.84,21.84,56.99,73.58,78.57
24.82,24.82,56.92,71.25,79.28
24.69,24.69,57.27,68.04,76.47
27.02,27.02,58.39,67.94,76.83
25.42,25.42,59.36,71.63,78.34
25.89,25.89,50.12,68.58,77.54
25.31,25.31,51.71,67.72,77.82
26.18,26.18,50.23,66.65,76.23
25.02,25.02,55.81,70.41,77.71
24.25,24.25,46.86,69.68,77.90
22.65,22.65,53.59,69.36,77.68
25.36,25.36,59.13,68.15,76.18
24.60,24.60,63.16,66.24,76.06
24.28,24.28,54.53,67.99,76.87
37.22,37.22,55.08,63.92,76.88
39.83,39.83,54.32,67.63,82.95
34.90,34.90,50.76,66.57,78.91
35.35,35.35,50.83,67.91,78.87
34.89,34.89,49.28,65.15,77.78
36.62,36.62,48.81,66.26,77.38
38.58,38.58,47.48,65.22,76.76
41.06,41.06,47.51,66.77,76.79
43.06,43.06,53.48,67.08,76.33
42.29,42.29,53.15,65.04,69.88
33.14,33.14,51.95,64.15,54.35
30.25,30.25,50.28,65.96,50.29
34.77,34.77,49.55,63.23,49.03
35.94,35.94,48.42,64.82,51.32
35.10,35.10,47.14,63.10,52.11
29.05,29.05,46.02,63.15,50.58
21.43,21.43,45.47,59.84,52.84
26.52,26.52,45.45,61.96,55.01
30.88,30.88,52.33,57.14,82.11
25.27,25.27,53.91,61.24,79.41
23.91,23.91,52.83,59.71,77.98
23.96,23.96,51.10,57.72,77.40
25.71,25.71,49.57,59.82,76.67
28.98,28.98,48.39,58.78,76.31
30.78,30.78,47.88,59.83,76.53
32.73,32.73,45.83,59.27,76.08
32.34,32.34,44.64,59.95,75.96
29.99,29.99,46.19,55.88,76.29
22.30,22.30,51.04,58.20,76.22
20.84,20.84,65.44,67.93,78.97
20.07,20.07,67.60,77.55,82.88
21.84,21.84,67.38,85.24,81.46
25.35,25.35,66.55,83.17,82.27
27.55,27.55,63.12,81.53,78.59
30.49,30.49,64.96,84.39,81.09
32.49,32.49,62.15,78.74,80.14
33.34,33.34,59.93,75.64,80.08
34.55,34.55,61.10,79.80,81.12
34.50,34.50,60.26,78.39,79.25
37.90,37.90,58.98,71.97,80.62
41.29,41.29,59.85,73.73,78.57
41.45,41.45,59.53,77.21,79.24
40.58,40.58,55.01,72.91,79.91
39.87,39.87,55.07,68.86,80.77
39.65,39.65,55.09,70.49,78.80
39.73,39.73,52.27,68.74,80.62
39.07,39.07,50.99,63.17,79.18
37.03,37.03,53.04,62.88,79.75
36.41,36.41,51.23,55.55,78.69
34.94,34.94,50.97,58.78,79.79
43.55,43.55,51.76,64.54,78.13
41.55,41.55,49.21,63.68,81.31
41.70,41.70,49.34,69.94,76.89
41.12,41.12,46.77,71.04,78.33
40.69,40.69,44.55,69.42,79.15
41.42,41.42,43.50,72.70,77.38
39.71,39.71,41.98,75.09,77.99
37.55,37.55,40.73,73.65,78.66
34.12,34.12,42.51,74.61,78.86
30.48,30.48,50.05,75.90,78.70
36.79,36.79,64.09,76.10,82.88
29.47,29.47,60.77,74.82,81.02
30.24,30.24,52.72,74.76,81.22
32.62,32.62,49.53,76.17,78.79
36.51,36.51,47.59,75.40,79.93
38.35,38.35,46.07,75.11,77.18
39.83,39.83,45.43,75.07,79.37
40.17,40.17,44.04,76.11,77.00
39.73,39.73,41.59,75.03,78.03
40.02,40.02,41.73,74.09,78.13
39.19,39.19,41.89,74.65,78.27
42.55,42.55,51.91,75.10,78.04
36.74,36.74,50.78,73.23,76.43
37.55,37.55,51.81,73.36,72.26
37.24,37.24,49.02,73.63,78.02
37.36,37.36,47.12,72.47,76.63
38.57,38.57,46.31,71.48,75.65
38.90,38.90,44.70,69.79,74.80
38.84,38.84,42.45,71.16,74.45
39.01,39.01,42.45,69.70,74.11
40.20,40.20,43.01,67.46,73.77
41.46,41.46,48.57,67.97,68.95
43.11,43.11,51.78,67.93,59.73
42.20,42.20,50.30,65.36,50.53
41.20,41.20,48.50,64.61,43.72
42.26,42.26,47.24,63.09,39.04
40.55,40.55,44.35,62.91,41.48
40.16,40.16,44.84,60.30,45.31
36.60,36.60,43.78,57.81,47.02
28.78,28.78,44.76,56.42,46.70
23.36,23.36,51.79,52.93,67.28
17.42,17.42,54.17,59.40,78.53
19.66,19.66,65.38,69.60,76.57
22.11,22.11,66.65,79.00,76.58
26.19,26.19,65.00,80.50,76.50
28.87,28.87,62.88,79.93,75.72
30.51,30.51,62.51,81.15,75.78
32.28,32.28,63.06,80.97,75.66
34.88,34.88,60.73,75.00,75.12
36.81,36.81,59.90,74.49,75.31
38.79,38.79,61.22,78.87,75.01
40.62,40.62,57.60,75.17,74.95
39.31,39.31,56.89,69.16,73.39
32.87,32.87,57.16,74.96,65.25
31.03,31.03,56.15,73.17,61.25
31.49,31.49,53.54,66.98,76.94
32.21,32.21,53.34,68.65,74.50
34.15,34.15,52.44,70.07,73.90
34.66,34.66,50.16,66.96,72.35
33.75,33.75,47.39,63.48,72.52
31.98,31.98,47.25,62.08,71.46
28.08,28.08,47.75,58.17,72.36
24.81,24.81,50.81,59.24,76.43
25.08,25.08,65.85,78.59,79.07
25.09,25.09,63.51,72.34,78.86
24.74,24.74,68.18,85.39,77.32
24.96,24.96,66.38,84.47,78.24
27.31,27.31,64.96,85.28,78.69
30.30,30.30,64.22,85.75,75.93
31.48,31.48,59.50,83.01,76.68
30.90,30.90,59.94,84.20,77.00
29.72,29.72,59.61,83.39,78.81
29.16,29.16,57.23,80.43,76.98
34.17,34.17,58.59,81.43,77.76
33.67,33.67,56.82,81.03,76.99
35.02,35.02,54.82,79.21,75.88
34.69,34.69,52.98,79.85,76.23
35.63,35.63,51.66,77.80,75.96
37.57,37.57,51.00,75.56,77.66
37.65,37.65,48.26,77.61,76.81
36.84,36.84,47.37,78.13,76.84
34.43,34.43,45.56,76.49,76.78
27.97,27.97,47.24,78.32,76.62
24.24,24.24,51.95,77.09,76.09
23.11,23.11,63.83,77.44,75.59
24.81,24.81,55.21,77.99,75.96
29.32,29.32,51.20,77.13,77.20
31.31,31.31,48.83,74.86,77.08
33.49,33.49,47.29,77.17,75.69
35.73,35.73,46.52,76.27,76.79
36.57,36.57,44.85,75.49,76.33
35.29,35.29,42.50,76.04,75.44
36.83,36.83,41.81,74.85,75.35
36.44,36.44,41.01,73.55,75.34
43.12,43.12,49.02,75.25,77.50
44.08,44.08,49.83,75.14,73.99
43.21,43.21,48.43,73.80,72.33
42.26,42.26,45.59,74.65,74.46
42.57,42.57,45.89,73.32,73.98
41.06,41.06,44.71,72.27,73.79
38.36,38.36,44.28,73.27,72.54
33.29,33.29,43.87,73.12,74.31
31.06,31.06,49.12,71.56,73.61
40.27,40.27,59.05,72.58,81.29
38.19,38.19,49.62,70.93,80.42
37.02,37.02,52.81,68.94,77.94
36.55,36.55,51.00,70.33,77.50
37.51,37.51,49.62,69.84,78.19
39.05,39.05,48.06,68.26,76.91
40.05,40.05,46.47,69.32,76.96
41.53,41.53,45.19,68.56,76.63
42.28,42.28,44.04,65.54,76.56
41.77,41.77,52.14,66.30,75.57
31.51,31.51,48.64,66.37,62.15
27.02,27.02,46.04,65.94,55.59
27.79,27.79,61.82,65.71,54.14
25.27,25.27,58.58,65.45,55.86
28.71,28.71,53.15,63.57,56.53
30.34,30.34,49.63,63.43,55.58
32.38,32.38,48.79,65.36,52.37
30.90,30.90,47.27,65.47,48.27
28.57,28.57,45.95,64.62,50.73
25.56,25.56,45.44,64.97,52.39
30.93,30.93,49.67,62.42,73.32
28.06,28.06,47.17,62.80,78.58
26.86,26.86,49.96,63.59,77.20
26.69,26.69,53.73,64.55,76.00
31.95,31.95,54.58,63.39,76.65
28.92,28.92,51.53,62.53,80.32
30.48,30.48,50.43,51.83,75.06
34.81,34.81,49.17,40.57,74.91
34.98,34.98,48.51,33.99,77.53
32.51,32.51,47.04,30.78,72.98
36.57,36.57,49.60,42.19,74.15
32.39,32.39,47.31,32.66,72.10
33.06,33.06,45.50,26.03,78.97
37.13,37.13,53.71,28.56,70.19
35.35,35.35,52.38,20.48,70.62
33.32,33.32,51.95,12.88,72.82
35.08,35.08,49.98,11.44,70.77
35.72,35.72,48.29,5.63,72.01
36.89,36.89,47.58,2.19,71.59
37.16,37.16,45.58,10.68,71.30
35.31,35.31,44.26,30.67,71.36
32.23,32.23,44.80,42.56,71.53
29.32,29.32,45.12,55.25,71.14
31.04,31.04,57.76,60.93,78.75
27.63,27.63,62.34,84.52,75.93
24.12,24.12,53.72,90.52,75.97
27.56,27.56,50.03,87.27,75.05
32.04,32.04,49.23,86.04,74.59
33.05,33.05,47.93,83.84,74.10
35.00,35.00,47.44,82.65,74.37
36.66,36.66,45.64,83.98,72.91
36.15,36.15,43.64,84.17,73.58
33.79,33.79,42.84,83.69,73.11
29.29,29.29,43.21,81.04,72.85
31.06,31.06,53.24,79.34,73.21
29.68,29.68,51.70,80.56,73.47
35.23,35.23,51.30,76.49,73.50
36.98,36.98,49.29,75.35,72.34
37.05,37.05,47.82,73.86,73.38
33.16,33.16,47.18,75.58,71.97
33.46,33.46,45.64,71.59,72.65
32.02,32.02,43.60,69.41,71.82
30.53,30.53,43.27,71.96,72.87
27.47,27.47,43.13,73.30,72.59
27.08,27.08,48.23,68.16,83.36
25.19,25.19,51.88,70.63,81.07
25.05,25.05,50.59,71.78,81.15
26.11,26.11,48.24,70.61,81.41
27.01,27.01,47.55,68.17,80.18
27.49,27.49,45.82,68.76,80.60
28.76,28.76,45.54,73.06,78.48
28.44,28.44,43.64,72.94,79.13
25.04,25.04,43.05,72.05,76.91
20.52,20.52,43.87,73.09,72.16
16.54,16.54,45.03,74.09,73.41
16.90,16.90,64.93,75.88,73.38
16.01,16.01,56.05,83.80,70.82
15.67,15.67,51.70,85.40,72.36
20.00,20.00,49.00,81.09,71.60
22.74,22.74,47.83,85.80,71.80
24.97,24.97,47.38,80.19,71.75
26.52,26.52,46.28,81.42,70.72
25.54,25.54,44.70,81.40,70.96
25.84,25.84,43.80,80.59,71.64
24.92,24.92,43.72,81.34,72.34
24.80,24.80,49.34,78.70,70.65
26.63,26.63,53.12,79.77,71.26
27.48,27.48,51.99,77.20,71.20
25.00,25.00,49.43,78.38,70.83
27.38,27.38,48.65,78.19,70.35
26.60,26.60,47.30,76.25,70.78
28.50,28.50,46.85,77.28,72.22
27.31,27.31,44.50,76.33,71.22
27.35,27.35,44.09,75.43,72.70
27.57,27.57,42.72,75.97,71.59
27.29,27.29,44.02,75.26,72.25
30.91,30.91,52.69,75.56,71.71
25.37,25.37,51.78,75.81,72.50
22.67,22.67,50.34,75.39,80.30
22.62,22.62,48.27,74.95,81.40
24.37,24.37,47.27,74.00,78.37
24.54,24.54,46.90,74.52,77.42
26.76,26.76,44.86,72.46,80.57
26.14,26.14,43.45,69.26,80.08
24.64,24.64,45.15,70.00,74.48
17.68,17.68,47.41,70.79,74.53
19.60,19.60,62.07,71.66,71.79
21.13,21.13,59.67,81.85,70.29
18.56,18.56,52.82,85.72,70.72
23.00,23.00,49.86,78.02,70.73
27.00,27.00,49.24,84.07,71.37
30.45,30.45,47.58,78.29,72.81
34.03,34.03,46.66,78.62,71.73
35.61,35.61,45.24,78.89,71.35
35.17,35.17,43.15,74.44,70.95
32.45,32.45,42.29,79.79,70.66
30.20,30.20,44.43,76.17,70.72
32.57,32.57,52.75,76.30,72.52
31.43,31.43,51.37,75.73,81.19
26.48,26.48,49.95,72.97,82.37
25.89,25.89,47.49,74.64,80.61
25.79,25.79,46.33,72.99,80.09
28.09,28.09,46.27,73.28,77.57
29.39,29.39,44.56,72.63,80.37
28.43,28.43,42.56,70.87,80.06
29.78,29.78,42.90,72.08,77.64
27.81,27.81,43.26,69.75,79.58
28.34,28.34,51.11,72.78,79.62
25.52,25.52,52.25,81.45,75.46
26.73,26.73,51.75,84.44,79.31
28.78,28.78,49.54,82.58,78.59
27.16,27.16,48.33,82.37,80.33
29.62,29.62,47.92,79.63,79.53
29.28,29.28,45.91,79.33,77.83
29.60,29.60,45.07,79.90,79.38
29.82,29.82,44.25,79.68,80.58
29.35,29.35,42.75,79.30,76.74
29.45,29.45,46.63,77.33,77.54
34.73,34.73,52.76,74.73,77.34
34.09,34.09,51.01,74.90,77.74
33.91,33.91,49.50,74.28,77.88
33.62,33.62,47.71,73.11,76.20
35.09,35.09,47.08,69.56,76.68
35.83,35.83,46.12,69.29,77.77
35.08,35.08,44.83,71.53,76.61
33.62,33.62,43.45,62.42,77.22
30.95,30.95,45.88,61.04,77.75
23.76,23.76,48.47,69.35,75.69
23.97,23.97,62.16,66.47,77.62
21.11,21.11,58.70,64.44,75.79
25.24,25.24,53.19,65.33,76.37
28.50,28.50,49.71,68.48,78.32
31.34,31.34,48.77,64.44,75.80
32.19,32.19,47.36,61.58,77.27
35.57,35.57,46.07,63.81,77.50
37.50,37.50,44.96,70.14,75.74
38.37,38.37,43.30,65.53,76.15
36.46,36.46,43.49,66.42,75.32
33.81,33.81,48.12,68.85,74.71
32.85,32.85,53.42,75.15,75.90
27.89,27.89,52.44,87.43,75.55
35.03,35.03,53.83,84.19,82.61
34.97,34.97,48.92,82.23,82.47
31.83,31.83,47.51,83.62,81.14
31.44,31.44,46.86,76.58,79.36
33.39,33.39,45.21,82.07,79.37
34.20,34.20,43.59,77.29,78.13
33.56,33.56,44.27,78.96,78.65
31.83,31.83,44.07,79.47,78.37
34.61,34.61,52.95,76.08,78.24
32.18,32.18,52.61,76.48,67.51
30.64,30.64,51.75,74.53,60.31
33.29,33.29,49.58,76.04,57.23
35.01,35.01,48.91,76.33,56.69
35.39,35.39,48.00,73.88,56.72
35.27,35.27,46.04,75.67,58.63
33.83,33.83,45.35,73.33,58.57
28.20,28.20,45.15,75.20,59.19
22.37,22.37,44.40,73.95,59.02
28.74,28.74,54.14,72.34,59.81
34.91,34.91,62.97,74.18,78.95
31.60,31.60,54.24,72.55,80.71
29.19,29.19,51.34,73.01,79.33
31.09,31.09,49.96,71.58,78.17
35.11,35.11,49.22,70.49,77.81
36.28,36.28,48.63,62.82,77.49
38.76,38.76,47.58,63.35,77.21
39.15,39.15,45.73,63.88,77.08
38.47,38.47,46.06,63.57,76.75
30.30,30.30,45.32,62.23,65.95
25.59,25.59,54.52,73.87,63.00
23.41,23.41,54.42,85.75,66.17
24.61,24.61,53.17,87.46,82.06
22.53,22.53,49.62,83.58,79.61
23.66,23.66,47.87,84.58,78.53
27.10,27.10,47.91,79.31,78.48
27.80,27.80,46.32,80.87,77.53
28.62,28.62,44.55,79.25,76.92
30.68,30.68,44.46,78.66,76.94
34.95,34.95,44.73,79.87,77.18
37.00,37.00,48.53,78.31,71.45
39.16,39.16,52.96,78.32,62.93
39.27,39.27,52.14,76.62,57.40
37.29,37.29,50.73,76.55,59.13
34.42,34.42,49.62,77.27,61.18
34.03,34.03,48.26,76.17,61.34
34.26,34.26,47.51,76.44,62.35
31.26,31.26,45.56,75.62,60.87
26.00,26.00,44.81,74.30,59.61
27.02,27.02,50.05,74.73,57.36
34.50,34.50,58.89,71.88,80.13
24.23,24.23,64.36,74.65,78.74
17.53,17.53,57.03,77.49,77.29
19.97,19.97,54.50,78.01,77.54
23.83,23.83,52.94,81.80,76.70
26.07,26.07,51.87,75.25,76.18
27.43,27.43,51.82,82.44,76.20
27.86,27.86,50.30,79.31,75.96
27.79,27.79,48.75,81.23,75.90
27.18,27.18,48.00,78.70,76.30
27.94,27.94,47.87,79.42,75.92
28.12,28.12,51.13,77.78,76.63
23.56,23.56,52.61,76.69,76.71
23.45,23.45,52.36,76.55,76.13
24.32,24.32,49.21,75.66,77.09
24.44,24.44,48.44,74.64,76.60
24.25,24.25,46.53,73.44,76.65
25.34,25.34,46.72,72.72,77.90
25.35,25.35,44.84,72.36,78.00
25.52,25.52,43.86,71.79,78.10
24.44,24.44,42.38,71.54,78.19
22.45,22.45,43.08,71.28,78.45
25.41,25.41,53.31,70.91,77.93
23.58,23.58,51.52,70.62,78.59
26.09,26.09,49.81,69.14,78.60
26.56,26.56,47.06,67.97,78.41
27.14,27.14,45.80,67.04,77.76
29.55,29.55,45.70,65.85,79.25
30.28,30.28,42.98,63.19,78.12
28.39,28.39,41.67,60.08,76.38
27.89,27.89,42.90,62.99,78.53
20.36,20.36,43.31,62.69,77.04
17.38,17.38,56.73,65.12,78.42
14.64,14.64,60.54,80.59,80.32
14.06,14.06,56.74,86.44,79.84
16.00,16.00,53.26,84.38,79.23
18.50,18.50,55.55,83.31,78.43
20.99,20.99,54.69,81.30,79.23
25.12,25.12,51.83,78.29,78.92
25.19,25.19,49.64,80.72,80.08
25.06,25.06,50.19,77.04,79.31
23.45,23.45,48.44,80.55,78.93
22.30,22.30,46.47,78.30,79.00
27.90,27.90,53.13,78.96,78.07
26.63,26.63,52.17,78.34,78.50
26.93,26.93,51.37,77.18,77.62
28.72,28.72,48.87,78.23,79.08
30.17,30.17,47.44,76.63,77.63
32.38,32.38,46.64,77.61,78.33
33.13,33.13,44.29,75.21,77.87
31.68,31.68,42.01,76.29,76.80
31.99,31.99,42.23,73.74,78.60
27.12,27.12,41.65,75.57,80.22
27.34,27.34,49.17,72.11,77.23
24.45,24.45,49.48,75.28,79.07
22.91,22.91,49.46,69.62,83.82
20.76,20.76,46.27,73.99,82.32
20.50,20.50,45.28,56.51,79.89
22.84,22.84,44.65,59.37,81.52
25.37,25.37,43.83,60.52,80.45
26.40,26.40,42.47,60.29,79.97
24.54,24.54,42.49,59.25,80.49
18.80,18.80,45.13,57.19,78.97
14.68,14.68,52.89,59.51,79.46
13.19,13.19,62.73,73.12,79.28
13.89,13.89,54.61,81.88,80.14
15.15,15.15,50.44,82.57,80.29
21.68,21.68,48.58,80.53,80.04
26.04,26.04,47.54,81.89,79.61
24.88,24.88,47.38,76.26,79.91
21.37,21.37,45.75,79.43,79.26
21.02,21.02,43.85,76.19,80.48
24.55,24.55,44.16,76.92,79.99
27.28,27.28,42.96,76.52,79.29
26.00,26.00,50.59,72.86,78.60
27.21,27.21,51.48,75.05,78.98
29.40,29.40,50.99,71.57,78.08
26.96,26.96,49.42,72.59,78.82
26.19,26.19,48.61,72.48,77.83
26.77,26.77,47.54,71.36,77.83
27.62,27.62,46.22,72.26,77.26
26.58,26.58,44.63,70.30,77.26
23.26,23.26,44.86,70.60,77.02
22.63,22.63,49.79,68.85,78.13
20.54,20.54,58.27,66.38,78.73
21.60,21.60,64.06,72.29,80.82
20.73,20.73,67.20,71.23,79.04
20.35,20.35,69.53,75.83,80.02
20.72,20.72,69.16,74.57,79.41
22.31,22.31,68.66,74.34,78.26
23.52,23.52,67.34,78.32,79.06
24.88,24.88,64.53,75.83,77.00
23.65,23.65,64.56,78.53,78.53
22.80,22.80,63.16,75.17,75.13
20.30,20.30,64.38,76.84,79.44
24.42,24.42,63.23,72.89,74.04
23.50,23.50,63.69,73.19,79.72
25.84,25.84,63.38,69.87,74.94
24.58,24.58,62.57,69.67,78.82
26.98,26.98,62.17,68.00,77.06
28.99,28.99,61.03,62.85,75.67
27.87,27.87,60.71,64.43,76.28
24.45,24.45,59.86,66.65,74.24
22.81,22.81,58.69,67.30,75.81
18.23,18.23,57.85,68.13,73.67
19.49,19.49,59.36,68.93,75.77
18.49,18.49,63.33,68.84,72.64
19.90,19.90,56.22,67.68,76.88
22.78,22.78,53.98,66.97,73.77
25.55,25.55,52.40,66.31,74.33
27.85,27.85,51.16,65.13,74.54
28.95,28.95,50.43,62.58,73.60
29.94,29.94,49.20,62.00,74.24
29.87,29.87,47.88,60.84,74.32
31.10,31.10,46.25,59.26,75.27
29.72,29.72,46.12,59.12,73.87
32.75,32.75,53.09,58.81,74.98
31.09,31.09,52.34,57.81,73.10
32.64,32.64,51.62,59.36,74.58
32.31,32.31,49.00,59.87,74.95
34.49,34.49,47.99,59.98,71.82
35.52,35.52,46.96,59.44,75.61
36.47,36.47,45.37,59.19,71.07
36.59,36.59,43.62,60.91,74.87
36.85,36.85,42.70,61.77,72.40
33.74,33.74,42.20,62.16,70.58
31.99,31.99,47.03,62.37,72.42
30.73,30.73,52.26,61.26,73.00
27.06,27.06,51.60,58.34,78.96
23.36,23.36,47.98,61.00,79.07
25.67,25.67,46.88,61.99,78.40
26.45,26.45,46.09,62.55,75.01
26.67,26.67,45.84,62.94,79.38
26.39,26.39,44.03,62.98,75.62
24.74,24.74,44.39,62.99,76.50
23.75,23.75,45.56,62.88,77.05
21.95,21.95,46.83,62.89,76.11
23.96,23.96,64.51,62.56,76.48
24.07,24.07,56.50,62.40,75.97
28.56,28.56,53.05,62.26,77.24
30.30,30.30,49.58,62.03,71.70
31.36,31.36,48.54,61.78,73.02
32.91,32.91,47.53,61.54,69.24
34.02,34.02,46.75,61.08,73.79
34.00,34.00,44.73,60.82,70.64
32.17,32.17,43.73,60.21,72.16
26.88,26.88,43.14,59.55,71.21
28.01,28.01,48.92,58.52,70.23
33.79,33.79,54.30,57.14,79.20
28.55,28.55,52.13,56.39,79.52
23.53,23.53,49.13,56.81,78.84
25.03,25.03,48.98,56.21,76.10
25.33,25.33,47.57,55.86,76.24
26.62,26.62,47.69,47.26,76.09
26.46,26.46,47.53,34.63,75.61
26.12,26.12,46.25,24.07,75.41
27.45,27.45,45.81,24.36,75.18
31.31,31.31,45.28,25.18,74.52
35.49,35.49,54.03,16.36,74.69
31.85,31.85,52.38,17.68,75.29
37.05,37.05,52.62,22.26,72.99
31.93,31.93,49.52,13.53,67.00
31.01,31.01,48.43,8.74,60.03
30.44,30.44,48.04,7.26,58.10
27.01,27.01,46.39,12.82,54.62
23.40,23.40,44.78,23.06,55.54
28.14,28.14,47.18,41.47,61.80
29.79,29.79,49.24,46.24,81.83
24.40,24.40,61.91,60.42,80.90
16.64,16.64,69.70,78.69,80.96
14.09,14.09,68.77,83.58,78.76
19.09,19.09,68.98,85.49,80.44
19.32,19.32,67.72,82.36,76.13
18.58,18.58,68.10,83.97,79.31
19.93,19.93,67.73,83.23,76.66
19.87,19.87,65.88,75.37,74.55
22.17,22.17,65.53,80.21,72.68
23.61,23.61,64.98,81.39,72.73
21.16,21.16,62.91,71.58,74.81
22.75,22.75,61.56,75.94,77.66
25.33,25.33,62.02,76.42,67.47
27.12,27.12,59.08,75.44,73.88
30.62,30.62,57.78,71.09,71.98
32.04,32.04,58.94,69.55,72.45
29.85,29.85,58.48,71.63,71.94
31.72,31.72,55.11,66.09,73.10
29.60,29.60,55.88,61.96,72.35
29.88,29.88,55.56,62.60,72.39
27.12,27.12,54.61,60.79,72.20
29.25,29.25,55.10,62.36,72.87
28.68,28.68,53.62,66.53,78.96
27.63,27.63,53.53,68.50,79.81
27.30,27.30,51.79,72.07,79.36
29.17,29.17,49.08,71.31,81.90
31.55,31.55,46.99,71.65,81.79
33.43,33.43,46.46,75.08,80.20
33.34,33.34,44.44,74.88,80.97
31.82,31.82,43.51,74.17,79.65
27.36,27.36,49.69,75.39,74.66
19.74,19.74,58.14,77.12,73.77
17.28,17.28,66.42,74.28,72.83
14.84,14.84,74.57,84.11,71.72
17.95,17.95,66.92,78.15,72.58
22.30,22.30,71.08,76.65,71.76
24.80,24.80,70.67,72.42,71.68
28.72,28.72,69.03,79.76,73.68
27.26,27.26,66.39,72.40,71.28
29.55,29.55,68.35,78.75,70.62
33.37,33.37,65.68,76.12,71.11
35.56,35.56,62.64,73.09,71.12
32.21,32.21,63.09,76.10,70.94
33.51,33.51,62.58,78.08,70.96
37.32,37.32,60.60,72.17,71.52
31.05,31.05,60.12,69.12,70.23
35.90,35.90,61.78,76.78,71.05
36.35,36.35,58.80,74.64,71.90
32.14,32.14,57.06,64.73,70.78
30.85,30.85,56.43,73.93,69.73
36.69,36.69,54.87,73.91,70.43
36.42,36.42,52.77,68.28,69.87
32.63,32.63,54.75,69.23,68.35
35.69,35.69,55.76,71.05,69.43
31.18,31.18,54.49,67.14,70.24
25.78,25.78,52.62,60.83,69.02
29.32,29.32,50.63,68.56,79.88
30.85,30.85,49.65,63.56,82.80
30.44,30.44,47.97,61.75,82.58
30.85,30.85,46.89,66.96,80.96
29.14,29.14,44.43,61.99,78.71
28.36,28.36,46.04,63.43,81.50
25.62,25.62,47.49,64.97,74.85
22.11,22.11,61.00,61.77,75.22
25.65,25.65,58.46,60.92,72.26
27.31,27.31,52.27,66.06,71.74
30.38,30.38,50.06,60.91,70.52
34.91,34.91,49.91,63.78,70.32
31.80,31.80,48.53,67.85,71.02
39.96,39.96,47.95,63.72,71.15
47.94,47.94,49.74,65.01,69.91
47.18,47.18,49.02,67.82,70.93
42.32,42.32,45.58,66.14,70.65
47.13,47.13,51.92,63.42,70.64
46.32,46.32,54.21,64.15,71.95
33.17,33.17,51.73,60.14,72.82
31.49,31.49,50.25,58.22,74.46
30.27,30.27,48.12,56.16,83.66
32.51,32.51,47.16,55.45,78.51
33.19,33.19,46.03,55.07,82.69
35.17,35.17,44.28,54.36,77.84
34.50,34.50,41.99,54.35,79.28
35.83,35.83,44.89,54.65,82.37
35.53,35.53,49.11,53.77,80.95
38.10,38.10,61.19,61.05,80.44
35.34,35.34,70.16,77.27,80.13
34.82,34.82,70.99,84.83,80.78
34.49,34.49,69.73,84.03,80.10
34.67,34.67,68.54,82.14,82.44
36.35,36.35,69.49,85.41,79.07
38.07,38.07,67.64,79.03,81.25
38.21,38.21,65.49,76.46,77.83
37.27,37.27,65.03,80.80,79.78
36.25,36.25,63.64,79.81,75.71
38.20,38.20,62.18,74.03,80.71
42.15,42.15,62.58,75.63,76.92
41.39,41.39,62.45,78.68,80.33
40.07,40.07,58.94,73.85,77.59
40.51,40.51,58.09,71.22,80.18
39.65,39.65,59.21,71.53,77.51
40.31,40.31,56.04,69.35,77.42
39.57,39.57,54.32,64.69,77.55
36.74,36.74,55.63,64.46,79.32
33.51,33.51,54.69,56.16,72.94
28.18,28.18,55.02,60.29,75.13
27.24,27.24,64.16,65.00,76.56
25.51,25.51,57.44,66.81,74.59
31.25,31.25,52.98,71.11,79.08
34.37,34.37,50.39,71.90,73.45
35.90,35.90,48.51,71.92,76.55
37.83,37.83,47.23,74.12,77.06
38.28,38.28,46.07,76.01,76.89
38.20,38.20,44.41,75.21,73.30
38.20,38.20,44.88,75.25,78.35
36.67,36.67,52.95,77.34,69.49
35.57,35.57,58.40,76.97,78.01
39.92,39.92,68.31,78.36,74.33
47.98,47.98,74.87,80.77,82.16
42.43,42.43,66.26,77.58,81.36
33.20,33.20,72.45,74.34,79.52
33.43,33.43,70.48,73.46,79.65
36.98,36.98,67.27,77.04,78.54
35.37,35.37,65.82,73.75,78.40
36.89,36.89,66.34,75.79,78.12
38.18,38.18,65.48,72.49,78.36
44.84,44.84,62.05,75.53,77.50
36.81,36.81,64.35,75.50,67.32
35.91,35.91,62.48,74.00,67.84
33.91,33.91,59.36,73.02,66.71
32.18,32.18,59.45,70.76,63.77
35.57,35.57,60.07,74.02,65.42
34.74,34.74,57.37,74.20,63.25
33.95,33.95,56.34,65.79,59.88
33.90,33.90,56.78,73.33,63.77
31.30,31.30,54.68,71.46,66.03
20.40,20.40,52.61,70.30,66.78
22.09,22.09,59.85,69.22,68.93
26.16,26.16,61.54,68.80,81.33
22.03,22.03,54.43,68.39,80.05
24.41,24.41,51.10,58.33,77.99
27.01,27.01,50.96,65.52,77.81
27.87,27.87,48.83,65.89,77.05
29.49,29.49,48.25,64.27,77.14
33.35,33.35,47.90,64.43,76.93
37.00,37.00,48.25,64.98,76.01
31.73,31.73,46.42,64.52,69.95
29.61,29.61,53.26,60.90,63.39
27.38,27.38,61.20,66.72,62.79
26.44,26.44,71.10,80.29,59.83
29.70,29.70,70.12,84.00,61.98
35.72,35.72,68.40,83.76,59.98
40.54,40.54,68.29,84.16,55.09
40.50,40.50,68.79,83.50,53.20
34.50,34.50,66.83,76.72,55.87
33.04,33.04,65.09,78.95,56.02
25.03,25.03,65.63,81.16,57.04
29.37,29.37,63.36,77.47,64.17
28.00,28.00,61.39,74.22,81.25
23.88,23.88,61.70,77.28,80.20
24.50,24.50,61.46,73.32,79.20
26.99,26.99,57.25,65.36,78.01
28.49,28.49,51.31,63.66,77.87
30.79,30.79,48.40,63.53,77.59
33.18,33.18,47.50,62.17,77.14
33.60,33.60,46.28,61.41,76.94
31.15,31.15,46.16,60.11,77.49
27.64,27.64,47.93,58.14,76.78
25.57,25.57,54.32,57.00,76.57
27.65,27.65,67.73,65.69,79.98
24.92,24.92,70.63,74.57,74.89
26.98,26.98,67.66,81.69,73.06
29.50,29.50,69.11,83.08,72.79
28.75,28.75,66.58,79.59,73.69
27.18,27.18,62.45,76.64,73.40
28.09,28.09,53.79,76.34,73.61
30.41,30.41,60.93,77.44,73.63
31.29,31.29,63.35,81.58,74.93
34.67,34.67,58.23,79.92,75.07
36.75,36.75,58.15,78.00,73.97
35.92,35.92,54.50,78.51,72.35
36.66,36.66,53.62,76.86,69.81
36.68,36.68,53.80,79.88,70.04
35.01,35.01,51.85,78.86,70.06
31.88,31.88,51.40,80.06,68.31
33.07,33.07,50.58,78.02,67.57
30.93,30.93,47.33,78.13,68.32
32.48,32.48,45.74,76.87,69.19
31.50,31.50,44.80,77.97,69.76
28.33,28.33,45.82,79.10,69.16
30.16,30.16,53.54,77.68,78.95
25.86,25.86,51.94,78.73,82.81
26.19,26.19,50.25,75.55,82.04
27.87,27.87,48.40,77.41,79.36
29.97,29.97,47.35,75.70,78.46
32.29,32.29,47.44,77.81,80.09
32.05,32.05,45.16,76.16,77.61
28.61,28.61,43.88,76.57,72.67
27.27,27.27,47.44,76.42,71.50
18.53,18.53,51.76,74.61,70.39
13.82,13.82,63.35,75.25,69.63
14.13,14.13,70.99,79.64,71.80
21.45,21.45,71.44,81.17,72.06
26.41,26.41,63.98,73.99,72.16
26.02,26.02,57.38,71.02,72.63
28.17,28.17,63.42,78.72,72.12
29.45,29.45,62.22,75.06,71.69
29.58,29.58,60.79,79.64,71.41
30.88,30.88,56.02,78.08,70.94
28.08,28.08,56.11,72.77,71.15
30.80,30.80,55.79,78.18,71.61
30.29,30.29,54.82,74.30,71.68
31.73,31.73,53.86,77.32,71.65
33.57,33.57,53.63,80.58,71.67
30.97,30.97,51.35,76.29,71.20
32.45,32.45,50.90,78.18,71.66
31.57,31.57,49.54,75.58,71.98
33.82,33.82,47.87,74.90,71.91
36.18,36.18,46.63,78.68,71.79
37.14,37.14,46.08,75.83,71.51
34.65,34.65,44.46,79.32,70.59
34.71,34.71,52.38,76.70,69.80
27.86,27.86,52.67,74.82,68.59
27.79,27.79,51.45,76.00,70.12
26.21,26.21,49.21,73.43,78.71
29.57,29.57,48.31,75.51,80.12
30.29,30.29,47.59,74.59,80.03
31.07,31.07,46.20,74.19,80.86
32.86,32.86,45.93,74.52,77.94
28.26,28.26,45.91,73.25,79.23
18.85,18.85,47.42,71.91,75.21
15.57,15.57,57.70,75.10,71.50
17.61,17.61,62.53,73.23,66.20
20.39,20.39,54.09,75.62,66.31
22.26,22.26,51.56,75.47,65.48
22.01,22.01,50.22,74.27,65.44
25.89,25.89,49.29,76.31,67.46
30.57,30.57,48.70,72.55,67.74
34.35,34.35,48.45,75.56,67.38
34.43,34.43,46.77,73.50,66.29
32.16,32.16,45.21,73.90,65.34
34.34,34.34,45.57,75.15,66.24
29.96,29.96,53.07,73.81,64.95
22.90,22.90,52.07,74.25,68.54
24.19,24.19,51.63,70.75,81.48
26.88,26.88,49.80,56.96,82.46
27.63,27.63,48.43,53.34,81.62
29.98,29.98,47.53,53.16,81.30
33.12,33.12,45.78,44.38,80.43
33.04,33.04,44.97,53.25,79.81
32.59,32.59,44.05,45.95,80.61
35.30,35.30,47.07,56.83,80.59
35.64,35.64,55.12,53.78,77.86
37.52,37.52,63.70,75.39,81.47
33.88,33.88,64.50,81.99,81.74
35.19,35.19,73.11,89.03,81.57
37.39,37.39,65.02,85.81,78.66
37.65,37.65,65.44,82.32,80.74
38.43,38.43,61.93,81.80,79.53
36.91,36.91,55.42,79.33,80.79
38.05,38.05,63.30,82.75,77.51
37.73,37.73,59.24,81.41,76.60
36.98,36.98,60.76,83.32,81.63
39.47,39.47,57.17,81.24,78.09
38.17,38.17,53.52,82.37,78.24
36.86,36.86,52.62,81.47,78.22
36.00,36.00,50.55,83.09,79.36
39.82,39.82,48.37,82.70,80.14
40.93,40.93,46.92,82.11,78.33
39.36,39.36,44.95,82.66,79.16
37.10,37.10,44.04,80.57,78.45
35.20,35.20,45.76,82.89,78.20
27.27,27.27,45.79,80.98,78.52
19.92,19.92,54.31,83.20,75.55
14.52,14.52,61.92,81.06,79.71
16.03,16.03,53.91,82.42,77.54
19.83,19.83,50.52,80.76,77.03
23.29,23.29,49.46,81.35,78.08
27.29,27.29,48.23,81.72,77.57
26.12,26.12,48.22,80.55,76.93
25.90,25.90,46.28,82.46,76.76
27.44,27.44,45.03,80.32,77.52
28.01,28.01,44.55,81.96,77.82
29.40,29.40,54.24,79.28,75.61
32.14,32.14,64.94,79.09,76.32
28.10,28.10,70.88,81.29,77.10
30.90,30.90,69.98,79.78,77.78
37.17,37.17,54.91,70.00,75.45
36.77,36.77,62.89,77.88,76.37
34.29,34.29,65.80,83.05,76.52
30.74,30.74,60.28,80.50,76.45
33.45,33.45,60.15,82.26,76.46
34.23,34.23,55.43,78.09,73.91
35.71,35.71,51.27,78.16,75.27
34.08,34.08,53.95,80.00,74.21
33.82,33.82,54.68,78.34,76.94
34.44,34.44,54.64,80.71,73.90
38.30,38.30,52.89,80.01,76.29
43.51,43.51,51.45,79.68,73.77
40.98,40.98,49.39,78.38,74.82
40.46,40.46,48.63,78.77,73.37
47.48,47.48,49.47,76.13,72.83
41.73,41.73,48.12,80.55,70.25
32.42,32.42,47.15,77.78,68.61
23.61,23.61,48.60,80.41,67.00
21.06,21.06,65.24,79.29,66.99
28.31,28.31,56.81,77.32,69.58
28.63,28.63,52.46,79.31,69.90
34.53,34.53,50.24,77.32,68.24
26.63,26.63,51.07,79.35,73.99
24.51,24.51,48.86,78.38,77.58
30.13,30.13,47.69,79.03,76.21
27.56,27.56,45.69,77.72,76.07
27.30,27.30,45.47,78.80,75.23
30.60,30.60,44.84,76.88,75.13
41.72,41.72,50.46,77.78,76.23
44.08,44.08,53.76,77.68,77.17
41.66,41.66,52.63,77.19,74.87
49.31,49.31,51.14,78.77,73.79
38.80,38.80,50.21,76.31,68.92
44.77,44.77,48.53,79.13,67.36
51.20,51.20,49.60,75.61,67.57
42.87,42.87,47.83,77.14,65.56
40.31,40.31,46.57,74.31,65.29
33.18,33.18,45.85,64.13,67.49
24.72,24.72,46.83,58.16,68.71
29.30,29.30,55.31,53.33,74.31
25.59,25.59,53.05,54.41,81.98
21.01,21.01,50.77,49.66,79.98
24.41,24.41,48.45,54.03,78.71
25.09,25.09,47.44,52.52,78.11
28.86,28.86,47.72,57.57,76.90
26.89,26.89,46.66,52.90,76.49
27.35,27.35,45.74,56.93,76.38
23.54,23.54,48.99,53.36,76.45
18.98,18.98,53.35,57.88,75.79
18.18,18.18,62.21,65.52,78.15
17.37,17.37,69.01,77.39,78.05
23.91,23.91,68.19,81.54,77.96
31.00,31.00,69.56,86.12,79.73
25.49,25.49,66.61,81.62,76.45
27.80,27.80,67.74,84.18,76.44
29.21,29.21,66.12,81.26,75.63
30.34,30.34,64.17,76.38,75.12
31.64,31.64,64.36,81.04,75.29
29.80,29.80,62.96,78.99,75.01
28.72,28.72,61.16,72.03,75.13
33.52,33.52,60.09,77.03,75.06
34.42,34.42,59.75,76.08,74.71
35.58,35.58,57.57,74.97,75.03
38.95,38.95,56.09,69.85,75.19
38.88,38.88,56.85,72.70,74.22
37.21,37.21,55.02,70.75,74.76
36.58,36.58,52.70,63.92,75.61
37.13,37.13,53.14,65.00,74.45
36.90,36.90,52.78,59.58,73.98
31.61,31.61,52.48,59.07,74.77
34.92,34.92,55.12,64.96,76.75
33.64,33.64,52.37,65.59,83.78
34.57,34.57,52.03,68.40,81.00
36.15,36.15,50.29,71.73,79.75
37.53,37.53,47.56,72.65,81.40
38.49,38.49,45.34,72.41,76.04
37.98,37.98,43.59,73.96,81.42
37.58,37.58,43.22,75.03,76.86
33.69,33.69,45.58,75.15,74.94
28.24,28.24,49.04,74.90,73.30
26.38,26.38,58.47,75.59,71.63
29.00,29.00,68.89,76.93,73.26
24.50,24.50,74.18,80.40,74.60
21.61,21.61,64.18,78.46,73.28
25.26,25.26,70.31,75.36,74.10
28.11,28.11,69.30,74.09,75.43
28.99,28.99,67.48,78.57,74.85
29.26,29.26,65.29,73.47,74.36
28.18,28.18,65.69,78.12,75.43
27.83,27.83,62.75,73.63,76.27
28.80,28.80,60.65,74.40,78.16
34.57,34.57,61.77,74.62,77.02
33.47,33.47,61.88,76.63,76.77
33.96,33.96,58.90,72.51,73.86
31.38,31.38,58.06,68.93,71.29
30.15,30.15,59.21,75.91,71.29
30.28,30.28,55.42,73.46,73.35
30.55,30.55,54.35,65.14,75.80
29.54,29.54,54.57,71.78,76.85
29.97,29.97,53.95,73.01,77.45
28.57,28.57,50.58,68.83,75.75
29.01,29.01,51.74,67.55,72.02
28.72,28.72,52.75,68.86,71.04
25.50,25.50,51.36,66.75,76.73
25.11,25.11,50.59,61.29,80.15
25.88,25.88,48.92,66.89,80.16
28.36,28.36,47.96,61.74,77.96
30.39,30.39,46.65,62.11,81.43
29.78,29.78,44.77,64.11,74.51
26.53,26.53,43.56,63.43,78.86
23.18,23.18,45.10,61.14,76.40
18.15,18.15,50.02,65.74,73.66
19.99,19.99,62.34,60.85,73.47
20.32,20.32,56.93,60.86,74.62
20.19,20.19,52.30,66.66,73.53
21.36,21.36,49.66,61.88,73.83
25.04,25.04,48.35,62.41,73.78
27.86,27.86,47.63,66.45,73.46
29.39,29.39,46.29,65.32,74.95
28.74,28.74,44.98,62.47,74.34
28.58,28.58,44.33,66.49,73.34
26.72,26.72,43.40,66.52,73.59
28.13,28.13,47.25,62.41,72.98
30.01,30.01,52.19,59.84,77.52
29.20,29.20,51.79,57.73,78.36
29.98,29.98,49.24,56.20,78.15
31.54,31.54,47.94,54.81,82.52
32.92,32.92,46.23,52.71,79.13
35.05,35.05,45.34,49.56,79.42
34.81,34.81,42.72,47.15,80.72
33.98,33.98,41.88,49.29,81.38
33.54,33.54,46.11,53.08,79.67
30.74,30.74,49.98,54.62,81.74
36.82,36.82,63.71,64.15,77.77
36.51,36.51,71.10,79.38,81.14
34.32,34.32,71.03,85.35,78.41
32.33,32.33,68.75,83.58,80.56
34.27,34.27,67.78,82.71,80.00
36.32,36.32,67.00,83.70,82.01
36.18,36.18,64.87,80.06,75.99
36.47,36.47,64.23,76.79,82.04
37.53,37.53,65.67,80.15,77.32
37.77,37.77,63.91,79.06,81.03
39.91,39.91,61.60,74.06,77.81
42.13,42.13,61.99,75.95,79.30
41.46,41.46,60.69,76.89,79.67
40.85,40.85,56.83,72.97,78.55
41.13,41.13,56.18,72.39,78.95
42.63,42.63,56.28,71.05,78.93
40.86,40.86,54.66,67.58,79.74
41.39,41.39,53.46,64.29,75.65
40.25,40.25,54.83,65.21,79.41
33.95,33.95,53.08,52.46,72.40
30.57,30.57,53.16,61.74,78.42
32.30,32.30,64.84,64.51,74.89
29.59,29.59,56.35,65.67,78.29
31.57,31.57,51.61,70.48,75.62
33.98,33.98,50.04,73.04,78.27
35.47,35.47,49.14,71.78,72.95
37.15,37.15,47.04,73.18,77.44
37.50,37.50,46.35,75.19,75.99
38.36,38.36,45.50,75.77,76.27
37.16,37.16,44.56,75.04,74.73
34.61,34.61,48.12,75.86,74.52
36.92,36.92,58.19,76.68,75.31
36.09,36.09,72.40,80.77,75.88
31.27,31.27,73.72,78.44,75.21
30.58,30.58,66.54,80.22,80.62
28.77,28.77,70.21,76.24,83.18
30.02,30.02,69.22,74.70,79.97
32.09,32.09,66.49,75.88,79.18
33.30,33.30,66.80,73.29,79.34
34.20,34.20,66.35,77.21,79.24
36.06,36.06,64.55,71.47,78.78
34.65,34.65,60.77,76.01,77.81
34.66,34.66,63.58,75.27,78.14
37.36,37.36,60.93,73.23,74.73
30.83,30.83,58.06,72.95,62.87
29.88,29.88,59.20,70.48,64.80
30.95,30.95,59.70,75.34,64.11
33.32,33.32,55.48,70.75,67.13
34.00,34.00,55.83,69.07,66.99
31.10,31.10,55.69,72.68,64.84
26.83,26.83,52.03,69.67,66.18
17.76,17.76,50.43,71.23,65.41
17.92,17.92,61.31,67.44,62.89
26.59,26.59,60.35,68.49,74.25
24.72,24.72,52.81,67.11,80.31
25.92,25.92,50.25,62.90,78.31
26.92,26.92,48.78,64.18,75.00
26.90,26.90,48.66,64.36,79.15
27.58,27.58,47.25,64.63,72.27
27.15,27.15,46.38,64.56,77.45
27.61,27.61,44.83,64.10,74.80
27.16,27.16,44.32,64.24,74.40
24.91,24.91,53.85,60.78,66.54
27.43,27.43,64.39,68.69,66.61
25.44,25.44,69.41,83.22,69.99
25.35,25.35,70.99,85.09,70.01
28.50,28.50,66.77,83.00,72.88
30.31,30.31,69.10,84.55,73.10
32.96,32.96,68.14,85.29,72.39
32.69,32.69,65.97,74.45,72.45
29.29,29.29,64.08,79.06,71.92
27.01,27.01,64.92,82.88,69.31
27.54,27.54,60.85,71.37,76.68
27.05,27.05,55.34,65.61,80.62
27.75,27.75,51.84,65.09,78.67
30.40,30.40,52.10,63.76,76.90
32.16,32.16,50.23,61.59,76.76
33.40,33.40,49.87,56.08,77.74
36.01,36.01,48.38,34.65,76.38
35.77,35.77,45.31,29.77,75.75
34.86,34.86,44.44,23.91,75.83
33.91,33.91,45.18,32.54,75.16
28.45,28.45,46.71,36.92,75.26
23.52,23.52,54.18,50.89,78.01
21.47,21.47,68.54,70.07,78.83
21.74,21.74,67.67,74.52,79.77
22.17,22.17,69.45,81.48,79.39
23.85,23.85,68.99,83.51,77.77
25.52,25.52,65.22,79.15,77.44
27.40,27.40,59.16,75.45,76.93
27.40,27.40,50.28,74.99,75.73
26.60,26.60,55.83,79.34,75.91
27.12,27.12,58.89,81.11,75.29
26.99,26.99,53.07,78.51,74.87
30.30,30.30,56.72,79.42,74.99
29.98,29.98,52.91,76.61,74.79
30.57,30.57,52.13,78.12,73.96
31.23,31.23,51.13,78.29,74.18
32.75,32.75,50.14,79.91,74.43
31.91,31.91,47.91,79.34,75.00
33.22,33.22,46.68,77.89,74.31
33.59,33.59,45.70,77.95,74.56
33.13,33.13,43.74,75.79,74.96
28.93,28.93,42.94,78.81,74.40
26.90,26.90,47.05,77.53,74.87
28.60,28.60,53.04,79.33,80.01
27.26,27.26,51.15,76.54,84.26
29.69,29.69,49.47,76.91,83.85
30.12,30.12,47.52,76.31,77.97
31.18,31.18,45.90,75.55,83.83
33.65,33.65,44.74,77.18,82.59
34.11,34.11,43.15,75.54,81.13
30.95,30.95,42.26,77.30,77.34
26.64,26.64,45.76,74.68,77.60
17.57,17.57,54.23,75.49,76.62
16.42,16.42,63.82,73.13,76.91
20.16,20.16,74.09,81.16,75.14
26.25,26.25,68.97,78.14,75.85
28.83,28.83,64.92,75.61,75.18
29.52,29.52,55.35,69.31,76.43
28.65,28.65,65.61,79.05,75.46
32.23,32.23,61.28,75.45,74.47
32.91,32.91,58.53,77.53,74.69
32.42,32.42,55.97,78.34,73.99
32.13,32.13,52.87,72.62,74.01
31.01,31.01,53.97,76.89,74.75
29.81,29.81,53.48,73.28,75.34
34.28,34.28,53.64,76.89,75.45
36.11,36.11,52.52,79.66,75.37
36.78,36.78,50.74,75.85,74.80
34.68,34.68,49.49,77.93,75.36
33.80,33.80,48.80,75.22,74.98
36.70,36.70,46.84,74.12,73.97
36.27,36.27,45.05,78.09,74.14
35.94,35.94,45.57,76.95,74.39
35.76,35.76,44.91,77.83,74.49
30.59,30.59,52.75,77.64,74.18
24.89,24.89,51.08,74.15,74.71
21.52,21.52,50.92,74.65,80.29
21.46,21.46,47.97,74.44,81.51
24.36,24.36,47.46,73.93,79.56
28.31,28.31,46.68,76.92,80.38
27.72,27.72,45.11,73.32,80.20
24.92,24.92,43.92,75.73,79.98
22.76,22.76,44.25,73.63,77.60
23.44,23.44,44.79,72.58,77.20
27.28,27.28,56.06,75.28,74.99
27.95,27.95,60.97,72.26,75.69
30.43,30.43,53.16,76.23,74.64
29.11,29.11,50.59,74.47,74.88
29.23,29.23,49.21,73.89,74.18
31.18,31.18,47.99,74.82,74.40
33.47,33.47,48.95,73.01,72.76
36.61,36.61,46.55,73.86,72.75
41.31,41.31,44.84,74.18,74.09
37.87,37.87,43.80,73.03,75.20
29.46,29.46,42.93,72.36,76.21
35.03,35.03,52.96,63.20,77.32
37.41,37.41,50.87,55.05,84.27
38.82,38.82,50.55,45.13,83.68
39.58,39.58,47.90,51.62,80.04
33.71,33.71,46.87,44.78,78.57
32.88,32.88,46.91,49.95,81.57
35.41,35.41,44.68,43.12,80.27
33.72,33.72,42.98,50.41,81.45
32.10,32.10,42.87,43.02,82.10
33.62,33.62,46.09,57.86,80.57
36.64,36.64,55.64,58.68,81.34
33.59,33.59,64.27,75.73,81.99
30.32,30.32,64.16,84.61,84.15
29.14,29.14,70.25,88.64,80.77
28.08,28.08,62.68,83.61,82.50
28.60,28.60,64.92,84.10,80.43
30.67,30.67,56.38,80.00,80.20
33.16,33.16,49.87,81.23,81.30
33.32,33.32,56.79,80.67,81.08
36.39,36.39,56.40,82.82,80.71
40.28,40.28,56.00,82.92,79.90
40.10,40.10,53.70,81.38,81.87
37.69,37.69,51.31,82.07,81.86
35.87,35.87,50.55,80.76,78.14
33.98,33.98,48.16,83.27,80.39
34.69,34.69,47.09,81.35,80.08
36.71,36.71,46.03,82.99,79.96
36.38,36.38,43.38,80.21,78.85
37.17,37.17,42.09,82.23,77.25
32.98,32.98,43.78,81.33,79.05
35.54,35.54,48.55,82.47,79.12
39.52,39.52,61.09,82.20,80.26
35.99,35.99,59.87,81.52,76.94
32.36,32.36,53.39,82.51,76.23
40.92,40.92,49.88,80.64,78.19
39.93,39.93,48.89,82.07,79.70
33.39,33.39,47.41,79.95,78.49
36.59,36.59,46.74,82.79,74.63
36.10,36.10,44.93,81.08,77.31
35.79,35.79,43.20,82.39,78.93
38.65,38.65,49.40,80.54,76.44
46.45,46.45,61.99,79.87,75.09
41.49,41.49,66.58,77.08,76.89
38.27,38.27,75.42,84.26,79.94
42.94,42.94,66.38,76.18,79.28
41.15,41.15,56.25,76.59,77.94
37.34,37.34,64.33,78.15,77.59
44.86,44.86,63.26,81.63,74.96
48.00,48.00,61.46,83.26,78.39
41.22,41.22,56.45,80.55,77.41
43.47,43.47,52.66,79.48,74.84
42.01,42.01,48.91,78.59,77.64
37.09,37.09,51.28,79.43,77.84
32.43,32.43,53.56,80.21,77.04
30.22,30.22,52.40,72.26,82.71
26.25,26.25,49.72,71.19,80.18
34.38,34.38,49.14,68.51,78.78
29.58,29.58,48.57,67.57,78.49
33.72,33.72,47.37,64.74,78.01
34.16,34.16,45.74,68.77,77.46
35.28,35.28,46.03,66.23,77.88
35.44,35.44,50.59,65.63,77.86
30.93,30.93,53.23,64.52,76.29
32.04,32.04,64.05,66.38,77.20
36.87,36.87,56.09,65.23,68.99
34.35,34.35,51.74,64.02,67.58
33.08,33.08,49.61,64.48,65.20
34.93,34.93,48.48,62.48,69.34
37.18,37.18,48.33,65.56,68.49
39.79,39.79,46.95,61.25,70.19
42.04,42.04,44.68,63.28,70.99
43.12,43.12,46.75,58.98,71.36
37.81,37.81,53.18,65.09,69.41
35.32,35.32,61.36,67.79,70.40
38.18,38.18,63.04,80.24,72.77
38.57,38.57,65.36,87.93,80.87
34.71,34.71,62.82,88.93,78.77
33.84,33.84,57.96,86.93,77.85
37.23,37.23,60.55,84.15,76.58
39.82,39.82,56.58,80.92,75.71
44.19,44.19,55.72,70.07,76.15
47.50,47.50,53.61,60.45,76.37
47.25,47.25,55.87,56.64,75.62
44.86,44.86,56.80,53.53,75.06
44.23,44.23,59.64,52.71,66.66
41.99,41.99,57.51,52.68,64.22
42.04,42.04,55.55,52.34,63.80
41.32,41.32,51.81,51.87,66.89
46.13,46.13,48.78,48.32,67.48
41.73,41.73,47.68,52.75,69.40
41.32,41.32,47.03,47.66,68.72
40.02,40.02,44.73,50.66,70.40
40.01,40.01,48.71,52.57,75.90
35.92,35.92,53.42,56.45,80.19
33.25,33.25,64.82,69.32,78.99
29.94,29.94,72.38,84.24,78.93
29.93,29.93,72.48,83.64,76.29
32.88,32.88,67.91,78.87,80.14
39.03,39.03,68.42,79.61,74.13
38.51,38.51,66.65,75.17,76.42
41.88,41.88,65.36,68.65,73.27
40.68,40.68,60.98,72.79,73.78
36.92,36.92,54.11,69.08,73.32
34.48,34.48,58.34,68.87,72.96
34.03,34.03,59.85,77.31,70.84
32.14,32.14,56.67,77.03,71.72
28.55,28.55,55.20,73.90,71.07
31.52,31.52,53.00,74.48,77.23
27.72,27.72,50.38,70.91,78.56
29.74,29.74,49.39,73.31,76.49
29.94,29.94,48.48,74.67,74.99
38.37,38.37,46.96,75.00,75.60
35.20,35.20,45.75,73.80,74.68
35.03,35.03,45.04,71.38,74.67
39.75,39.75,44.78,71.87,72.88
39.25,39.25,53.06,71.67,74.13
37.51,37.51,52.57,71.60,73.73
36.02,36.02,52.04,71.79,73.86
38.13,38.13,50.49,71.88,72.82
33.75,33.75,49.16,73.09,73.41
38.22,38.22,48.08,72.40,73.23
41.49,41.49,47.74,72.56,73.02
36.35,36.35,47.14,72.15,72.26
35.83,35.83,47.32,71.23,72.84
40.44,40.44,51.00,71.03,72.66
34.42,34.42,58.82,70.76,73.09
29.12,29.12,62.84,72.33,72.63
29.81,29.81,54.85,71.61,72.87
33.35,33.35,51.93,71.51,72.37
29.28,29.28,49.63,71.94,72.60
31.66,31.66,48.51,72.84,72.58
33.49,33.49,48.32,73.00,72.49
31.97,31.97,46.23,71.98,72.45
27.38,27.38,44.21,72.09,72.40
26.77,26.77,44.23,71.91,75.47
28.06,28.06,42.85,71.16,84.08
28.74,28.74,52.01,69.91,82.35
30.80,30.80,50.15,69.29,81.36
37.84,37.84,50.02,69.71,80.35
32.42,32.42,47.36,67.81,80.97
37.63,37.63,46.11,67.02,80.49
47.18,47.18,45.60,67.19,81.81
40.90,40.90,43.90,67.14,81.51
41.17,41.17,42.46,64.92,82.14
49.45,49.45,42.88,64.47,80.56
46.70,46.70,42.14,64.79,79.73
42.83,42.83,45.47,65.96,79.03
49.86,49.86,50.63,65.54,78.88
52.95,52.95,49.85,64.72,79.97
45.34,45.34,47.19,64.44,80.57
51.59,51.59,47.32,64.65,79.91
53.38,53.38,45.70,63.02,80.74
48.12,48.12,43.92,62.94,80.09
43.88,43.88,42.88,64.38,79.37
46.74,46.74,44.01,63.73,79.64
38.31,38.31,43.33,63.27,80.45
31.06,31.06,47.08,62.79,80.26
28.51,28.51,63.10,64.07,81.12
26.85,26.85,54.72,64.26,80.60
27.93,27.93,50.49,63.38,79.84
29.99,29.99,47.51,64.02,80.25
33.24,33.24,46.63,65.50,80.60
34.25,34.25,46.25,65.07,81.46
34.88,34.88,44.46,63.82,77.38
35.36,35.36,43.43,65.10,77.34
37.52,37.52,43.00,64.59,76.36
40.82,40.82,43.69,63.58,72.51
43.90,43.90,47.61,63.70,61.01
47.57,47.57,51.74,64.71,60.33
40.24,40.24,51.42,65.66,63.48
44.43,44.43,49.94,63.96,63.84
44.23,44.23,49.56,51.13,63.89
36.49,36.49,46.89,44.14,63.43
36.83,36.83,46.62,30.04,61.29
43.97,43.97,45.65,25.61,58.19
39.14,39.14,44.03,32.66,55.76
28.04,28.04,44.31,41.06,56.70
24.94,24.94,52.21,59.55,77.95
27.46,27.46,64.99,78.26,83.08
23.10,23.10,72.39,85.54,80.48
22.80,22.80,70.40,82.95,81.04
26.65,26.65,66.89,76.60,80.39
29.41,29.41,70.05,79.55,81.68
33.21,33.21,65.79,74.75,81.66
31.84,31.84,65.86,70.58,79.20
30.42,30.42,56.99,70.19,79.55
29.18,29.18,57.14,67.57,81.54
26.88,26.88,60.97,69.41,79.77
27.19,27.19,58.86,75.07,81.04
28.28,28.28,57.04,75.32,80.11
27.11,27.11,53.83,75.02,82.33
29.00,29.00,52.51,72.29,81.04
29.05,29.05,49.57,70.15,80.90
28.30,28.30,49.06,72.27,79.63
28.02,28.02,46.98,73.93,80.04
27.36,27.36,45.62,74.68,78.40
27.51,27.51,44.36,74.04,78.85
23.71,23.71,44.03,73.80,80.52
26.46,26.46,47.31,71.32,80.89
27.05,27.05,63.37,67.48,80.29
25.11,25.11,54.70,67.01,79.74
27.36,27.36,50.66,68.60,80.55
25.84,25.84,48.00,69.57,80.31
27.70,27.70,47.41,66.66,80.54
28.81,28.81,47.16,67.49,78.70
29.35,29.35,45.82,70.54,80.34
32.17,32.17,43.83,72.62,79.45
29.00,29.00,43.97,72.05,79.12
26.67,26.67,48.84,71.64,79.60
31.88,31.88,55.24,71.69,77.91
31.68,31.68,72.20,82.86,80.11
29.94,29.94,67.07,79.20,78.11
28.54,28.54,62.94,73.45,78.81
27.89,27.89,69.14,72.40,78.35
28.41,28.41,64.00,74.89,78.34
29.34,29.34,67.27,73.41,77.68
31.80,31.80,63.16,73.85,76.15
29.09,29.09,58.47,70.51,76.53
28.09,28.09,59.51,73.96,73.94
28.98,28.98,56.98,71.91,74.83
35.93,35.93,57.66,74.12,75.88
36.56,36.56,53.72,72.50,76.52
34.51,34.51,58.13,75.04,76.23
35.25,35.25,51.57,70.53,74.44
36.20,36.20,50.34,69.84,76.50
36.82,36.82,48.65,70.43,76.28
38.11,38.11,54.12,67.37,75.60
36.59,36.59,49.56,68.66,74.94
35.34,35.34,45.87,70.40,74.55
29.53,29.53,50.30,70.49,73.98
31.36,31.36,60.59,67.46,75.19
32.49,32.49,58.56,69.47,72.56
38.73,38.73,53.87,67.91,83.03
32.48,32.48,51.02,70.09,78.34
33.20,33.20,49.73,67.32,79.64
34.03,34.03,49.16,69.44,78.42
35.13,35.13,48.61,65.55,78.17
36.12,36.12,47.83,69.67,77.39
37.70,37.70,46.94,62.48,77.33
39.90,39.90,46.16,69.38,77.13
42.90,42.90,48.67,65.03,76.84
38.28,38.28,53.99,68.45,68.54
33.70,33.70,51.61,66.61,67.16
32.71,32.71,50.72,69.14,66.00
35.46,35.46,49.47,68.59,65.51
36.44,36.44,48.72,68.75,64.58
32.06,32.06,47.52,69.29,63.58
28.51,28.51,46.65,69.01,65.68
23.14,23.14,45.07,67.79,67.65
29.36,29.36,46.25,58.49,71.15
28.04,28.04,45.53,59.49,81.54
27.83,27.83,52.63,51.68,78.99
26.84,26.84,52.03,58.82,78.19
26.33,26.33,51.77,51.48,77.64
26.07,26.07,50.15,58.54,77.59
28.31,28.31,49.34,52.44,77.13
29.46,29.46,47.81,58.19,76.46
30.24,30.24,46.54,52.71,75.92
30.68,30.68,44.96,59.31,75.59
29.98,29.98,44.84,51.77,76.02
24.80,24.80,51.62,56.70,75.88
22.94,22.94,55.82,59.30,75.86
19.89,19.89,65.76,74.58,76.89
17.14,17.14,65.83,82.32,81.52
19.45,19.45,69.50,87.60,80.85
23.32,23.32,60.12,81.37,83.72
26.62,26.62,64.47,83.87,80.48
28.84,28.84,63.19,82.29,81.25
31.57,31.57,60.18,75.58,80.25
32.33,32.33,58.76,78.74,82.50
33.38,33.38,59.25,80.36,80.40
33.70,33.70,56.55,74.96,79.73
40.20,40.20,55.54,73.36,79.56
40.37,40.37,56.76,77.39,81.90
40.51,40.51,54.72,74.44,78.76
40.07,40.07,52.56,70.75,81.43
39.65,39.65,55.03,72.70,79.94
39.75,39.75,52.37,69.55,79.11
39.21,39.21,49.20,65.54,80.06
38.27,38.27,50.45,62.98,80.95
37.83,37.83,50.98,61.99,82.16
36.76,36.76,50.49,54.46,79.59
39.15,39.15,51.69,63.81,81.79
43.67,43.67,50.34,62.66,79.26
43.14,43.14,48.88,67.55,80.57
41.70,41.70,47.13,70.39,79.78
41.13,41.13,45.32,72.38,80.57
40.89,40.89,43.92,71.97,77.04
41.22,41.22,42.86,73.06,79.51
39.07,39.07,41.25,74.41,80.07
36.03,36.03,41.08,75.54,79.55
32.60,32.60,42.32,75.18,78.79
27.67,27.67,44.39,75.43,79.75
32.58,32.58,63.67,77.61,82.10
25.88,25.88,61.91,82.38,81.04
28.83,28.83,57.94,76.76,80.41
32.48,32.48,60.86,66.12,79.83
35.89,35.89,59.83,76.95,80.63
38.51,38.51,60.12,77.68,78.62
39.87,39.87,58.51,71.04,80.20
39.47,39.47,58.98,73.75,78.51
40.04,40.04,58.30,77.59,79.88
39.04,39.04,55.70,74.65,78.47
41.52,41.52,54.05,71.00,79.44
40.34,40.34,54.64,75.83,74.56
36.22,36.22,53.35,75.03,78.34
35.30,35.30,52.25,69.63,74.79
37.87,37.87,52.25,73.65,79.68
38.46,38.46,50.45,73.81,77.43
38.97,38.97,47.30,70.40,78.82
38.45,38.45,46.25,69.80,78.40
38.51,38.51,47.37,71.06,78.81
37.89,37.89,45.97,70.77,74.74
35.97,35.97,43.08,66.46,75.78
43.40,43.40,51.89,67.82,76.17
41.62,41.62,50.54,67.51,74.10
41.18,41.18,48.89,63.47,72.56
42.10,42.10,46.98,64.56,73.14
42.04,42.04,45.30,64.01,77.31
41.55,41.55,44.95,58.30,75.58
41.53,41.53,43.55,57.18,75.30
38.88,38.88,42.78,58.17,73.05
32.08,32.08,44.21,55.73,75.18
29.24,29.24,47.20,56.83,74.02
27.10,27.10,58.08,60.76,80.42
23.48,23.48,60.32,57.62,77.26
27.99,27.99,53.47,63.29,78.08
32.02,32.02,49.56,62.43,78.55
35.64,35.64,48.54,63.83,76.86
36.69,36.69,46.11,58.67,76.19
37.83,37.83,46.18,53.45,76.66
37.93,37.93,44.55,49.02,77.38
38.05,38.05,43.01,56.18,76.85
37.48,37.48,41.90,53.97,75.81
38.45,38.45,42.41,52.16,76.69
42.26,42.26,52.11,55.17,74.71
37.17,37.17,51.23,50.13,67.52
30.98,30.98,50.64,53.59,66.13
29.76,29.76,49.07,53.13,75.54
26.26,26.26,48.39,51.38,74.47
28.13,28.13,47.96,54.92,74.20
29.79,29.79,46.01,55.81,73.42
30.22,30.22,44.43,56.12,73.94
31.09,31.09,44.02,56.89,73.31
27.38,27.38,44.12,56.69,73.83
27.56,27.56,51.95,66.95,77.74
23.41,23.41,64.41,80.12,79.15
23.42,23.42,60.15,80.37,78.74
24.14,24.14,65.68,86.50,79.75
25.11,25.11,60.29,86.06,77.40
26.97,26.97,62.66,87.31,78.36
28.79,28.79,58.00,84.76,77.94
29.05,29.05,55.66,84.19,79.70
28.33,28.33,56.59,85.17,80.03
28.45,28.45,49.19,83.85,79.69
28.65,28.65,53.72,82.02,78.99
34.61,34.61,53.54,82.39,77.81
34.05,34.05,52.86,81.19,76.76
34.61,34.61,51.41,79.29,76.87
35.33,35.33,48.76,79.84,79.62
36.18,36.18,48.58,79.12,79.78
38.32,38.32,45.84,77.26,80.18
38.51,38.51,44.94,78.83,79.19
35.18,35.18,42.97,76.89,77.81
32.26,32.26,43.95,77.40,75.49
24.56,24.56,45.52,78.10,77.98
26.59,26.59,60.18,76.39,78.57
23.63,23.63,59.59,77.12,79.21
26.43,26.43,52.34,78.60,79.04
30.41,30.41,49.63,76.20,78.70
33.08,33.08,48.01,77.57,76.45
34.82,34.82,47.15,77.46,75.48
35.10,35.10,45.51,75.65,77.46
35.98,35.98,44.00,76.17,78.23
36.39,36.39,43.04,76.99,78.59
35.91,35.91,41.04,75.27,77.19
36.16,36.16,44.74,75.88,77.46
41.23,41.23,51.65,75.98,75.81
40.49,40.49,50.74,74.15,74.19
39.83,39.83,48.95,74.66,73.94
40.93,40.93,47.39,74.87,74.43
43.44,43.44,45.53,73.74,73.54
40.71,40.71,44.89,73.38,74.75
40.12,40.12,44.13,73.80,74.16
37.88,37.88,41.72,72.63,73.53
34.28,34.28,43.37,71.95,73.75
28.30,28.30,42.77,72.69,72.85
36.04,36.04,51.69,71.71,78.30
34.37,34.37,51.48,69.76,80.23
34.56,34.56,50.46,70.22,78.12
36.39,36.39,48.50,69.44,77.89
37.33,37.33,47.66,67.57,76.93
37.68,37.68,46.39,68.66,77.59
37.92,37.92,45.23,68.04,76.45
36.14,36.14,44.07,66.76,77.63
33.51,33.51,46.36,66.81,77.30
26.99,26.99,48.25,66.49,69.68
19.85,19.85,54.24,63.61,67.09
18.36,18.36,62.72,63.90,69.41
24.53,24.53,54.36,65.82,70.96
29.44,29.44,51.26,64.88,69.91
34.26,34.26,48.63,65.90,72.59
35.18,35.18,47.66,65.60,69.06
32.84,32.84,46.88,63.17,71.08
30.25,30.25,46.01,63.23,68.71
25.96,25.96,44.64,65.05,67.95
33.62,33.62,47.71,65.34,76.24
28.50,28.50,47.76,64.10,79.41
24.04,24.04,53.52,64.78,78.47
23.35,23.35,52.90,63.65,79.55
32.45,32.45,53.25,62.30,81.27
32.81,32.81,50.88,63.92,76.16
33.97,33.97,49.59,63.70,79.01
34.14,34.14,47.83,54.55,80.26
33.51,33.51,46.78,40.93,75.02
32.14,32.14,46.03,32.59,76.39
32.12,32.12,45.41,37.61,75.79
35.86,35.86,47.05,42.72,74.69
35.33,35.33,49.57,35.29,77.15
33.80,33.80,53.31,30.36,75.89
33.48,33.48,51.89,27.81,72.22
33.96,33.96,50.24,27.92,72.97
35.73,35.73,49.42,20.94,74.51
36.87,36.87,48.53,23.56,73.55
39.75,39.75,47.33,20.20,74.02
40.01,40.01,46.88,21.00,73.06
35.49,35.49,46.12,30.22,72.70
32.16,32.16,46.77,40.29,73.88
31.61,31.61,46.30,54.83,73.27
32.62,32.62,64.04,73.23,81.55
29.98,29.98,57.07,86.29,80.67
31.63,31.63,53.24,86.77,79.08
33.57,33.57,50.13,82.74,77.70
33.43,33.43,48.95,83.42,77.46
33.69,33.69,48.30,80.56,76.21
37.38,37.38,47.06,81.08,75.26
38.10,38.10,45.31,81.35,74.79
38.51,38.51,44.22,81.51,74.48
36.59,36.59,43.29,80.88,75.23
34.47,34.47,47.38,79.46,73.77
33.27,33.27,52.75,75.72,73.43
30.94,30.94,52.03,74.15,74.16
32.82,32.82,49.89,75.15,74.20
32.62,32.62,49.25,74.96,73.82
32.49,32.49,48.22,69.79,74.91
33.86,33.86,47.57,68.72,75.27
33.33,33.33,44.99,68.94,74.36
33.40,33.40,43.57,69.12,75.12
31.91,31.91,43.23,68.80,74.71
28.35,28.35,43.25,67.28,74.77
30.56,30.56,53.27,69.28,78.20
27.57,27.57,51.47,67.08,78.75
23.89,23.89,50.66,66.45,83.78
24.44,24.44,48.02,68.33,83.92
21.74,21.74,47.33,70.10,82.04
21.63,21.63,46.44,67.09,83.20
24.28,24.28,45.27,68.16,79.98
25.19,25.19,43.50,70.26,80.63
24.40,24.40,43.45,72.22,79.11
23.44,23.44,43.65,69.74,75.72
24.86,24.86,55.54,72.20,74.12
22.56,22.56,60.68,80.96,75.29
24.22,24.22,53.82,88.88,73.98
27.86,27.86,50.48,84.85,75.43
25.50,25.50,49.09,84.43,75.39
23.07,23.07,47.32,82.81,74.41
23.41,23.41,47.62,81.14,74.07
24.63,24.63,46.21,82.08,74.64
25.54,25.54,44.21,80.74,73.86
23.90,23.90,43.78,82.54,73.99
23.73,23.73,43.93,80.67,74.03
24.47,24.47,53.49,81.14,73.79
23.59,23.59,51.82,80.13,73.72
23.28,23.28,52.08,79.13,73.96
25.52,25.52,49.76,80.63,73.32
25.83,25.83,48.28,79.37,72.96
27.45,27.45,48.13,79.55,73.91
28.07,28.07,46.12,79.28,73.33
26.81,26.81,44.85,78.10,73.94
26.68,26.68,44.55,77.57,74.04
23.81,23.81,43.79,77.76,74.32
25.17,25.17,49.73,77.69,74.34
22.32,22.32,52.77,77.07,75.32
19.69,19.69,51.83,76.58,78.44
21.11,21.11,49.23,76.75,82.52
20.94,20.94,48.25,74.91,82.15
19.39,19.39,46.11,74.60,82.69
21.34,21.34,46.17,74.20,79.47
20.60,20.60,44.32,73.76,82.24
19.17,19.17,44.03,73.65,80.11
18.74,18.74,44.41,72.76,75.36
19.15,19.15,50.65,72.53,76.91
20.99,20.99,63.69,70.78,74.27
26.30,26.30,54.52,71.07,73.73
29.94,29.94,50.87,70.50,74.39
29.80,29.80,48.92,69.01,74.42
27.08,27.08,48.09,68.37,73.85
28.45,28.45,48.32,67.58,74.93
29.47,29.47,46.69,68.74,75.77
29.82,29.82,45.05,67.64,75.40
27.24,27.24,44.85,68.74,76.01
24.72,24.72,43.37,67.50,76.41
25.67,25.67,50.04,68.02,76.30
24.02,24.02,51.65,58.75,76.33
22.31,22.31,51.66,62.21,79.94
19.82,19.82,48.47,61.98,80.24
18.41,18.41,47.56,62.28,80.88
21.15,21.15,47.03,62.88,81.65
21.82,21.82,45.51,63.55,78.91
20.76,20.76,44.08,64.01,82.26
20.46,20.46,43.02,64.47,81.75
19.56,19.56,42.46,64.53,79.00
17.29,17.29,44.82,65.40,83.70
21.10,21.10,52.78,77.05,82.79
18.31,18.31,50.50,85.78,81.50
17.86,17.86,49.27,83.80,81.07
20.37,20.37,47.36,82.05,74.87
23.47,23.47,46.26,80.10,79.42
26.28,26.28,46.37,77.72,82.25
23.62,23.62,44.69,80.64,79.43
20.15,20.15,42.59,79.11,81.27
21.74,21.74,43.11,78.71,81.07
20.19,20.19,42.17,78.33,78.13
23.14,23.14,49.42,76.79,79.83
24.09,24.09,51.10,75.18,77.39
24.94,24.94,50.53,72.67,78.25
24.36,24.36,48.54,71.91,77.45
23.33,23.33,47.63,73.58,80.11
25.03,25.03,47.17,70.18,78.71
25.82,25.82,45.87,65.85,78.73
26.43,26.43,44.95,68.68,81.57
26.70,26.70,44.23,69.14,78.33
19.50,19.50,43.87,69.23,79.30
19.89,19.89,50.18,68.26,76.14
19.85,19.85,62.43,68.50,79.69
18.14,18.14,53.90,69.42,79.41
19.18,19.18,50.86,66.23,79.16
21.51,21.51,48.41,67.68,81.62
23.56,23.56,48.06,70.68,80.29
24.46,24.46,47.18,71.03,78.73
25.79,25.79,46.40,69.38,80.34
24.46,24.46,43.72,70.45,75.35
25.85,25.85,44.36,72.24,79.64
23.19,23.19,43.71,73.44,77.92
26.68,26.68,52.45,72.02,80.01
22.80,22.80,51.48,79.15,80.37
21.53,21.53,50.74,85.50,78.39
27.26,27.26,48.84,81.20,83.91
25.31,25.31,47.42,83.13,81.27
23.96,23.96,46.62,79.60,80.43
26.59,26.59,45.42,78.92,80.00
29.33,29.33,45.06,80.14,79.10
32.03,32.03,43.66,78.68,80.19
32.77,32.77,43.55,79.62,78.08
31.67,31.67,47.30,77.21,77.38
34.93,34.93,52.57,77.56,77.61
31.41,31.41,51.71,76.91,67.23
23.98,23.98,50.12,74.85,65.93
25.43,25.43,48.89,76.57,67.05
28.78,28.78,48.08,74.63,67.41
33.70,33.70,47.92,75.93,67.43
32.04,32.04,46.23,75.33,68.12
29.67,29.67,45.12,74.38,66.96
23.63,23.63,44.82,75.05,65.40
19.75,19.75,44.58,73.25,65.17
25.42,25.42,61.69,74.71,66.11
29.94,29.94,57.44,74.07,81.14
27.54,27.54,52.72,72.65,79.46
26.22,26.22,49.98,65.59,78.28
26.48,26.48,49.03,68.51,77.36
26.77,26.77,48.62,67.21,77.01
28.62,28.62,48.26,66.83,76.80
30.13,30.13,46.97,67.94,76.67
30.82,30.82,45.17,67.49,76.74
29.27,29.27,44.51,68.60,76.28
26.71,26.71,49.26,67.41,76.75
23.42,23.42,53.19,78.65,73.76
22.68,22.68,51.79,89.05,76.15
18.83,18.83,49.29,82.08,80.98
23.53,23.53,48.42,83.18,79.59
28.24,28.24,47.25,81.54,77.41
26.50,26.50,47.05,78.41,76.54
27.17,27.17,45.42,79.92,77.06
27.11,27.11,43.48,78.22,77.36
27.22,27.22,43.51,80.87,75.92
29.92,29.92,43.98,79.18,74.60
30.17,30.17,53.27,79.15,68.26
32.54,32.54,52.16,80.08,68.95
35.01,35.01,51.88,78.11,68.58
38.16,38.16,49.46,79.27,69.28
40.59,40.59,48.60,78.46,69.30
39.87,39.87,48.69,78.03,69.32
36.78,36.78,47.22,77.79,69.99
31.10,31.10,45.11,76.01,69.46
27.14,27.14,45.08,76.75,69.00
25.11,25.11,47.64,76.41,69.99
23.34,23.34,57.76,77.04,77.35
15.43,15.43,61.92,80.19,76.71
19.68,19.68,53.89,76.24,76.35
21.62,21.62,52.59,84.02,75.93
20.90,20.90,50.55,76.91,75.66
21.35,21.35,50.40,84.89,73.98
22.63,22.63,50.25,80.86,75.81
24.16,24.16,49.85,83.79,76.09
26.49,26.49,48.26,80.47,76.43
25.71,25.71,48.42,82.15,76.02
23.98,23.98,47.33,78.36,76.82
24.07,24.07,53.40,80.29,78.04
23.19,23.19,52.31,76.33,78.37
23.97,23.97,51.36,78.85,79.82
21.93,21.93,49.18,76.63,79.55
20.99,20.99,48.03,74.77,79.94
20.52,20.52,47.20,74.44,79.94
22.98,22.98,46.12,74.68,79.76
22.46,22.46,43.90,74.40,79.68
23.13,23.13,43.94,73.90,78.98
22.52,22.52,42.29,73.78,78.89
22.90,22.90,48.24,73.46,79.21
21.30,21.30,51.71,72.86,79.68
21.67,21.67,51.15,72.21,79.14
25.02,25.02,48.79,71.49,79.20
23.20,23.20,48.25,70.72,78.55
23.62,23.62,46.50,69.23,77.89
27.72,27.72,46.65,67.28,78.01
27.59,27.59,44.06,63.75,77.44
24.19,24.19,43.24,64.89,75.79
18.13,18.13,43.78,66.19,76.02
9.46,9.46,46.97,65.76,75.94
9.57,9.57,64.24,72.22,81.30
9.24,9.24,61.27,87.21,81.38
11.07,11.07,59.78,86.99,79.89
14.74,14.74,59.06,83.01,81.63
20.04,20.04,59.69,84.72,80.00
23.98,23.98,60.15,79.24,79.72
26.85,26.85,58.99,81.52,77.69
27.51,27.51,58.46,79.29,80.46
29.17,29.17,58.52,81.29,77.62
28.56,28.56,55.53,80.32,79.36
32.81,32.81,55.39,80.40,78.86
35.69,35.69,54.87,79.25,80.82
36.84,36.84,55.53,79.30,75.66
37.36,37.36,53.63,77.97,78.50
38.20,38.20,52.09,79.68,79.35
37.77,37.77,50.80,76.43,80.13
38.00,38.00,50.87,78.88,74.93
35.07,35.07,50.21,74.91,78.45
30.14,30.14,50.78,77.04,77.60
25.70,25.70,50.51,74.96,80.89
21.65,21.65,50.84,75.54,83.45
25.55,25.55,52.31,74.24,81.63
22.77,22.77,51.00,73.86,81.02
21.87,21.87,49.72,72.79,79.56
24.00,24.00,48.89,72.30,79.97
25.69,25.69,48.42,71.68,80.98
27.37,27.37,47.72,71.05,77.31
27.62,27.62,46.35,70.71,80.25
24.82,24.82,45.22,68.10,79.13
22.48,22.48,45.57,70.48,78.54
17.17,17.17,47.09,65.25,77.08
19.64,19.64,60.93,68.40,80.72
18.64,18.64,58.66,63.20,77.89
18.60,18.60,52.47,65.76,78.93
21.26,21.26,49.71,61.79,79.17
23.99,23.99,48.16,63.19,77.28
26.34,26.34,46.80,61.06,76.00
26.93,26.93,45.77,62.37,77.32
27.54,27.54,44.86,61.31,78.48
28.55,28.55,43.66,61.12,78.90
28.30,28.30,42.49,60.79,77.57
26.89,26.89,45.29,61.97,76.37
33.28,33.28,52.54,63.14,77.76
32.35,32.35,51.40,63.88,78.40
31.39,31.39,50.09,64.10,76.87
31.95,31.95,48.29,64.77,77.63
32.47,32.47,46.87,65.06,77.29
32.60,32.60,47.22,65.51,77.58
30.97,30.97,45.14,66.07,76.17
27.70,27.70,43.03,65.00,78.66
26.11,26.11,44.18,66.01,79.71
21.34,21.34,47.06,64.91,78.79
26.96,26.96,55.53,71.33,82.63
31.25,31.25,61.05,78.70,81.27
28.63,28.63,58.27,78.54,75.50
24.80,24.80,59.81,81.04,81.00
27.56,27.56,57.21,78.19,76.19
28.19,28.19,57.31,80.14,78.54
29.86,29.86,54.12,80.25,76.04
29.72,29.72,54.18,80.36,77.52
29.80,29.80,53.45,80.05,75.55
28.25,28.25,53.67,79.27,78.15
30.46,30.46,55.10,78.48,77.40
33.13,33.13,54.43,77.51,77.65
32.79,32.79,53.84,76.85,78.57
32.35,32.35,51.53,75.88,76.19
33.94,33.94,50.28,74.75,78.94
36.75,36.75,48.42,72.82,71.68
35.94,35.94,47.08,72.27,78.37
36.13,36.13,46.61,73.08,72.68
31.77,31.77,44.21,72.90,78.88
30.00,30.00,44.75,72.95,74.18
24.85,24.85,45.69,73.22,78.54
24.54,24.54,61.41,72.64,75.66
21.47,21.47,58.12,72.11,77.63
22.59,22.59,52.41,71.54,76.57
26.27,26.27,49.06,70.92,76.95
31.21,31.21,48.04,69.78,77.94
33.15,33.15,46.77,67.81,74.33
34.28,34.28,45.21,65.50,78.38
33.21,33.21,44.10,64.69,74.88
32.79,32.79,43.14,63.85,79.09
32.77,32.77,41.97,62.73,75.68
34.20,34.20,46.26,64.13,78.26
37.59,37.59,51.68,65.01,74.43
37.34,37.34,50.34,65.31,77.98
37.57,37.57,47.99,64.91,76.27
39.36,39.36,46.71,65.05,77.54
41.25,41.25,45.34,64.51,76.24
41.82,41.82,44.17,62.15,77.30
41.32,41.32,42.63,63.77,76.67
39.80,39.80,41.44,65.22,76.88
38.19,38.19,41.79,65.41,75.76
33.28,33.28,42.29,65.40,75.33
33.01,33.01,51.75,65.46,78.02
29.53,29.53,50.73,64.42,77.54
28.76,28.76,50.49,63.15,77.20
29.42,29.42,48.01,63.60,77.11
31.64,31.64,46.96,64.58,75.21
32.91,32.91,46.48,65.25,75.44
33.00,33.00,45.19,65.21,75.83
31.28,31.28,44.62,65.21,74.92
29.33,29.33,44.67,65.19,75.49
22.92,22.92,46.91,65.25,75.76
23.60,23.60,55.81,65.25,73.78
25.23,25.23,62.36,64.64,74.46
28.50,28.50,53.84,64.53,69.72
35.43,35.43,50.04,64.54,63.20
42.03,42.03,48.22,64.62,58.07
45.20,45.20,46.18,64.57,56.64
40.85,40.85,45.62,63.83,60.41
34.91,34.91,44.52,63.61,61.57
29.73,29.73,43.10,62.71,62.91
29.09,29.09,44.04,61.74,64.39
26.59,26.59,46.15,60.86,81.79
19.65,19.65,52.48,51.10,78.89
20.34,20.34,50.74,39.70,77.25
22.15,22.15,51.01,30.42,76.49
23.05,23.05,48.71,28.18,76.36
24.63,24.63,48.32,26.29,75.92
26.09,26.09,47.61,18.49,75.48
27.86,27.86,46.74,14.30,75.54
27.11,27.11,45.17,13.12,74.80
26.57,26.57,45.29,21.97,74.78
24.96,24.96,44.41,14.29,75.08
24.36,24.36,48.97,15.36,74.93
23.47,23.47,52.50,19.35,74.97
23.35,23.35,51.95,33.76,74.88
25.63,25.63,50.42,42.17,72.52
24.14,24.14,49.58,36.78,76.66
23.64,23.64,48.36,26.62,74.97
25.47,25.47,48.10,19.47,73.25
25.32,25.32,46.47,10.61,75.40
24.99,24.99,44.65,28.00,74.07
21.32,21.32,45.38,38.05,72.51
25.66,25.66,51.43,54.56,76.01
26.68,26.68,68.75,70.74,76.31
23.28,23.28,68.47,83.31,76.16
22.73,22.73,65.56,86.53,75.05
21.75,21.75,64.35,85.67,76.45
23.03,23.03,63.31,84.81,76.81
24.50,24.50,62.85,85.28,77.05
26.57,26.57,60.24,80.50,76.71
30.95,30.95,60.27,78.58,76.59
30.91,30.91,61.65,82.71,77.13
26.13,26.13,59.35,79.92,76.68
26.89,26.89,59.46,72.75,76.21
28.23,28.23,59.22,79.17,75.85
27.21,27.21,57.34,78.56,75.26
29.25,29.25,55.11,71.74,74.50
32.04,32.04,54.83,74.14,74.52
35.82,35.82,54.63,73.74,71.32
32.01,32.01,53.15,69.46,71.00
29.04,29.04,52.91,66.55,72.11
27.32,27.32,54.50,62.72,73.15
27.55,27.55,51.44,64.34,73.73
32.41,32.41,52.86,64.73,74.48
31.79,31.79,66.23,67.49,73.58
29.09,29.09,56.44,64.95,73.70
26.53,26.53,52.90,70.41,72.74
28.70,28.70,50.71,73.59,72.95
28.81,28.81,49.83,73.50,72.13
29.46,29.46,49.19,75.17,71.97
30.67,30.67,48.28,75.74,72.22
29.22,29.22,46.49,77.30,72.59
27.99,27.99,47.00,77.70,72.52
25.04,25.04,49.48,77.30,73.48
25.80,25.80,61.52,76.71,73.51
28.30,28.30,70.71,84.24,74.80
27.32,27.32,69.82,80.73,74.76
30.73,30.73,66.15,80.77,74.78
32.63,32.63,66.03,78.68,74.28
32.59,32.59,66.74,79.06,73.53
31.34,31.34,63.09,77.11,73.36
29.81,29.81,63.08,77.79,74.26
24.91,24.91,62.82,79.54,74.64
19.58,19.58,61.63,71.50,74.43
18.24,18.24,60.76,78.31,79.70
16.82,16.82,65.13,75.94,85.52
12.06,12.06,58.95,73.81,85.29
15.40,15.40,56.82,71.03,83.34
19.18,19.18,56.30,72.09,82.06
24.46,24.46,55.09,74.41,83.73
28.27,28.27,52.56,68.54,80.92
29.80,29.80,52.39,70.10,80.55
30.28,30.28,50.93,70.91,79.26
33.04,33.04,48.41,69.77,77.81
33.05,33.05,48.12,69.97,76.83
36.40,36.40,52.22,67.74,73.55
33.81,33.81,50.88,68.09,73.85
30.28,30.28,50.65,66.67,75.20
28.03,28.03,48.92,62.13,83.02
28.49,28.49,47.64,62.91,80.27
30.41,30.41,47.11,66.06,80.34
30.76,30.76,44.86,60.41,80.35
31.17,31.17,43.20,61.24,82.88
29.65,29.65,43.18,63.91,76.87
25.48,25.48,43.78,58.78,81.29
26.91,26.91,51.73,60.98,75.76
24.21,24.21,66.80,64.43,73.64
24.63,24.63,54.45,60.43,71.25
25.93,25.93,51.49,63.36,70.81
28.25,28.25,48.51,66.77,70.31
30.69,30.69,48.34,62.81,69.15
29.96,29.96,47.11,66.25,68.27
28.38,28.38,46.73,68.02,67.76
29.06,29.06,44.16,62.16,67.75
30.16,30.16,44.84,61.48,67.61
29.59,29.59,44.13,61.92,67.71
30.66,30.66,52.36,61.68,66.01
32.27,32.27,52.89,61.68,64.90
33.37,33.37,52.05,60.92,63.95
35.07,35.07,50.37,60.39,64.06
34.39,34.39,49.20,60.45,63.69
33.06,33.06,47.98,59.97,63.53
31.33,31.33,46.39,59.51,62.95
28.63,28.63,44.59,57.61,63.17
24.82,24.82,44.53,55.97,63.44
21.71,21.71,45.00,55.04,73.37
13.51,13.51,55.87,53.99,79.16
9.80,9.80,65.86,74.01,81.79
17.98,17.98,64.90,81.83,83.48
19.02,19.02,65.20,87.58,80.45
18.92,18.92,59.86,82.06,80.25
19.92,19.92,60.31,84.41,82.59
22.02,22.02,59.28,83.66,78.75
25.03,25.03,59.26,76.53,81.38
25.96,25.96,59.76,78.04,80.06
27.14,27.14,60.27,81.28,79.10
28.06,28.06,58.94,75.94,80.37
33.05,33.05,58.62,73.21,79.83
32.96,32.96,58.32,77.19,80.20
34.25,34.25,56.44,75.74,80.39
34.23,34.23,53.64,71.45,81.46
35.78,35.78,55.30,72.57,79.45
36.01,36.01,53.77,70.27,82.30
36.29,36.29,51.11,66.78,77.66
35.72,35.72,51.47,63.94,80.15
34.04,34.04,51.61,63.02,76.17
29.71,29.71,50.43,56.76,79.50
34.06,34.06,57.48,63.80,79.06
29.25,29.25,64.94,64.34,74.96
28.68,28.68,54.13,66.83,70.39
30.94,30.94,50.80,70.67,67.40
33.57,33.57,48.83,72.76,66.82
36.10,36.10,47.99,72.54,65.86
35.42,35.42,47.30,73.33,64.89
36.58,36.58,45.37,76.34,64.39
39.40,39.40,42.69,76.33,63.82
35.63,35.63,42.61,75.98,63.94
31.59,31.59,49.66,76.89,62.78
30.09,30.09,56.51,73.88,62.91
21.78,21.78,72.10,87.82,77.25
19.78,19.78,69.79,78.17,82.38
21.35,21.35,70.20,79.17,80.36
25.52,25.52,69.77,77.52,82.24
29.03,29.03,69.15,75.70,81.44
31.38,31.38,65.74,71.03,80.54
31.14,31.14,64.68,78.67,82.48
27.66,27.66,63.64,77.69,80.24
24.01,24.01,61.86,70.38,77.84
23.95,23.95,64.46,75.82,74.66
22.71,22.71,64.41,78.54,68.45
27.52,27.52,58.84,72.79,68.82
30.66,30.66,57.69,68.36,63.94
31.09,31.09,57.95,76.28,64.20
33.30,33.30,56.82,75.59,63.62
34.08,34.08,55.37,65.88,62.46
33.51,33.51,55.07,74.35,62.83
32.09,32.09,54.91,73.30,65.30
22.90,22.90,52.44,69.39,67.46
21.71,21.71,51.21,71.18,70.90
22.16,22.16,64.58,69.15,78.02
18.58,18.58,56.31,68.07,77.04
21.60,21.60,53.19,64.21,76.58
25.78,25.78,50.45,64.56,76.44
26.96,26.96,49.93,63.65,75.65
29.31,29.31,48.32,66.14,75.57
27.82,27.82,47.36,64.49,75.56
24.61,24.61,45.51,61.10,76.18
22.04,22.04,44.99,65.28,76.35
24.84,24.84,48.34,61.81,78.69
24.48,24.48,57.63,59.29,81.89
19.15,19.15,61.60,64.31,79.03
19.21,19.21,51.55,61.46,79.19
20.27,20.27,50.08,60.44,77.04
22.03,22.03,48.15,65.98,78.34
23.98,23.98,46.39,64.53,77.03
25.81,25.81,46.51,63.74,77.57
27.28,27.28,45.02,65.73,77.18
27.74,27.74,43.31,64.97,76.96
27.24,27.24,42.70,59.92,77.68
24.94,24.94,42.99,58.85,75.66
28.73,28.73,53.34,57.59,75.75
31.00,31.00,52.13,54.94,78.53
26.06,26.06,51.04,53.63,79.39
24.11,24.11,48.49,52.67,77.65
25.25,25.25,47.96,52.96,76.92
27.19,27.19,47.67,53.25,76.09
27.46,27.46,45.93,53.07,75.33
28.11,28.11,44.40,54.31,75.73
27.08,27.08,45.23,54.36,75.29
25.63,25.63,47.94,56.45,75.27
31.09,31.09,62.64,57.10,75.29
29.20,29.20,65.44,78.07,76.26
30.10,30.10,62.61,87.39,76.87
29.55,29.55,64.28,88.84,76.63
32.14,32.14,61.19,85.68,76.25
32.89,32.89,62.48,85.34,76.09
30.71,30.71,54.74,80.98,76.27
29.51,29.51,48.74,82.85,76.20
30.67,30.67,52.86,83.08,76.08
26.92,26.92,52.86,84.56,76.30
28.33,28.33,52.26,83.32,76.07
24.54,24.54,54.45,83.70,75.98
25.11,25.11,52.34,81.57,75.67
25.30,25.30,51.18,83.21,76.06
26.93,26.93,49.39,83.86,75.78
25.38,25.38,48.43,83.72,75.25
26.71,26.71,48.25,83.42,75.81
25.75,25.75,46.80,80.41,75.71
25.62,25.62,45.89,82.88,75.48
22.48,22.48,46.25,81.35,75.31
25.49,25.49,47.26,82.97,75.88
33.43,33.43,61.33,80.30,75.96
25.67,25.67,60.45,82.50,75.37
21.81,21.81,53.05,81.12,75.48
22.62,22.62,50.25,81.48,75.51
21.63,21.63,49.19,80.53,75.08
25.85,25.85,48.92,79.09,74.91
25.30,25.30,47.43,82.47,75.34
25.15,25.15,46.74,80.55,74.99
25.38,25.38,45.85,81.79,74.55
24.41,24.41,46.07,78.47,74.82
26.02,26.02,52.53,81.66,75.16
31.03,31.03,64.48,77.59,74.80
29.74,29.74,62.12,86.70,74.82
29.62,29.62,57.88,77.55,75.29
27.24,27.24,51.78,76.73,75.31
30.05,30.05,58.76,79.39,74.72
30.58,30.58,59.07,81.16,75.07
27.84,27.84,58.75,83.54,74.68
22.71,22.71,54.38,79.06,74.97
20.92,20.92,51.50,80.67,75.26
24.98,24.98,48.84,78.02,82.49
26.20,26.20,60.25,79.33,82.83
20.79,20.79,58.22,78.39,84.08
16.41,16.41,50.49,79.53,81.90
18.40,18.40,48.04,81.26,81.64
21.04,21.04,46.34,78.63,84.05
25.00,25.00,45.42,79.06,81.98
25.91,25.91,42.95,76.98,82.29
28.50,28.50,41.87,78.38,76.81
29.58,29.58,41.24,78.27,76.44
30.42,30.42,40.72,80.47,74.47
32.10,32.10,44.26,79.42,74.28
34.51,34.51,51.17,79.53,73.40
28.37,28.37,49.44,78.96,74.66
25.57,25.57,47.38,77.58,83.54
24.72,24.72,44.91,78.44,81.96
24.93,24.93,44.72,76.70,83.79
26.07,26.07,43.90,79.68,78.06
27.31,27.31,42.51,77.31,80.47
24.72,24.72,41.18,78.86,82.69
22.24,22.24,43.82,77.59,77.81
25.48,25.48,45.75,76.85,79.78
30.97,30.97,63.96,78.05,76.67
21.02,21.02,59.30,76.95,74.87
15.81,15.81,52.12,78.33,73.69
13.37,13.37,49.73,77.88,73.32
16.66,16.66,49.17,78.84,72.46
20.21,20.21,48.13,77.52,73.28
22.50,22.50,46.68,70.42,73.71
23.68,23.68,45.86,60.94,72.73
24.33,24.33,44.58,50.78,72.33
24.71,24.71,43.89,55.68,73.08
25.20,25.20,48.13,52.33,72.83
26.01,26.01,53.40,53.84,72.10
26.77,26.77,52.20,46.46,72.35
26.48,26.48,50.50,51.13,73.25
27.87,27.87,49.56,52.56,71.64
28.22,28.22,48.75,49.53,71.43
30.57,30.57,47.98,51.53,72.08
32.33,32.33,46.48,49.42,71.83
29.54,29.54,44.79,51.06,71.41
24.18,24.18,45.58,48.58,71.34
21.90,21.90,48.06,56.59,72.39
22.84,22.84,65.10,66.54,73.27
16.11,16.11,63.99,81.21,80.21
9.90,9.90,66.69,86.53,82.01
11.48,11.48,63.38,87.09,78.73
16.77,16.77,60.12,83.90,80.15
19.91,19.91,58.27,82.97,81.18
21.66,21.66,49.72,79.74,79.07
23.04,23.04,49.95,81.20,79.81
26.06,26.06,55.87,82.92,79.83
28.01,28.01,51.65,82.54,81.97
29.22,29.22,52.22,83.29,80.22
31.06,31.06,50.48,80.83,81.34
32.26,32.26,49.09,82.89,79.82
33.08,33.08,47.33,81.89,81.50
33.77,33.77,45.61,83.31,80.81
34.57,34.57,44.50,80.38,78.07
34.43,34.43,43.87,82.10,81.00
32.26,32.26,42.03,81.55,77.16
28.31,28.31,41.42,81.31,81.24
22.96,22.96,43.51,81.81,72.63
17.18,17.18,46.03,79.77,72.10
18.17,18.17,66.24,82.86,69.92
14.94,14.94,57.45,81.05,71.11
13.95,13.95,52.70,82.11,70.48
16.21,16.21,49.31,78.53,69.40
17.47,17.47,49.20,81.65,70.02
19.08,19.08,48.63,81.13,70.16
19.25,19.25,46.71,82.46,69.76
19.60,19.60,45.26,81.19,70.12
21.16,21.16,44.55,80.00,70.07
19.27,19.27,44.00,82.37,70.02
20.81,20.81,49.30,80.93,69.52
17.35,17.35,54.39,78.17,70.46
13.39,13.39,57.97,86.67,77.45
11.92,11.92,49.52,75.78,84.66
12.02,12.02,54.79,75.38,82.15
12.41,12.41,60.91,80.63,81.29
17.19,17.19,57.36,80.55,78.30
18.92,18.92,55.63,81.29,80.89
19.61,19.61,53.95,79.82,82.38
16.42,16.42,48.86,76.55,79.39
18.77,18.77,46.42,80.67,77.70
20.94,20.94,65.47,75.61,71.11
22.63,22.63,55.50,81.09,69.08
23.83,23.83,51.91,79.79,68.85
24.77,24.77,49.23,80.96,67.94
27.96,27.96,48.23,80.54,67.43
33.68,33.68,47.98,78.84,66.86
33.68,33.68,46.41,80.24,66.76
34.09,34.09,45.34,79.31,64.41
38.40,38.40,45.07,80.32,64.86
36.82,36.82,45.26,80.88,62.08
31.61,31.61,55.34,81.48,60.86
27.63,27.63,60.95,79.83,62.01
28.89,28.89,53.52,80.95,61.59
35.47,35.47,51.32,78.81,61.03
38.79,38.79,49.96,80.22,62.61
37.40,37.40,48.74,80.34,61.29
25.19,25.19,48.40,80.03,58.56
21.75,21.75,46.46,81.22,58.59
18.63,18.63,45.91,78.80,60.24
20.98,20.98,50.12,81.44,79.22
21.57,21.57,49.10,77.94,78.54
23.67,23.67,66.50,79.51,77.04
22.68,22.68,56.03,79.61,76.47
20.69,20.69,52.17,78.56,75.57
21.70,21.70,49.86,80.45,75.27
24.75,24.75,49.18,78.64,75.13
23.85,23.85,49.35,67.84,75.04
23.61,23.61,47.16,66.82,74.54
22.66,22.66,45.43,63.92,74.48
22.81,22.81,45.16,60.33,74.39
20.27,20.27,44.48,63.82,74.39
20.93,20.93,50.31,56.92,74.27
21.66,21.66,52.87,59.03,74.15
22.31,22.31,51.39,50.21,74.09
27.51,27.51,49.85,53.56,75.44
26.45,26.45,49.31,50.32,82.36
21.56,21.56,47.88,49.54,79.21
20.25,20.25,47.61,49.30,77.85
21.06,21.06,46.28,47.33,76.70
21.43,21.43,46.68,49.34,76.36
23.44,23.44,49.63,51.20,75.90
24.87,24.87,54.79,57.94,75.95
24.43,24.43,68.51,70.67,75.71
22.76,22.76,64.91,84.00,76.43
25.41,25.41,64.56,85.62,77.37
25.25,25.25,62.26,84.67,76.13
24.15,24.15,61.90,84.60,76.36
22.40,22.40,60.79,86.66,75.94
23.46,23.46,59.49,79.31,76.61
24.95,24.95,58.61,78.31,75.83
24.98,24.98,58.54,84.34,75.25
23.80,23.80,55.32,78.94,76.01
24.98,24.98,55.40,72.52,75.65
25.48,25.48,55.84,79.53,75.24
26.95,26.95,54.85,78.89,75.57
28.02,28.02,53.48,70.88,75.90
30.41,30.41,53.55,74.23,75.48
31.16,31.16,53.09,73.62,74.90
32.30,32.30,50.62,69.22,75.78
31.97,31.97,49.47,67.76,75.23
30.81,30.81,50.61,61.98,75.06
29.54,29.54,49.51,62.85,74.97
33.37,33.37,54.81,65.07,75.65
30.00,30.00,65.37,67.04,74.36
26.56,26.56,54.82,67.34,74.56
26.12,26.12,52.07,71.41,75.23
27.29,27.29,49.59,71.81,74.93
29.15,29.15,48.98,73.63,74.66
30.05,30.05,48.13,76.15,74.57
30.25,30.25,46.82,76.08,74.84
30.10,30.10,44.58,76.49,74.68
29.05,29.05,45.56,77.58,74.67
27.43,27.43,47.86,78.08,75.03
29.84,29.84,62.77,73.45,75.06
30.29,30.29,69.35,86.16,75.67
33.74,33.74,68.58,81.64,75.49
37.61,37.61,67.93,79.53,75.03
40.90,40.90,69.43,77.81,75.22
42.27,42.27,68.72,77.76,75.02
41.64,41.64,65.46,74.92,74.99
39.98,39.98,65.85,79.65,74.55
35.50,35.50,64.52,76.99,74.80
26.01,26.01,60.95,72.04,74.86
25.22,25.22,62.35,77.53,75.49
23.42,23.42,65.18,77.88,79.85
21.94,21.94,58.58,73.00,81.90
22.24,22.24,56.09,70.07,78.36
25.30,25.30,57.61,74.28,82.72
28.72,28.72,56.51,73.19,80.28
30.14,30.14,53.14,69.75,81.51
32.32,32.32,52.57,71.84,78.55
32.76,32.76,52.44,72.72,79.66
33.43,33.43,50.77,68.35,74.02
34.01,34.01,49.91,71.05,74.01
39.66,39.66,53.44,69.77,73.15
35.47,35.47,51.82,66.41,73.44
29.60,29.60,50.96,67.97,73.15
26.78,26.78,48.74,62.60,81.54
27.81,27.81,47.54,63.00,81.53
30.26,30.26,46.16,63.38,82.61
30.95,30.95,44.03,59.59,79.78
31.04,31.04,42.48,59.88,82.73
28.76,28.76,43.00,62.92,78.34
27.45,27.45,44.86,58.77,80.79
29.74,29.74,54.27,58.33,73.60
24.36,24.36,65.31,65.55,73.89
21.65,21.65,53.52,59.54,73.39
22.75,22.75,51.01,63.49,72.34
26.55,26.55,48.89,66.81,72.25
29.87,29.87,48.12,63.33,72.04
27.54,27.54,47.85,64.75,72.50
27.51,27.51,45.90,66.99,71.73
29.22,29.22,43.93,63.28,71.87
28.57,28.57,44.06,60.82,71.97
27.30,27.30,43.64,60.98,71.87
29.54,29.54,53.31,61.39,71.77
27.56,27.56,52.70,60.59,71.69
27.67,27.67,51.94,60.35,71.74
27.75,27.75,50.52,60.04,71.36
29.03,29.03,49.85,59.60,71.79
28.97,28.97,48.71,59.40,71.77
30.10,30.10,47.22,58.85,71.38
30.63,30.63,45.76,57.98,71.40
28.50,28.50,45.86,56.87,71.55
25.36,25.36,46.09,56.64,71.56
25.71,25.71,57.15,56.15,71.14
14.50,14.50,65.43,76.13,74.22
11.65,11.65,66.46,85.15,78.89
16.08,16.08,66.28,86.33,82.22
20.80,20.80,60.40,81.75,79.99
22.97,22.97,61.90,85.99,79.95
24.07,24.07,60.65,82.18,78.52
23.62,23.62,58.11,74.91,79.05
23.39,23.39,58.35,80.73,78.81
24.11,24.11,58.90,81.01,80.49
23.41,23.41,55.73,74.59,79.01
30.79,30.79,55.87,73.45,78.78
30.60,30.60,55.75,79.01,79.88
32.37,32.37,53.74,75.70,76.80
32.86,32.86,51.82,70.97,80.87
33.62,33.62,51.93,73.28,77.35
35.04,35.04,50.54,70.62,80.46
34.06,34.06,48.24,64.35,78.74
32.35,32.35,48.94,66.10,79.95
28.33,28.33,50.39,64.32,77.26
23.32,23.32,50.75,56.42,80.14
28.31,28.31,60.58,64.30,71.50
23.82,23.82,64.46,65.63,71.02
28.37,28.37,55.34,67.02,68.40
25.48,25.48,51.56,69.17,67.48
27.69,27.69,50.55,72.70,69.79
26.48,26.48,48.39,73.79,70.71
29.19,29.19,48.36,74.55,71.33
30.93,30.93,46.13,75.92,72.02
31.66,31.66,44.59,76.16,72.43
29.84,29.84,46.39,77.43,71.40
27.06,27.06,51.20,76.66,70.34
24.70,24.70,59.24,75.61,69.00
14.59,14.59,71.77,87.97,68.87
10.04,10.04,68.70,79.80,75.04
13.40,13.40,70.10,76.37,81.43
18.40,18.40,70.52,75.41,80.64
21.82,21.82,67.98,79.34,79.79
24.52,24.52,65.03,70.69,80.59
25.75,25.75,65.18,79.31,80.16
25.00,25.00,63.21,76.50,79.41
24.38,24.38,60.17,70.12,79.19
30.02,30.02,64.74,76.02,73.09
24.85,24.85,64.33,78.79,75.86
28.29,28.29,59.13,72.03,73.48
31.02,31.02,57.61,69.14,66.85
32.54,32.54,59.60,76.57,62.48
33.74,33.74,57.96,74.63,56.94
34.30,34.30,56.53,66.78,55.84
37.79,37.79,57.16,73.76,53.01
33.25,33.25,55.93,73.37,53.60
20.51,20.51,53.40,68.68,56.54
24.85,24.85,54.03,71.65,59.43
25.66,25.66,64.25,69.63,81.63
19.00,19.00,56.30,66.28,78.87
21.30,21.30,52.04,64.58,77.63
21.69,21.69,50.91,67.51,77.01
23.86,23.86,49.78,61.69,76.33
24.95,24.95,48.04,65.20,76.91
25.51,25.51,46.43,66.18,75.84
21.86,21.86,44.34,62.13,75.22
17.65,17.65,44.40,64.13,75.67
20.67,20.67,46.32,64.93,78.50
27.27,27.27,58.51,60.70,81.80
26.36,26.36,60.41,64.98,74.48
23.81,23.81,52.14,63.88,76.65
21.06,21.06,49.24,62.38,75.10
22.85,22.85,48.23,64.62,75.97
24.29,24.29,47.31,66.53,74.13
24.71,24.71,45.81,64.34,75.34
24.70,24.70,44.91,64.61,74.61
25.15,25.15,44.12,67.12,75.63
25.42,25.42,43.44,59.86,75.46
26.45,26.45,45.94,60.20,70.80
26.58,26.58,53.86,58.68,71.74
27.69,27.69,51.71,56.70,70.49
31.61,31.61,50.72,40.41,72.56
34.60,34.60,49.16,24.34,70.26
36.43,36.43,48.88,31.44,66.59
40.59,40.59,48.92,29.91,71.08
41.08,41.08,45.12,18.49,68.65
35.30,35.30,43.41,25.68,68.35
33.51,33.51,44.62,36.39,65.96
30.00,30.00,45.41,49.65,63.50
23.16,23.16,61.36,64.40,75.68
13.85,13.85,63.88,80.89,80.30
18.96,18.96,62.94,87.42,78.54
22.49,22.49,63.69,87.99,80.33
24.84,24.84,61.59,86.92,78.04
27.89,27.89,60.44,83.33,79.92
26.23,26.23,49.72,82.51,79.43
25.18,25.18,44.47,81.19,79.51
23.49,23.49,52.77,84.58,79.44
24.47,24.47,50.84,84.08,76.66
26.31,26.31,50.24,76.88,73.19
29.34,29.34,41.52,66.47,65.42
30.63,30.63,28.68,59.89,59.97
31.81,31.81,28.80,48.85,64.96
32.77,32.77,33.77,54.37,64.28
29.52,29.52,33.28,42.63,62.28
28.11,28.11,27.88,28.41,59.33
30.43,30.43,30.26,22.34,64.29
24.74,24.74,25.08,24.59,64.33
17.06,17.06,30.48,33.63,63.03
9.72,9.72,39.64,44.87,66.84
14.16,14.16,62.04,64.49,78.21
11.46,11.46,64.12,81.44,82.55
12.37,12.37,63.31,87.89,79.73
13.00,13.00,63.54,89.06,82.22
16.68,16.68,60.96,85.78,78.47
20.26,20.26,58.03,81.29,80.81
23.09,23.09,50.40,81.77,80.06
21.71,21.71,46.17,81.27,79.87
21.74,21.74,51.91,84.44,80.91
20.64,20.64,44.93,82.53,77.48
17.96,17.96,42.58,83.83,79.27
16.64,16.64,40.94,82.00,75.78
14.99,14.99,43.67,78.27,70.79
16.58,16.58,41.43,69.61,70.16
22.70,22.70,30.80,54.60,69.69
27.15,27.15,26.29,50.09,68.68
29.24,29.24,29.46,38.84,68.02
29.90,29.90,28.99,36.14,67.52
33.87,33.87,38.65,47.23,61.35
33.07,33.07,33.47,35.02,51.13
30.41,30.41,34.64,25.32,48.66
27.74,27.74,31.50,21.71,52.06
30.68,30.68,33.30,17.28,48.05
29.92,29.92,29.86,20.61,50.32
30.34,30.34,27.36,16.98,53.57
30.73,30.73,34.07,13.62,57.88
29.73,29.73,34.93,17.87,58.97
29.94,29.94,30.50,15.73,62.21
33.67,33.67,33.47,22.23,57.70
31.33,31.33,28.94,24.69,68.23
21.72,21.72,35.58,42.55,66.40
16.81,16.81,52.06,51.69,65.91
11.03,11.03,64.56,76.76,78.13
8.69,8.69,58.37,81.66,83.22
11.84,11.84,62.71,87.80,84.79
16.90,16.90,59.32,84.09,81.84
20.33,20.33,57.05,81.09,84.09
17.93,17.93,54.15,80.33,82.33
17.30,17.30,44.33,76.91,82.28
20.04,20.04,48.56,80.74,82.46
19.89,19.89,49.21,77.64,77.56
15.04,15.04,46.32,69.80,73.87
19.12,19.12,40.15,57.18,66.06
29.11,29.11,24.17,49.71,62.99
31.50,31.50,24.97,49.56,62.77
27.25,27.25,22.02,36.57,64.64
23.50,23.50,20.56,23.70,62.66
24.02,24.02,25.00,16.91,62.21
26.09,26.09,25.57,16.29,54.25
28.28,28.28,23.72,18.95,59.17
19.37,19.37,27.43,30.02,61.87
15.63,15.63,32.50,46.90,59.46
17.36,17.36,52.50,55.05,70.70
12.38,12.38,62.06,76.77,82.60
14.32,14.32,55.99,83.74,81.97
13.75,13.75,61.38,88.92,81.11
13.34,13.34,55.53,83.90,77.71
14.22,14.22,53.01,82.17,82.00
14.88,14.88,49.59,79.97,79.86
11.65,11.65,38.74,80.02,81.74
10.63,10.63,44.83,82.26,79.46
11.26,11.26,42.45,82.38,77.67
10.94,10.94,43.15,83.54,76.42
10.29,10.29,41.54,77.74,67.83
12.41,12.41,37.70,66.27,67.51
14.95,14.95,27.52,58.66,66.08
14.98,14.98,21.98,48.92,64.02
18.93,18.93,16.13,33.79,62.28
18.14,18.14,16.74,29.94,60.63
21.63,21.63,26.89,46.84,58.15
16.22,16.22,22.89,38.05,53.18
16.50,16.50,16.60,28.59,54.22
18.91,18.91,18.44,30.63,51.10
20.38,20.38,25.11,32.00,50.76
20.67,20.67,23.73,32.87,51.67
22.15,22.15,33.67,32.80,54.72
20.69,20.69,31.41,33.00,57.31
21.62,21.62,29.51,31.96,58.34
22.45,22.45,30.00,31.78,55.68
20.45,20.45,35.71,32.67,56.20
17.96,17.96,37.45,27.29,56.80
18.19,18.19,28.88,19.87,56.36
18.93,18.93,29.31,21.13,54.37
21.33,21.33,38.93,23.50,50.99
20.55,20.55,44.31,29.82,52.22
21.85,21.85,39.53,28.11,52.45
22.16,22.16,43.25,29.44,49.98
21.42,21.42,37.65,21.76,50.46
17.84,17.84,36.52,19.84,44.48
18.26,18.26,37.51,23.94,45.16
18.97,18.97,36.21,26.91,40.97
20.41,20.41,37.70,25.28,43.24
18.42,18.42,37.80,27.32,49.44
17.66,17.66,40.70,29.10,53.88
18.59,18.59,43.23,29.35,53.51
19.62,19.62,41.62,29.87,47.17
17.94,17.94,40.61,30.74,38.15
16.52,16.52,39.53,29.13,41.50
16.89,16.89,40.81,27.54,44.57
17.97,17.97,40.34,26.91,45.25
13.46,13.46,39.25,24.03,46.03
15.56,15.56,36.10,23.14,36.42
17.44,17.44,35.73,22.05,43.30
16.56,16.56,36.93,20.64,46.25
20.23,20.23,42.07,21.67,46.34
18.10,18.10,38.90,24.21,43.00
17.52,17.52,38.63,22.81,39.12
19.65,19.65,36.27,23.62,37.87
25.87,25.87,38.21,21.31,40.42
18.28,18.28,35.46,19.59,37.51
21.28,21.28,38.46,19.18,37.08
22.87,22.87,41.86,24.93,36.76
26.71,26.71,44.79,27.06,40.72
25.90,25.90,41.22,22.48,41.86
22.81,22.81,33.17,16.22,39.94
17.30,17.30,37.33,19.51,40.71
18.43,18.43,42.44,22.48,39.04
21.19,21.19,36.85,24.54,39.51
19.06,19.06,33.98,23.23,38.54
25.42,25.42,31.02,24.69,39.84
18.81,18.81,33.93,22.65,41.15
17.24,17.24,41.38,21.47,42.59
16.69,16.69,42.68,22.66,41.84
15.41,15.41,39.56,24.24,37.64
15.61,15.61,40.29,23.40,32.70
26.19,26.19,36.96,27.24,33.95
32.70,32.70,37.23,26.11,35.88
30.43,30.43,38.94,24.67,36.42
23.31,23.31,41.93,26.85,36.93
20.79,20.79,39.98,26.47,35.61
23.46,23.46,44.11,24.17,37.87
23.74,23.74,45.65,24.37,39.96
24.49,24.49,43.28,24.11,37.53
26.91,26.91,41.21,24.19,30.92
21.29,21.29,35.08,22.31,18.94
27.62,27.62,40.10,22.72,26.74
30.29,30.29,41.64,22.63,27.79
27.66,27.66,36.94,22.70,24.36
25.57,25.57,33.37,22.36,17.36
24.45,24.45,32.83,21.89,18.87
23.66,23.66,34.26,21.83,19.87
20.66,20.66,33.86,21.60,18.40
17.32,17.32,31.80,20.64,15.84
18.43,18.43,37.18,23.29,16.48
23.64,23.64,41.88,21.22,19.83
26.14,26.14,38.43,20.03,20.54
21.07,21.07,34.37,17.52,15.77
13.01,13.01,27.81,15.53,11.61
23.10,23.10,35.18,17.42,15.39
25.20,25.20,34.32,17.11,14.89
26.27,26.27,38.46,20.39,16.77
25.30,25.30,36.94,19.16,16.27
23.37,23.37,35.17,20.29,15.55
24.66,24.66,34.87,17.94,15.05
24.61,24.61,33.72,19.00,13.19
19.76,19.76,31.64,20.75,10.02
17.55,17.55,32.40,19.49,9.26
15.81,15.81,29.80,19.04,5.72
16.65,16.65,29.88,18.24,5.33
21.12,21.12,30.43,18.41,3.72
26.32,26.32,34.97,17.27,7.72
26.77,26.77,36.07,17.00,10.21
24.17,24.17,34.86,16.57,10.87
20.80,20.80,33.16,14.44,11.82
17.46,17.46,29.37,14.57,10.68
16.62,16.62,27.34,13.37,9.22
23.05,23.05,32.16,15.95,7.71
20.80,20.80,28.33,15.63,6.71
12.36,12.36,28.27,16.34,4.43
15.00,15.00,29.87,16.07,3.82
16.70,16.70,30.70,15.28,4.46
17.78,17.78,29.54,17.91,6.12
24.64,24.64,32.36,15.07,6.12
23.83,23.83,29.39,15.19,4.30
24.06,24.06,29.53,13.31,2.99
24.31,24.31,30.79,11.29,1.64
21.84,21.84,27.94,11.27,1.73
21.30,21.30,29.65,10.93,1.84
22.03,22.03,30.03,10.44,2.88
20.94,20.94,26.99,10.52,2.58
20.90,20.90,26.16,9.01,2.89
17.79,17.79,21.16,9.40,3.43
16.68,16.68,24.11,12.79,3.86
14.92,14.92,24.23,11.98,2.68
10.27,10.27,24.11,13.21,2.34
8.23,8.23,23.46,12.26,1.75
9.35,9.35,21.57,11.78,1.46
11.88,11.88,21.33,11.82,1.06
15.74,15.74,24.49,12.74,0.74
18.12,18.12,24.10,11.90,0.36
17.68,17.68,25.41,9.18,0.08
11.06,11.06,21.47,9.03,0.04
6.25,6.25,17.29,6.63,0.03
12.84,12.84,17.75,6.35,0.00
16.17,16.17,21.19,6.93,0.09
15.32,15.32,20.73,5.73,0.08
13.59,13.59,19.55,5.17,0.01
12.61,12.61,19.08,5.63,-0.00
9.23,9.23,17.71,6.75,0.00
4.25,4.25,17.16,5.99,-0.00
2.51,2.51,18.05,7.51,-0.00
1.72,1.72,16.99,6.60,-0.00
3.72,3.72,15.77,4.68,-0.00
6.78,6.78,15.11,4.45,-0.00
5.35,5.35,12.38,3.49,-0.00
3.07,3.07,12.08,2.21,-0.00
1.72,1.72,8.78,0.58,-0.00
3.44,3.44,8.02,0.56,-0.00
5.42,5.42,7.80,0.38,-0.00
6.38,6.38,9.61,1.12,-0.00
3.91,3.91,10.41,2.07,-0.00
3.98,3.98,9.86,1.51,-0.00
5.34,5.34,10.24,1.42,-0.00
4.33,4.33,9.59,1.01,-0.00
2.83,2.83,8.88,0.50,-0.00
3.11,3.11,9.08,0.33,-0.00
2.02,2.02,7.84,0.19,-0.00
1.35,1.35,6.69,0.03,-0.00
1.15,1.15,4.90,-0.00,-0.00
0.10,0.10,2.78,-0.00,-0.00
-0.00,-0.00,1.45,-0.00,-0.00
0.02,0.02,2.61,-0.00,-0.00
-0.00,-0.00,1.97,-0.00,-0.00
-0.00,-0.00,1.96,-0.00,-0.00
-0.00,-0.00,0.99,-0.00,-0.00
-0.00,-0.00,0.09,-0.00,-0.00
-0.00,-0.00,0.01,-0.00,-0.00
-0.00,-0.00,0.19,-0.00,-0.00
-0.00,-0.00,0.01,-0.00,-0.00
-0.00,-0.00,-0.00,-0.00,-0.00
-0.00,-0.00,-0.00,-0.00,-0.00
-0.00,-0.00,-0.00,-0.00,-0.00
-0.00,-0.00,-0.00,-0.00,-0.00
-0.00,-0.00,-0.00,-0.00,-0.00
-0.00,-0.00,-0.00,-0.00,-0.00
-0.00,-0.00,-0.00,-0.00,-0.00
-0.00,-0.00,-0.00,-0.00,-0.00
-0.00,-0.00,-0.00,-0.00,-0.00
-0.00,-0.00,-0.00,-0.00,-0.00
-0.00,-0.00,-0.00,-0.00,-0.00
-0.00,-0.00,-0.00,-0.00,-0.00
-0.00,-0.00,-0.00,-0.00,-0.00
-0.00,-0.00,-0.00,-0.00,-0.00
